dateRange,query,clicks,impressions,ctr,position
before,nr2f1 foundation,205,453,0.4525,1.1
before,bbsoas,170,1524,0.1115,1.9
before,nr2f1,168,2296,0.0732,3.3
before,bosch boonstra schaaf optic atrophy syndrome,113,936,0.1207,1.9
before,bosch-boonstra-schaaf optic atrophy syndrome,50,737,0.0678,1.8
before,nr2f1 gene mutation,41,454,0.0903,1.9
before,bbsoas symptoms,38,419,0.0907,1.6
before,bbsoas syndrome,33,460,0.0717,2.0
before,nr2f1 gene,28,617,0.0454,2.4
before,bboas,18,125,0.144,1.4
before,bbsoas life expectancy,14,164,0.0854,1.4
before,bosch boonstra schaaf,14,194,0.0722,3.4
before,nrf21,14,202,0.0693,3.2
before,bosch syndrome,10,217,0.0461,2.4
before,bosch-boonstra-schaaf syndrome,10,108,0.0926,2.1
before,bbsoa,9,171,0.0526,2.9
before,bosch-boonstra-schaaf optic atrophy syndrome (bbsoas),6,43,0.1395,1.9
before,síndrome de bosch boonstra schaaf,6,152,0.0395,3.0
before,bosch-boonstra-schaaf,5,133,0.0376,3.4
before,magdalena laugsch,5,72,0.0694,3.0
before,nr2f1 mutation,5,213,0.0235,2.5
before,trunkierende mutation,5,213,0.0235,3.8
before,what is bbsoas,5,209,0.0239,1.8
before,bosch boonstra schaaf syndrome,4,188,0.0213,3.6
before,nr2f1 disease symptoms,4,225,0.0178,2.3
before,sindrome de bosch,3,142,0.0211,3.2
before,jennifer coughlin,2,411,0.0049,6.2
before,mutazioni frameshift,2,614,0.0033,10.4
before,mutazioni puntiformi,2,995,0.002,12.8
before,nr2f1 bbsoas,2,174,0.0115,2.1
before,nr2f1 disease,2,182,0.011,8.1
before,antisense oligonucleotide (aso) therapy,1,1,1,1
before,autism spectrum disorder,1,1,1,7
before,bosch boonstra schaaf syndroom,1,12,0.0833,4.9
before,bosch-boonstra-schaaf optic atrophy syndrome symptoms,1,164,0.0061,2.4
before,dr shaw eye doctor,1,1,1,1
before,dr wassmer,1,22,0.0455,18.3
before,iliopsoas syndrome,1,3,0.3333,2.7
before,jen coughlin,1,69,0.0145,4.8
before,les types de mutations génétiques pdf,1,10,0.1,20.2
before,mutations ponctuelles,1,74,0.0135,13.1
before,mutazioni puntiformi esempi,1,35,0.0286,11.8
before,nomenclatura mutazioni genetiche,1,10,0.1,3.5
before,psoas stretch,1,1,1,2
before,psoas tendonitis symptoms,1,3,0.3333,2.7
before,rare epilepsy network,1,121,0.0083,13.1
before,variante missenso,1,62,0.0161,11.5
before,"""patient registry""",0,44,0,59.4
before,"""physiotherapist"" ""blog"" ""grief"" ""parent""",0,1,0,8
before,$23.000,0,1,0,10
before,$23k,0,79,0,5.9
before,1 seite strategischer plan,0,10,0,62.5
before,10 ejemplos de mutaciones,0,1,0,40
before,20 likes,0,1,0,43
before,3 month old sight,0,5,0,1.8
before,3 tipos de genes,0,1,0,31
before,3 tipos de mutaciones,0,1,0,63
before,3 type de mutation,0,1,0,32
before,33.33 bedeutung,0,1,0,8
before,4 aminosäuren dna,0,1,0,57
before,4 yr,0,1,0,85
before,5 ejemplos de mutaciones,0,1,0,89
before,5 mutaciones geneticas,0,2,0,53.5
before,5 puntos las pruebas geneticas suelen estar disenadas para detectar sitios de restriccion. ploidia. mutaciones del adn. proteinas aberrantes. rfpls.,0,1,0,83
before,513-636-4751,0,1,0,11
before,5136364751,0,1,0,10
before,57.14%,0,5,0,81.4
before,78691 zip code,0,1,0,59
before,[biological sample repository],0,1,0,81
before,a d n-7 1 2,0,2,0,7
before,a person very reserved in speech,0,1,0,96
before,abkürzung atg,0,1,0,60
before,acide aminé des protéines 7 lettres,0,1,0,49
before,acide messager 3 lettres,0,1,0,75
before,acide messager en 3 lettres,0,1,0,91
before,actor charly,0,1,0,51
before,adeaf epilepsy,0,1,0,43
before,adele schwanger 2025,0,2,0,11
before,adn,0,1,0,1
before,adn codant,0,1,0,79
before,adn leer,0,3,0,20.7
before,adn mutado,0,27,0,78.0
before,adn mutante,0,2,0,73.5
before,adn mutation,0,3,0,85
before,adn no codificante ejemplos,0,1,0,22
before,adn que es,0,1,0,1
before,adn sens figuré,0,1,0,22
before,adn tabla,0,1,0,64
before,adn-374,0,1,0,75
before,adyn name,0,1,0,41
before,albinism and autism,0,3,0,54.7
before,alice brookes porn,0,1,0,44
before,allele c,0,2,0,72
before,altération génétique,0,1,0,80
before,amino acid mutation notation,0,1,0,46
before,aminosäure abkürzungen,0,5,0,51.6
before,aminosäuren abkürzungen,0,1,0,61
before,aminosäuren abkürzungen tabelle,0,1,0,27
before,aminosäuren ein buchstaben code,0,1,0,50
before,amminoacidi sigle,0,4,0,21.5
before,amminoacido t,0,2,0,45.5
before,analisi di mutazione del dna,0,2,0,89.5
before,analisis de mutaciones geneticas,0,4,0,69.2
before,andrea rodas,0,1,0,1
before,andrew kurz,0,1,0,12
before,andrew longenecker,0,19,0,33.6
before,angelique prenom,0,1,0,59
before,annotation 9 lettres,0,1,0,31
before,another name for ebony,0,1,0,46
before,análisis bioinformatico,0,1,0,81
before,apraxia market,0,22,0,86.1
before,are you sassy,0,1,0,57
before,arid1b syndrome,0,1,0,1
before,arten von mutationen,0,1,0,78
before,as darragh did,0,1,0,86
before,asd 2 lebenserwartung,0,1,0,48
before,asesor clínicas,0,2,0,71.5
before,ashlee connell,0,7,0,68.9
before,atg adn,0,1,0,19
before,atg dna,0,2,0,10
before,atrophy part of speech,0,1,0,35
before,atrophy vs hypotonia,0,11,0,8.1
before,aunt sarah's chocolate fundraising,0,1,0,62
before,australia ebony,0,1,0,9
before,autism and albinism,0,1,0,38
before,autism and chakras,0,1,0,1
before,awareness days and marketing moz,0,1,0,78
before,awareness f1,0,10,0,90.2
before,aydn,0,47,0,43.0
before,babiosis tick symptoms in humans,0,3,0,1
before,baby sight at 3 weeks,0,1,0,2
before,baby's eyesight at 3 weeks old,0,1,0,2
before,bake sale bet,0,1,0,92
before,baking a difference,0,1,0,102
before,baking conference,0,1,0,76
before,bartle beetle syndrome,0,2,0,1
before,bbosas,0,1,0,2
before,bbs abbreviation medical,0,8,0,93.5
before,bbs babies,0,2,0,73.5
before,bbs brazil,0,1,0,99
before,bbs cgi,0,20,0,49.7
before,bbs cgi s,0,8,0,25.2
before,bbs medical,0,1,0,87
before,bbs shirt,0,1,0,62
before,bbs symptoms,0,44,0,45.9
before,bbs syndrom,0,4,0,79.8
before,bbs syndrome life expectancy,0,1,0,39
before,bbs t shirt,0,3,0,36
before,bbs t-shirt,0,1,0,41
before,bbs t-shirts,0,7,0,45.9
before,bbs.org,0,1,0,58
before,bbs/view.php?no=,0,1,0,57
before,bbsoas disease,0,157,0,1.9
before,bd resource group,0,1,0,67
before,behr optic atrophy,0,1,0,48
before,behr syndrome,0,8,0,57.6
before,behrs syndrome,0,8,0,62.2
before,beispiel genmutation,0,2,0,30.5
before,beispiel punktmutation,0,1,0,2
before,beispiele für mutationen,0,1,0,81
before,beispiele mutationen,0,1,0,69
before,berserk syndrome,0,1,0,1
before,best kif1a-related disorder doctors,0,1,0,52
before,best psoas muscle stretches,0,1,0,4
before,bic showcase livestream,0,15,0,41.9
before,big asthma bake sale,0,26,0,51.1
before,big baking,0,4,0,63
before,big likes,0,1,0,39
before,bina maniar,0,2,0,60
before,bioinformatics heidelberg,0,1,0,56
before,bioinformatics updates,0,1,0,62
before,biological sample repository,0,1,0,77
before,biorepositories,0,6,0,63.2
before,biorepository,0,4,0,96.5
before,blood tests,0,1,0,3
before,bloom hd,0,1,0,5
before,blosch,0,3,0,66
before,bmei epilepsy,0,1,0,1
before,boas fundraising photos,0,4,0,2
before,boch muscle,0,16,0,18.6
before,bohring-opitz syndrome,0,3,0,1
before,boo suck,0,1,0,2
before,boonstra,0,2,0,64
before,bor syndrome and autism,0,2,0,1
before,bos syndrome,0,1,0,39
before,bosch bih,0,1,0,27
before,bosch boonstra schaaf optic atrophy syndrome music,0,154,0,4.1
before,bosch eye,0,17,0,47.6
before,bosch language,0,3,0,87.3
before,bosch vision,0,9,0,34.2
before,bosch-boonstra-schaaf optic atrophy syndrome icd 10,0,7,0,7.9
before,boscx fund,0,5,0,77.4
before,bp dna,0,1,0,13
before,brian read,0,2,0,65
before,bridgespan strategic planning,0,1,0,99
before,bridgestar.org,0,1,0,92
before,brigette nelson,0,2,0,62.5
before,british epilepsy foundation,0,1,0,101
before,broader autism phenotype,0,2,0,1
before,broca's aphasia symptoms,0,5,0,1
before,brooklyn moms,0,1,0,95
before,bsoas,0,1,0,28
before,bsoas sign,0,33,0,7.1
before,bxo symptoms,0,2,0,1
before,böh nedir tıp,0,8,0,7.5
before,c lesen,0,1,0,3
before,cadena de aminoacidos,0,1,0,1
before,cadre de lecture,0,4,0,37.8
before,cadre de lecture génétique,0,4,0,24.5
before,cadre de lecture ouvert,0,3,0,51.3
before,cambio en el adn,0,2,0,42
before,cambio genético,0,3,0,68.7
before,cambios en la secuencia del adn,0,1,0,85
before,cameron boyce funeral-open casket,0,1,0,13
before,can psoas cause abdominal pain,0,1,0,3
before,can psoas cause back pain,0,1,0,3
before,can you feel psoas pain in abdomen,0,1,0,3
before,can you recommend some rare cardiac disease awareness organizations? give me pros and cons for each brand.,0,1,0,1
before,carlie,0,12,0,59.6
before,carlie beck,0,2,0,57.5
before,carlie c,0,1,0,44
before,carlie sandborn,0,1,0,16
before,carlie simon,0,1,0,56
before,cdna nomenclature,0,1,0,27
before,centimorgan dna,0,1,0,3
before,cerebral visual impairment,0,1,0,6
before,champ1 india,0,1,0,46
before,champ1 rare disease,0,31,0,93.8
before,champ1 research foundation,0,31,0,53.3
before,champ1 symptoms,0,51,0,66.7
before,changement genetique 8 lettres,0,1,0,21
before,charity baking,0,1,0,64
before,charlie chaplin foundation,0,1,0,96
before,charly 3,0,2,0,81.5
before,charly doux,0,2,0,31.5
before,charly france,0,1,0,27
before,charly human,0,1,0,82
before,charly lyon distance,0,3,0,52.7
before,charly vs charlie,0,1,0,47
before,chiavi genetiche calcolo,0,3,0,3
before,chiavi genetiche calcolo gratis,0,1,0,3
before,child bbs,0,5,0,81.2
before,chris monnier,0,1,0,88
before,chris schastok,0,33,0,4.1
before,chronic psoas pain,0,1,0,3
before,cincinnati children's epilepsy center,0,11,0,79.9
before,cincinnati children's hospital ophthalmology,0,1,0,54
before,cincinnati children's ophthalmology,0,1,0,47
before,clasificación de mutaciones genéticas,0,1,0,72
before,clasificación mutaciones genéticas tipos,0,1,0,21
before,classification des variants génétiques,0,1,0,102
before,classificazione mutazioni genetiche,0,9,0,2
before,classificazione varianti genetiche,0,2,0,79
before,cned lyon,0,1,0,55
before,cnv genetica,0,1,0,3
before,code génétique tableau,0,1,0,77
before,code génétique tableau pdf,0,16,0,47.3
before,code sonne lesen,0,2,0,77.5
before,code-sonne lesen,0,1,0,81
before,codice genetico pdf,0,1,0,73
before,codice genetico schema,0,6,0,16.5
before,codice genetico tabella,0,9,0,32
before,codigo genetico de las proteinas,0,1,0,96
before,codigo genetico tabla,0,1,0,43
before,codon atg,0,1,0,51
before,codon définition,0,1,0,99
before,codon einfach erklärt,0,1,0,59
before,codon genetik,0,1,0,80
before,codon mutation,0,1,0,11
before,codon tableau,0,3,0,46.3
before,codone di inizio,0,8,0,40.6
before,codone di inizio e di stop,0,2,0,49
before,codone di start,0,1,0,25
before,codone di stop,0,1,0,32
before,codone dna,0,4,0,39.2
before,codone genetica,0,11,0,35.7
before,codone rna,0,1,0,67
before,codoni di inizio e di stop,0,3,0,32.7
before,codons adn,0,1,0,20
before,cognable,0,1,0,57
before,combined brain,0,10,0,30
before,combined brain biorepository,0,11,0,8.5
before,combinedbrain,0,19,0,7.3
before,come si legge il dna,0,3,0,12
before,come si leggono le coordinate,0,1,0,100
before,como gen,0,3,0,37.3
before,como leer una prueba de paternidad,0,1,0,79
before,como se codifica la informacion genetica,0,1,0,14
before,como se escriben los genes,0,2,0,20
before,como se lee el adn,0,13,0,30.9
before,como se lee el codigo genetico,0,5,0,19.4
before,como se lee un gen,0,36,0,6
before,como se lee una prueba de adn,0,7,0,55.1
before,como se leen los genes,0,17,0,8.4
before,como se pronuncia simon en inglés,0,1,0,37
before,conferences,0,2,0,115
before,congenital hypertonia,0,2,0,1
before,copy number variation cosa sono,0,1,0,51
before,costeff syndrome,0,3,0,41.3
before,coughlin family,0,2,0,67.5
before,coughlin london,0,1,0,32
before,crid,0,2,0,12.5
before,crid family id,0,1,0,47
before,crid id,0,1,0,89
before,crid number,0,5,0,2.8
before,cromosomas,0,1,0,1
before,croyde triathlon results 2025,0,1,0,30
before,cuadro comparativo de las mutaciones,0,1,0,87
before,cuantos años tiene simon,0,3,0,43
before,cuantos genes tenemos,0,1,0,3
before,cure grin foundation,0,1,0,37
before,cvi characteristics,0,4,0,85.8
before,cvi children,0,1,0,1
before,cvi clinic,0,64,0,10.2
before,cvi complex,0,1,0,88
before,cvi interventions,0,1,0,73
before,cvi pdf,0,1,0,80
before,cvi phase 3,0,1,0,44
before,cvi phases,0,3,0,63
before,cvi pictures,0,1,0,86
before,cvi report,0,1,0,95
before,cvi review,0,98,0,81.3
before,cvi vision,0,1,0,89
before,cvi visual behaviors,0,12,0,10.8
before,cvi.kr,0,1,0,19
before,cviconnect.co,0,120,0,48.0
before,cviconnect.com,0,120,0,65.7
before,código genético,0,1,0,1
before,código genético en español,0,1,0,99
before,código genético tabla,0,1,0,87
before,cómo se dice oftalmólogo en inglés,0,1,0,55
before,cómo se dice sobrina en inglés,0,1,0,31
before,cómo se lee el código genético,0,8,0,54.9
before,d-bifunctional protein deficiency life expectancy,0,2,0,1
before,darragh in irish,0,3,0,61.3
before,database of rare diseases,0,3,0,91
before,de novo,0,1,0,1
before,definicion de mutacion en biologia,0,1,0,61
before,definición código genético,0,2,0,1
before,definition mutation genetique,0,1,0,65
before,definizione di mutazione genetica,0,1,0,83
before,delecion mutacion,0,7,0,59
before,deleciones genetica,0,3,0,62.7
before,deleciones significado,0,3,0,54.7
before,deletion 22 syndrome,0,1,0,1
before,deletion dna,0,1,0,101
before,delezione cromosoma 5,0,1,0,69
before,derivado de lejos,0,1,0,64
before,desgaste emocional en ingles,0,1,0,75
before,"determinar y etiquetar el tipo de mutacion en las siguientes secuencias de arnm y aminoacidos (sentido, sin sentido, silenciosa, cambio de marco) secuencia normal 5' ccggauguuccggaagucaugauu3' met-phe-arg-lys-ser mutante 4 5' ccggauguuucggaagucaugauu3 met-phe-arg-lys-ser",0,22,0,22.6
before,developmental delay,0,1,0,1
before,dhdds disorder,0,1,0,3
before,did left eye have children,0,1,0,1
before,die mutation,0,2,0,58.5
before,disco genético,0,1,0,76
before,disque optique 3 lettres,0,1,0,50
before,disque optique en 3 lettres,0,2,0,25.5
before,dna ablesen,0,1,0,65
before,dna lesen,0,1,0,11
before,dna mutation,0,4,0,30.5
before,dna mutationen,0,24,0,54.4
before,dna mutazione,0,1,0,85
before,dna mutazioni,0,3,0,83
before,dna position,0,3,0,9.3
before,dna rna vergleich tabelle,0,1,0,58
before,dna und rna vergleich tabelle,0,1,0,40
before,does epilepsy skip a generation,0,1,0,95
before,dogma central de la biología molecular,0,1,0,1
before,dopamine-beta-hydroxylase deficiency,0,1,0,1
before,dove si trova il codone,0,2,0,60
before,dr ayat,0,1,0,11
before,dr boonstra,0,1,0,82
before,dr boonstra bermuda,0,1,0,27
before,dr clement chow reviews,0,28,0,38.2
before,dr ebony yelder,0,3,0,71.3
before,dr edie watson phoenix,0,1,0,101
before,dr horning,0,1,0,72
before,dr magdalena owen,0,10,0,91.7
before,dr monnier,0,1,0,94
before,dr morgan ferruzzi family medicine,0,184,0,79.5
before,dr shah cincinnati,0,1,0,82
before,dr shah clinic,0,1,0,14
before,dr veeral,0,2,0,11.5
before,dr. wassmer,0,2,0,15
before,dr.wassmer,0,1,0,9
before,définition mutation génétique,0,32,0,60.9
before,e mutation,0,2,0,72.5
before,eating ebony,0,10,0,54.9
before,ebony boobs solo,0,1,0,43
before,ebony born,0,12,0,79.2
before,ebony but,0,1,0,54
before,ebony double blow,0,7,0,7.4
before,ebony double blowjob,0,2,0,4
before,ebony eaten out,0,1,0,9
before,ebony example,0,3,0,79.7
before,ebony gets,0,1,0,45
before,ebony head doctor,0,13,0,65.2
before,ebony head swallow,0,1,0,12
before,ebony hope,0,5,0,73.4
before,ebony licking,0,1,0,42
before,ebony living,0,1,0,72
before,ebony meet,0,3,0,75.7
before,ebony mom swallow,0,3,0,27
before,ebony old,0,2,0,69
before,ebony old and young,0,1,0,1
before,ebony old young,0,2,0,3.5
before,ebony orga,0,1,0,9
before,ebony self,0,1,0,95
before,ebony spread,0,9,0,63.3
before,ebony spreading,0,5,0,66.8
before,ebony spreads,0,9,0,67.2
before,ebony swallow,0,10,0,60.2
before,ebony swallow white,0,2,0,42.5
before,ebony swallowed,0,7,0,45
before,ebony swallowing,0,1,0,59
before,ebony virtual,0,1,0,97
before,ebony's,0,2,0,78
before,edith baking,0,1,0,4
before,edith brownies,0,1,0,41
before,edith's baking,0,1,0,11
before,edith's baking photos,0,16,0,3
before,ehrenamtlich helfen,0,1,0,9
before,ejemplo de mutacion genicas,0,1,0,99
before,ejemplo de mutaciones puntuales,0,2,0,18.5
before,ejemplos de mutaciones,0,1,0,54
before,ejemplos de mutaciones geneticas,0,1,0,49
before,ejemplos de mutaciones genéticas,0,8,0,50.8
before,ejemplos de mutaciones puntuales,0,4,0,11.8
before,el futuro tiene muchos nombres,0,1,0,23
before,electroencefalograma puerto rico,0,1,0,53
before,elettroferogramma come si legge,0,3,0,1
before,elettroforesi capillare delle sieroproteine,0,1,0,3
before,elettroforesi proteica quando preoccuparsi,0,1,0,3
before,elexoma medic,0,1,0,46
before,emma hk expose,0,1,0,10
before,emma koncious,0,1,0,37
before,en que sentido se lee el adn,0,5,0,39.4
before,enfermedad,0,1,0,6
before,epilepsia refractaria,0,2,0,1
before,epilepsy and vision loss,0,1,0,55
before,epilepsy diagnosis org,0,73,0,54.4
before,epilepsy diagnosis.org,0,5,0,46.6
before,epilepsy education materials,0,9,0,88.6
before,epilepsy fiji,0,1,0,58
before,epilepsy foundation in the philippines,0,1,0,55
before,epilepsy foundation new jersey,0,1,0,85
before,epilepsy foundation of ms,0,3,0,82
before,epilepsy foundation pakistan,0,1,0,78
before,epilepsy foundation philippines,0,1,0,52
before,epilepsy foundation reno,0,39,0,41.9
before,epilepsy foundation tax id,0,2,0,90
before,epilepsy foundation types of seizures,0,92,0,63.6
before,epilepsy foundations,0,1,0,62
before,epilepsy network,0,79,0,43.9
before,epilepsy report,0,5,0,96
before,epilepsy resources,0,13,0,80.6
before,epilepsy resources for parents,0,37,0,80.1
before,epilepsy support groups for parents,0,87,0,63.9
before,es ist hart auf etwas zu warten von dem du weißt dass es wohl nie realität wird,0,1,0,39
before,escogieron,0,1,0,58
before,esempi di mutazioni genetiche,0,19,0,36.6
before,estructura subcelular responsable de la transmisión de la información genética,0,1,0,1
before,estudio de mutaciones geneticas,0,1,0,90
before,every diagnosis,0,1,0,7
before,exemple de mutation,0,1,0,56
before,exemple de mutation génétique,0,48,0,42.4
before,f%c3%bc%c3%9flinge,0,3,0,35.7
before,f1 disease,0,1,0,37
before,f1 gene mutation,0,2,0,13.5
before,f1 manager research,0,1,0,31
before,f1 solutions huntsville,0,1,0,84
before,f1 volunteer 2023,0,1,0,50
before,f80.1 diagnosis code,0,1,0,1
before,familien symposium 2022,0,1,0,34
before,family resource group,0,1,0,42
before,family support groups,0,1,0,80
before,fattore v di leiden negativo che significa,0,1,0,20
before,fattore v leiden valori normali,0,6,0,4.7
before,faux sens mutation,0,30,0,20.9
before,faux sens non sens,0,9,0,33.2
before,faux-sens mutation,0,2,0,54
before,fbxo11 disorder,0,2,0,1
before,fbxo11 gene,0,2,0,1
before,fehlsinn mutation,0,2,0,57
before,fenotipo genotipo cromosomas y genes,0,1,0,1
before,flashing bike lights epilepsy,0,3,0,70.3
before,fluidity hd,0,2,0,8.5
before,flusso dell'informazione genetica,0,1,0,1
before,fly drug,0,1,0,13
before,fnd22,0,2,0,7
before,focal onset aware seizures,0,1,0,1
before,focal seizures,0,1,0,1
before,foster kennedy syndrome,0,14,0,1
before,foundation drive in barbuda,0,1,0,100
before,foundation registry,0,2,0,81.5
before,foxg1 syndrome,0,1,0,1
before,foxg1 syndrome adults,0,1,0,103
before,frameshif,0,1,0,11
before,frameshift,0,96,0,11.5
before,frameshift genetica,0,6,0,11
before,frameshift mutation español,0,2,0,25.5
before,frameshift mutazione,0,204,0,11.5
before,frameshift significato,0,2,0,31.5
before,frameshift-mutation,0,1,0,42
before,frameshit,0,8,0,10.5
before,framshift,0,2,0,10
before,fridge institute of human genetics,0,1,0,99
before,full service biorepository,0,21,0,89.8
before,funcion del codigo genetico,0,1,0,1
before,gag reflex meaning in nepali,0,1,0,81
before,ganancia de funcion genetica,0,2,0,62
before,gen alpha autism,0,2,0,1
before,gen cromosoma y adn,0,1,0,1
before,gen y alelo,0,2,0,1
before,gene codant,0,7,0,70.4
before,gene f,0,1,0,64
before,gene mutation,0,6,0,98.7
before,gene mutation nomenclature,0,1,0,99
before,gene mutation notation,0,2,0,43.5
before,gene notation,0,3,0,9
before,gene p,0,1,0,35
before,gene proteina,0,4,0,66.5
before,gene report,0,1,0,6
before,genes mutation,0,2,0,83
before,genetic disease foundation,0,2,0,42
before,genetic rare diseases,0,1,0,53
before,genetic services for rare disease,0,11,0,63.5
before,genetic testing for rare diseases,0,170,0,65.7
before,genetic testing for rare diseases malaysia,0,36,0,80.8
before,genetic testing rare diseases,0,4,0,60.8
before,genetica,0,3,0,1
before,genetica molecular,0,1,0,1
before,genetica schema,0,6,0,85
before,genetica simbolo,0,1,0,3
before,genetica tabla,0,12,0,41.6
before,genetik tabelle,0,2,0,72
before,genetique en 4 lettres,0,1,0,20
before,genetische mutation,0,21,0,23.8
before,genetische mutationen,0,13,0,28.1
before,genetische variante,0,5,0,12.8
before,genetische variante 6 buchstaben,0,141,0,9.1
before,genetischen,0,7,0,92.1
before,genetischer code tabelle,0,3,0,80.3
before,genitopatellar syndrome,0,1,0,1
before,genmutation beispiele,0,1,0,30
before,genmutation beschreibung,0,2,0,57.5
before,genmutation deletion,0,4,0,71.8
before,genmutation punktmutation,0,1,0,42
before,genome mutation,0,8,0,62.5
before,genotype mutation,0,3,0,42.7
before,george fahed,0,2,0,4.5
before,global alliance mozambique,0,1,0,85
before,global biorepository,0,3,0,79.7
before,global english alliance,0,1,0,91
before,global hypotonia,0,1,0,95
before,global initiatives for raising awareness about genetic diseases,0,11,0,42.1
before,global nr,0,1,0,87
before,grand opening wording,0,4,0,85
before,grandparent assistance,0,2,0,84.5
before,grandparent autism network,0,1,0,90
before,grandparent support group,0,6,0,62.5
before,grandparent support groups,0,5,0,83
before,grandparent support groups near me,0,2,0,12
before,grandparents as parents support group,0,1,0,98
before,grandparents support group,0,8,0,85.6
before,grief and resilience,0,2,0,85.5
before,grief and resilience live together,0,3,0,64
before,grief trampoline,0,1,0,41
before,grin syndrome,0,1,0,82
before,guam adult pediatric clinic,0,1,0,5
before,guias isp,0,1,0,49
before,génotype définition svt,0,1,0,1
before,génétique 4 lettres,0,1,0,19
before,génétique mutation,0,17,0,66.3
before,headcount bedeutung,0,1,0,34
before,hereditary optic atrophy market,0,4,0,58.5
before,hnrnph2 mutations,0,1,0,99
before,hoarseness meaning in sinhala,0,1,0,71
before,horning family foundation,0,1,0,12
before,houge janssens syndrome 1,0,1,0,1
before,how do you know if your psoas is tight,0,1,0,3
before,how far is florida from brooklyn,0,1,0,37
before,how old is sassy,0,11,0,17.3
before,how to diagnose psoas muscle pain,0,1,0,3
before,how to find psoas muscle,0,1,0,3
before,how to fix psoas syndrome,0,1,0,2
before,how to test psoas sign,0,3,0,3
before,https://www.francebureau-enseignement.com/how-to-identify-private-blog-networks/,0,8,0,7.4
before,hypotonia autism spectrum disorder,0,1,0,97
before,hypotonia definition medical,0,1,0,74
before,hypotonia in italiano,0,1,0,72
before,hypotonia market,0,271,0,45.0
before,hypotonia market analysis,0,7,0,49.6
before,hypotonia market share,0,41,0,41.0
before,hypotonia market trends,0,9,0,56.1
before,hypotonia symptoms,0,1,0,2
before,hypotonia vs atrophy,0,31,0,8.8
before,i from chile,0,2,0,49.5
before,i mutation,0,2,0,54
before,identidad genetica,0,1,0,1
before,ileo psoas infiammato,0,1,0,3
before,ileo psoas muscle,0,1,0,2
before,iliopsoas,0,1,0,2
before,iliopsoas muscle,0,3,0,5
before,iliopsoas tendonitis,0,1,0,2
before,iliopsoas tightness symptoms,0,1,0,3
before,iliopsois,0,1,0,3
before,impariment,0,9,0,6
before,impariment assessments,0,288,0,5.8
before,impariments,0,1,0,58
before,infantile spasmen lebenserwartung,0,1,0,24
before,informe de adn,0,1,0,72
before,informe genetico,0,104,0,9.0
before,informe sobre la genetica,0,1,0,30
before,insertion mutation example,0,1,0,63
before,interpretacion del codigo genetico,0,3,0,38.7
before,interpretacion genetica,0,8,0,63.9
before,interpretación del codigo genético,0,1,0,11
before,interpretación del código genético,0,5,0,10.2
before,interpretación genética,0,1,0,6
before,intuitive support,0,5,0,51.8
before,inurl:donate,0,1,0,54
before,is bpes caused by inbreeding,0,3,0,1
before,is epilepsy hereditary from parents,0,1,0,87
before,is optic atrophy a disability,0,12,0,8.9
before,is optic nerve hypoplasia a disability,0,1,0,52
before,is optic nerve hypoplasia considered a disability,0,1,0,44
before,jane edmond,0,2,0,71.5
before,japan epilepsy association telemedicine,0,6,0,60.7
before,japan epilepsy association west africa telemedicine,0,1,0,24
before,japan epilepsy society telemedicine west africa,0,1,0,17
before,jen conference 2024,0,10,0,72.3
before,jen terry,0,1,0,48
before,jenetica,0,1,0,1
before,jenn coughlin,0,25,0,5.6
before,jennifer ireland foundation,0,1,0,57
before,jennifer monnier,0,1,0,60
before,jennifer nord,0,1,0,41
before,jenny coughlin,0,9,0,7
before,jordan monnier,0,1,0,30
before,julio aguirre-ghiso,0,3,0,4.3
before,jump start research,0,1,0,46
before,kari kruckow,0,197,0,26.6
before,kif1a foundation,0,1,0,84
before,kyle horning,0,1,0,17
before,la ingeniería genética,0,1,0,1
before,la mutation,0,1,0,95
before,la mutation génétique,0,10,0,58.9
before,la mutazione genetica,0,2,0,101.5
before,la tabla de codigo genetico,0,1,0,75
before,language atrophy,0,9,0,10.9
before,las guías,0,2,0,10
before,lbd abkürzung,0,1,0,59
before,le mutazioni geniche,0,1,0,68
before,le mutazioni puntiformi,0,3,0,14
before,le varianti del test genetico possono essere classificate in 5 classi,0,1,0,3
before,lectura del adn,0,4,0,28.5
before,leer c,0,2,0,59
before,les mutations ponctuelles,0,12,0,11.9
before,les types de mutations génétiques,0,1,0,79
before,lettere aminoacidi,0,7,0,71.3
before,licking ebony,0,2,0,36.5
before,life with epilepsy blog,0,1,0,143
before,light box for cvi,0,3,0,48
before,lire tableau code génétique,0,3,0,20
before,lista de mutaciones,0,2,0,66.5
before,little bear sees,0,1,0,20
before,little bears see,0,41,0,18.4
before,lives of brian read online,0,1,0,46
before,living with optic atrophy,0,4,0,78
before,local guide program,0,2,0,1
before,loh genetica,0,1,0,3
before,low muscle tone in spanish,0,1,0,26
before,low muscle tone newborn,0,1,0,97
before,lower back pain psoas,0,1,0,3
before,magdalena grant,0,3,0,1
before,magdalena lao,0,1,0,2
before,mailchimpapp.net,0,2,0,89.5
before,makaton worm,0,2,0,76.5
before,malignant psoas syndrome,0,3,0,2
before,malissa feruzzi first husband,0,2,0,37.5
before,marbach schaaf syndrome,0,2,0,47.5
before,marbach-schaaf neurodevelopmental syndrome,0,1,0,42
before,marbach-schaaf syndrome,0,4,0,46.2
before,marco de lectura,0,12,0,44.3
before,marco de lectura abierto,0,3,0,54.7
before,marco de lectura adn,0,1,0,19
before,marco de lectura del adn,0,2,0,29
before,massive tits on 18 year old ebony,0,1,0,17
before,matching grant,0,2,0,6.5
before,me gusta lo difícil porque lo fácil cualquiera lo tiene,0,1,0,40
before,medical intuitive florida,0,30,0,59.6
before,meet simon,0,6,0,7.8
before,meet6,0,1,0,33
before,mejor neurologo del mundo,0,1,0,82
before,melissa thelen,0,1,0,18
before,million dollar bike,0,1,0,82
before,million dollar bike ride,0,30,0,44.6
before,million dollar bike ride 2025,0,1,0,48
before,million dollar bike ride philadelphia,0,2,0,42
before,million dollar ride,0,3,0,62
before,missense mutation einfach erklärt,0,1,0,33
before,missense mutation nonsense mutation,0,1,0,67
before,missense nonsense mutation,0,1,0,57
before,missense und nonsense mutation,0,1,0,54
before,missenso,0,1,0,25
before,missenso mutazione,0,6,0,36
before,mlpa genetica,0,1,0,2
before,moderate intellectual disability,0,2,0,1
before,modificazioni genetiche,0,32,0,85.7
before,modifiche genetiche,0,9,0,76.9
before,most sassy,0,1,0,28
before,mri psoas muscle,0,1,0,3
before,muscle psoas,0,1,0,2
before,muscle psoas inflammation,0,1,0,4
before,muscles around hip and lower back,0,1,0,3
before,muscles back hip,0,1,0,2
before,mutacion,0,1,0,1
before,mutacion adn,0,7,0,57.3
before,mutacion cambio de sentido,0,3,0,34
before,mutacion con cambio de sentido,0,9,0,23.4
before,mutacion con sentido,0,1,0,37
before,mutacion de adn,0,1,0,55
before,mutacion de cambio de sentido,0,15,0,32.1
before,mutacion de delecion,0,5,0,62
before,mutacion del adn,0,12,0,57.3
before,mutacion delecion,0,12,0,56.8
before,mutacion en el adn,0,2,0,62.5
before,mutacion en un gen,0,2,0,85.5
before,mutacion genetica ejemplo,0,1,0,96
before,mutacion genetica ejemplos,0,2,0,46.5
before,mutacion geneticas,0,1,0,101
before,mutacion genética ejemplo,0,3,0,53
before,mutacion genética o puntual,0,5,0,46.8
before,mutacion missense,0,4,0,62.2
before,mutacion nonsense,0,4,0,30.5
before,mutacion por delecion,0,3,0,73
before,mutacion por deleción,0,2,0,73.5
before,mutacion puntual,0,62,0,43.2
before,mutacion puntual ejemplo,0,4,0,36.5
before,mutacion puntuales,0,2,0,79
before,mutacion sin sentido,0,54,0,35.1
before,mutaciones con cambio de sentido,0,3,0,33.3
before,mutaciones de cambio de sentido,0,6,0,34.8
before,mutaciones de deleción,0,1,0,57
before,mutaciones del codigo genetico,0,1,0,48
before,mutaciones delecion,0,8,0,59
before,mutaciones deleciones,0,3,0,75.3
before,mutaciones dna,0,8,0,92.5
before,mutaciones en el codigo genetico,0,1,0,28
before,mutaciones frameshift,0,7,0,17.7
before,mutaciones genetica,0,22,0,56.5
before,mutaciones geneticas,0,1,0,55
before,mutaciones geneticas ejemplo,0,3,0,59.3
before,mutaciones geneticas ejemplos,0,31,0,50.6
before,mutaciones geneticas o puntuales,0,5,0,63.8
before,mutaciones geneticas pdf,0,8,0,35.4
before,mutaciones genicas o puntuales,0,25,0,35.1
before,mutaciones genética ejemplos,0,2,0,69.5
before,mutaciones genéticas ejemplos,0,22,0,42.6
before,mutaciones genéticas o puntuales,0,12,0,30.7
before,mutaciones genéticas pdf,0,3,0,27.3
before,mutaciones genéticas tipos y ejemplos,0,2,0,80.5
before,mutaciones génicas ejemplos,0,1,0,44
before,mutaciones génicas o puntuales,0,10,0,40.1
before,mutaciones missense y nonsense,0,4,0,35
before,mutaciones nonsense,0,15,0,16.9
before,mutaciones pdf,0,6,0,39.2
before,mutaciones puntuales,0,94,0,50.0
before,mutaciones puntuales ejemplos,0,7,0,9.7
before,mutaciones sin sentido,0,15,0,34.9
before,mutaciones sin sentido ejemplos,0,1,0,34
before,mutación cambio de sentido ejemplo,0,1,0,33
before,mutación con cambio de sentido,0,1,0,43
before,mutación de cambio de sentido,0,2,0,28.5
before,mutación del adn,0,1,0,63
before,mutación frameshift,0,11,0,16.5
before,mutación genomica,0,19,0,61.9
before,mutación genética,0,1,0,1
before,mutación genética ejemplos,0,1,0,54
before,mutación missense y nonsense,0,3,0,53.7
before,mutación nonsense,0,2,0,39
before,mutación por deleción,0,2,0,65
before,mutación por deleción ejemplos,0,1,0,88
before,mutación puntual,0,11,0,50.5
before,mutación puntual ejemplo,0,2,0,19
before,mutación puntual ejemplos,0,2,0,34.5
before,mutación sin sentido,0,24,0,35.5
before,mutación sin sentido ejemplos,0,1,0,8
before,mutation 3,0,1,0,51
before,mutation adn,0,2,0,52.5
before,mutation annotation,0,2,0,7.5
before,mutation arten,0,1,0,90
before,mutation bedeutung,0,2,0,46.5
before,mutation beispiel,0,5,0,36.6
before,mutation beispiele,0,2,0,46.5
before,mutation c,0,9,0,8.2
before,mutation code,0,1,0,11
before,mutation d'un gène,0,1,0,49
before,mutation dna,0,1,0,33
before,mutation faux sens,0,222,0,26.2
before,mutation faux sens et non sens,0,32,0,16.5
before,mutation faux-sens,0,41,0,31.3
before,mutation folgen,0,1,0,73
before,mutation gen,0,1,0,63
before,mutation gene,0,5,0,66.8
before,mutation genetique,0,3,0,17
before,mutation gène,0,23,0,71.4
before,mutation génique,0,12,0,64.7
before,mutation génomique,0,3,0,72
before,mutation génétique,0,80,0,44.0
before,mutation génétique définition,0,11,0,71.2
before,mutation génétique exemple,0,6,0,28.8
before,mutation génétique ponctuelle,0,1,0,12
before,mutation génétiques,0,4,0,48.2
before,mutation in protein,0,2,0,39.5
before,mutation neutre,0,1,0,68
before,mutation nomenclature,0,10,0,62
before,mutation non sens,0,48,0,38.6
before,mutation non sens et faux sens,0,30,0,14.3
before,mutation non-sens,0,7,0,40.3
before,mutation non-sens faux-sens,0,24,0,18.4
before,mutation notation,0,76,0,46.8
before,mutation par délétion,0,6,0,47.2
before,mutation pdf,0,5,0,41.8
before,mutation ponctuel,0,3,0,42
before,mutation ponctuelle,0,97,0,34.6
before,mutation ponctuelle définition,0,13,0,21.8
before,mutation protein,0,11,0,11.6
before,mutation report,0,1,0,4
before,mutation silencieuse,0,16,0,49.1
before,mutation tronquante,0,84,0,3.9
before,mutation type,0,4,0,49.2
before,mutationen,0,1,0,36
before,mutationen bedeutung,0,1,0,41
before,mutationen einfach erklärt,0,3,0,68.3
before,mutationen erklärung,0,1,0,88
before,mutationen übersicht,0,1,0,87
before,mutations arten,0,2,0,82.5
before,mutations faux sens,0,18,0,26.6
before,mutations génétiques,0,2,0,51
before,mutations génétiques définition,0,1,0,44
before,mutations non sens,0,1,0,55
before,mutationsarten,0,34,0,50.6
before,mutationsarten genetik,0,1,0,49
before,mutationsarten punktmutation,0,1,0,57
before,mutationsarten tabelle,0,2,0,28
before,mutazione,0,23,0,1.2
before,mutazione con perdita di funzione,0,3,0,54
before,mutazione del dna,0,3,0,32
before,mutazione del gene,0,1,0,59
before,mutazione di senso,0,2,0,49.5
before,mutazione frame shift,0,5,0,12.4
before,mutazione frameshift,0,648,0,10.9
before,mutazione frameshift esempio,0,3,0,7.3
before,mutazione genetica,0,1,0,1
before,mutazione genetica esempi,0,34,0,36.6
before,mutazione genetica puntiforme,0,5,0,22.4
before,mutazione missense,0,12,0,38.9
before,mutazione missenso,0,178,0,30.8
before,mutazione missenso e non senso,0,27,0,12.5
before,mutazione missenso esempio,0,36,0,10.1
before,mutazione missenso significato,0,11,0,38
before,mutazione non senso,0,78,0,31.0
before,mutazione non senso e missenso,0,8,0,17.8
before,mutazione nonsense,0,3,0,67.3
before,mutazione nonsenso,0,6,0,19.2
before,mutazione pai-1 eterozigote,0,1,0,2
before,mutazione puntiforme,0,326,0,12.1
before,mutazione puntiforme esempio,0,16,0,10.6
before,mutazioni,0,1,0,75
before,mutazioni con perdita di funzione,0,1,0,50
before,mutazioni del dna,0,1,0,53
before,mutazioni di senso,0,2,0,47.5
before,mutazioni frame shift,0,42,0,12.1
before,mutazioni genetiche,0,1,0,43
before,mutazioni genetiche esempi,0,62,0,23.3
before,mutazioni genetiche foto,0,1,0,98
before,mutazioni genetiche mappa concettuale,0,4,0,29.2
before,mutazioni genetiche pdf,0,27,0,14.6
before,mutazioni genetiche puntiformi,0,4,0,14.8
before,mutazioni genetiche schema,0,15,0,9.5
before,mutazioni genetiche spiegazione facile,0,1,0,3
before,mutazioni genetiche spiegazione semplice,0,1,0,76
before,mutazioni genetiche tipi,0,2,0,58.5
before,mutazioni genetiche vantaggiose esempi,0,1,0,40
before,mutazioni geniche esempi,0,13,0,55.5
before,mutazioni geniche puntiformi,0,2,0,28.5
before,mutazioni genomiche esempi,0,1,0,71
before,mutazioni missense,0,18,0,40
before,mutazioni missenso,0,113,0,21.9
before,mutazioni missenso e non senso,0,43,0,11.7
before,mutazioni non senso,0,71,0,33.7
before,mutazioni nonsenso,0,2,0,14.5
before,mutazioni pdf,0,5,0,20
before,mutazioni puntiforme,0,3,0,12
before,mutazioni puntiformi quali sono,0,4,0,30.8
before,mutazioni puntiformi tipi,0,1,0,19
before,mutazioni silenti missenso e non senso,0,1,0,36
before,mutiertes gen,0,3,0,72.3
before,mutuacion puntual,0,3,0,46
before,my daughter's 56 year old teacher,0,3,0,6.3
before,myoclonic seizures,0,2,0,1
before,nablus condition,0,1,0,1
before,nafus,0,4,0,7.5
before,national epilepsy foundation,0,1,0,52
before,national organization for rare disorders,0,1,0,1
before,national organization of rare disorders,0,1,0,12
before,nesrine bennaceur,0,2,0,60.5
before,neurologo chile,0,1,0,88
before,new parent support group,0,7,0,73
before,nicolaides-baraitser syndrome symptoms,0,3,0,1
before,nivel molecular,0,1,0,1
before,noam brown,0,1,0,1
before,nocturnal seizures,0,1,0,1
before,nombres de niño chile,0,1,0,42
before,nomenclatura aminoacidi,0,1,0,92
before,nomenclatura de mutaciones,0,137,0,9.4
before,nomenclatura genetica,0,25,0,50.5
before,nomenclatura genética,0,32,0,56.2
before,nomenclatura mutaciones,0,146,0,12.3
before,nomenclature mutation,0,1,0,100
before,nomenclature mutation génétique,0,122,0,58.5
before,non sens mutation,0,1,0,52
before,nonsens mutation,0,1,0,29
before,nonsense genetica,0,1,0,32
before,nonsense mutation beispiel,0,11,0,23.6
before,nonsense mutation folgen,0,7,0,42.1
before,nonsense mutationen,0,9,0,67.1
before,nonsense variante,0,9,0,10.1
before,nonsense-mutation,0,1,0,51
before,nord 2024,0,1,0,51
before,nord conference,0,1,0,51
before,nord guide to rare disorders,0,5,0,91.6
before,nord national organization for rare disorders,0,1,0,13
before,nord rare disease,0,1,0,9
before,nord rare disease database,0,1,0,49
before,nord rare disorders,0,1,0,10
before,nord scientific symposium,0,2,0,52.5
before,notacion genetica,0,2,0,11
before,nr a,0,1,0,1
before,nr foundation,0,3,0,32.7
before,nr1h2 gene,0,1,0,5
before,nr2,0,161,0,59.3
before,nr2 norwich,0,1,0,77
before,nr2f,0,2,0,18
before,nr2f1 antibody,0,127,0,90.2
before,nr2f1 bosch boonstra schaaf optic atrophy syndrome,0,157,0,2.4
before,nr2f1 gene function,0,23,0,3.1
before,nr2f1 gene variant,0,168,0,5.3
before,nr2f1 optic nerve hypoplasia white matter,0,8,0,2.2
before,nr2f1 variant,0,165,0,3.8
before,nr2f2 gene mutation,0,3,0,17.3
before,nrfs,0,2,0,83
before,nrsp epilepsy,0,1,0,43
before,ntf1,0,2,0,61
before,number of rare diseases,0,1,0,57
before,oas syndrom,0,1,0,32
before,obsoas,0,1,0,4
before,odc funding,0,1,0,98
before,old ebony blowjob,0,1,0,2
before,onh visual impairment,0,1,0,64
before,ophthalmoscope definition,0,4,0,1.5
before,opposite of sassy,0,1,0,36
before,optic atrophy definition,0,1,0,74
before,optic atrophy diagram,0,2,0,62.5
before,optic atrophy meaning,0,1,0,52
before,optic atrophy syndrome,0,1,0,13
before,optic atropy market,0,1,0,71
before,optic nerve atrophy,0,1,0,9
before,optic nerve hypoplasia visually impaired,0,21,0,92.5
before,optic neuropathy,0,1,0,10
before,optic vision,0,1,0,64
before,optical epilepsy,0,48,0,41
before,opticus atrofie,0,1,0,22
before,optique infantile,0,1,0,70
before,optisk nerve,0,32,0,83.8
before,orf génétique,0,4,0,84.2
before,orphan diease markets,0,37,0,49.0
before,orphan disease database,0,89,0,73.5
before,orphan disease network,0,9,0,97.1
before,pai 1,0,1,0,2
before,pai 1 4g 5g,0,2,0,2
before,pai 1 4g 5g cosa significa,0,1,0,3
before,pai 1 4g/4g,0,1,0,3
before,pai-1 4g/4g cosa significa,0,2,0,3
before,pai-1 4g/5g cosa significa,0,1,0,3
before,para que sirve el adn,0,1,0,1
before,parent of child with epilepsy blog,0,1,0,116
before,parent support groups,0,5,0,78.4
before,"parenting advice and support groups, india",0,27,0,82.0
before,"parenting advice and support groups, nigeria",0,9,0,62.7
before,"parenting advice and support groups, pakistan",0,5,0,93.6
before,parenting support group,0,2,0,52.5
before,partes de la estructura del adn,0,1,0,1
before,pas l'adn 3 lettres,0,1,0,97
before,patient navigator,0,1,0,10
before,patient registry,0,3,0,80
before,patient registry vendors,0,1,0,88
before,pediatric epilepsy foundation,0,1,0,59
before,pediatric eye doctor cincinnati,0,1,0,73
before,pediatric ophthalmologist cincinnati,0,1,0,50
before,peeping musicians app,0,1,0,76
before,pequeño gran simon,0,1,0,41
before,phenotype sklep,0,5,0,36.2
before,poland syndrome awareness day,0,2,0,2
before,porque es conocido chile,0,1,0,67
before,positive psoas sign,0,2,0,2
before,pregnancy support groups online,0,3,0,3
before,prevalence of rare diseases,0,4,0,48.8
before,pro.cviconnect,0,109,0,73.0
before,pro.cviconnect.co,0,132,0,56.9
before,pro.cviconnect.com,0,126,0,64.4
before,procesos de transcripción y traducción,0,1,0,2
before,pronounce psoas syndrome,0,1,0,3
before,protein genetik,0,1,0,37
before,protein mutation,0,15,0,11
before,proteina tronca,0,5,0,1.6
before,proteinsequenz,0,4,0,77.2
before,protéine tronquée,0,3,0,62.3
before,prénom charlie,0,1,0,28
before,psoa,0,2,0,3
before,psoas,0,1,0,3
before,psoas abscess,0,5,0,2
before,psoas abscess sign,0,1,0,3
before,psoas abscess symptoms,0,1,0,3
before,psoas bursitis,0,1,0,2
before,psoas fight or flight,0,1,0,3
before,psoas hip pain,0,1,0,3
before,psoas infection,0,1,0,2
before,psoas inflammation symptoms,0,1,0,3
before,psoas lower back pain,0,1,0,3
before,psoas major,0,1,0,3
before,psoas major action,0,1,0,3
before,psoas major muscle,0,2,0,2.5
before,psoas major muscle strain,0,1,0,3
before,psoas major pain,0,1,0,3
before,psoas major pain symptoms,0,1,0,3
before,psoas minor,0,1,0,3
before,psoas mri,0,1,0,2
before,psoas muscle,0,52,0,2.4
before,psoas muscle anatomy,0,1,0,3
before,psoas muscle and anxiety,0,1,0,3
before,psoas muscle cancer symptoms,0,15,0,2.7
before,psoas muscle infection,0,1,0,3
before,psoas muscle inflammation,0,1,0,2
before,psoas muscle injury,0,1,0,3
before,psoas muscle pain,0,9,0,2.4
before,psoas muscle pain abdomen,0,2,0,3.5
before,psoas muscle pain causes,0,1,0,3
before,psoas muscle pain location,0,1,0,13
before,psoas muscle pain pattern,0,1,0,3
before,psoas muscle pain symptoms,0,6,0,4.5
before,psoas muscle strain,0,4,0,2.5
before,psoas muscle stress,0,1,0,3
before,psoas muscle stretches,0,1,0,3
before,psoas muscle symptoms,0,4,0,3
before,psoas muscle syndrome,0,2,0,3
before,psoas muscles pain,0,1,0,2
before,psoas nerve,0,1,0,3
before,psoas pain,0,2,0,2
before,psoas pain location,0,2,0,8
before,psoas pain pattern,0,1,0,3
before,psoas shadow,0,2,0,1
before,psoas sign,0,10,0,3.7
before,psoas sign appendicitis,0,2,0,3
before,psoas sign indicates,0,1,0,2
before,psoas sign medical definition diagnosis,0,5,0,2.8
before,psoas sign radiology,0,1,0,3
before,psoas signs,0,1,0,2
before,psoas spasm,0,2,0,3
before,psoas strain,0,1,0,3
before,psoas strengthening,0,1,0,3
before,psoas stretches,0,1,0,4
before,psoas syndrom,0,1,0,3
before,psoas syndrome,0,59,0,2.5
before,psoas syndrome causes,0,1,0,3
before,psoas syndrome icd 10,0,1,0,3
before,psoas syndrome nhs,0,1,0,3
before,psoas syndrome symptoms,0,15,0,2.7
before,psoas syndrome test,0,18,0,2.8
before,psoas tear symptoms,0,1,0,3
before,psoas tendon,0,2,0,3
before,psoas tendonitis,0,2,0,2.5
before,psoas test,0,1,0,2
before,psoas tight symptoms,0,1,0,3
before,psoras muscle,0,1,0,3
before,pulled psoas muscle,0,1,0,3
before,punktmutation,0,1,0,96
before,punktmutation arten,0,1,0,60
before,punktmutation beispiel,0,42,0,27.8
before,punktmutation beispiele,0,33,0,32.5
before,punktmutation einfach erklärt,0,6,0,21.7
before,punktmutation erklärung,0,2,0,42
before,punktmutation folgen,0,1,0,44
before,punktmutation missense mutation,0,7,0,26.4
before,punktmutationen,0,1,0,99
before,pyelonephritis,0,1,0,13
before,que es adn,0,1,0,1
before,que es el adn,0,3,0,1
before,que es el adn?,0,1,0,1
before,que es mutacion,0,1,0,1
before,que es mutacion puntual,0,1,0,52
before,que es un exon,0,1,0,1
before,que es un f1 en genética,0,1,0,96
before,que es un gen,0,1,0,2
before,que es una delecion genetica,0,2,0,64.5
before,que es una mutacion puntual,0,1,0,20
before,que es una mutación puntual,0,1,0,48
before,"que es una varinate genetica , que tipos de variantes hay y dame una explicacion sobre cada uno de los polimorfismos y mutaciones",0,1,0,102
before,que son las mutaciones puntuales,0,6,0,50.2
before,que son mutaciones puntuales,0,2,0,33.5
before,que tipo de mutacion implicaria la sustitucion de una base de nucleotido por otra? adn (punto) insercion supresion lectura por desplazamiento del marco de lectura,0,1,0,48
before,quels sont les 3 types de mutations,0,1,0,71
before,qué es el adn,0,2,0,1
before,qué es el código genético,0,5,0,1
before,qué es la alteración genética,0,1,0,1
before,qué es la síntesis de proteínas,0,2,0,1
before,qué es una mutación puntual,0,2,0,43.5
before,rare disease communities,0,1,0,74
before,rare disease data,0,1,0,101
before,rare disease genetic services,0,42,0,45.1
before,rare disease genetic testing market,0,197,0,52.9
before,rare disease genetic testing market report,0,84,0,57.0
before,rare disease prevalence,0,3,0,55.7
before,rare disease report,0,163,0,35.0
before,rare disease statistics,0,89,0,54.6
before,rare disease testing,0,7,0,69.3
before,rare diseases foundation,0,1,0,87
before,rare diseases genetic testing,0,84,0,85.2
before,rare diseases prevalence,0,1,0,62
before,rare diseases statistics,0,2,0,65
before,rare disorders canada,0,1,0,70
before,rare epilepsy,0,163,0,54.3
before,rare epilepsy disorder symptoms,0,1,0,74
before,rare find foundation,0,1,0,75
before,rare foundations,0,5,0,73.8
before,rare genetic screening,0,2,0,93.5
before,rare seizure disorders,0,26,0,80.7
before,rarest blood groups in the world,0,4,0,1
before,rechme,0,1,0,65
before,ren charly,0,3,0,73.7
before,renal and psoas shadows are obscured,0,1,0,3
before,replicacion transcripcion y traduccion,0,1,0,1
before,researchid,0,6,0,15.5
before,resultat mutation,0,15,0,19.3
before,right fundus,0,1,0,1
before,rna mutation,0,2,0,41.5
before,road syndroom,0,2,0,91.5
before,s_boab,0,5,0,8.4
before,sabes que me gustas mucho y te lo he demostrado,0,1,0,57
before,saint darragh,0,1,0,40
before,sanath kumar ramesh,0,1,0,86
before,sarah baking,0,1,0,75
before,sarah poliquin,0,17,0,8.9
before,sarah schaaf md,0,1,0,70
before,sassiness in french,0,1,0,52
before,sassy 6,0,1,0,36
before,sassy baby meaning,0,1,0,54
before,sassy opposite,0,1,0,32
before,satb1 syndrome,0,1,0,56
before,satb2 syndrome,0,1,0,1
before,schaaf yang syndrome treatment market,0,3,0,74.7
before,schema mutazioni genetiche,0,20,0,6.7
before,schinzel-giedion syndrome foundation,0,1,0,30
before,schinzel-giedion syndrome market,0,31,0,24.7
before,scientific ad sponsorship,0,6,0,96.3
before,secuencia aminoacidos,0,2,0,98
before,secuencia codificante,0,1,0,10
before,secuencia de aminoacidos del adn,0,1,0,72
before,secuencia de genes,0,1,0,1
before,secuencia de un gen,0,2,0,92.5
before,secuencia del adn,0,1,0,1
before,secuenciacion de aminoacidos,0,3,0,82.7
before,seeing 636,0,1,0,2
before,seizure disorders in children support,0,1,0,69
before,sequenz beispiel,0,1,0,99
before,sequenza genetica,0,1,0,83
before,setd1b support group,0,8,0,10.5
before,sgs stephens,0,1,0,88
before,she is determined meaning,0,1,0,45
before,shortened psoas symptoms,0,1,0,2
before,sichere zahlungsplattform,0,2,0,83
before,sigle amminoacidi,0,13,0,20.8
before,signs of psoas abscess,0,1,0,3
before,simon,0,1,0,1
before,simon chile,0,9,0,6.1
before,simon que si,0,1,0,58
before,simply intuitive,0,5,0,77
before,sindrome de atrofia optica de bosch boonstra schaaf,0,35,0,2.9
before,sindrome de bosna,0,1,0,11
before,sindrome di dravet genetica,0,1,0,2
before,sindrome di dravet mortalità,0,2,0,3
before,sindrome di dravet sintomi,0,1,0,2
before,snijders blok campeau syndrome,0,2,0,1
before,social atrophy definition,0,1,0,102
before,spectrum optic,0,1,0,85
before,speech and language impairment,0,1,0,15
before,speech language impairment,0,1,0,2
before,speech or language impairment,0,302,0,16.0
before,speech/language impairment,0,1,0,16
before,spenden für kinder mit seltenen krankheiten,0,6,0,76.7
before,sr2f1,0,1,0,51
before,startcodon,0,1,0,49
before,startcodon atg,0,23,0,9.5
before,startcodon dna,0,8,0,12.8
before,steph krankheit,0,1,0,1
before,stop codon aminosäure,0,3,0,92.3
before,stop codon dna,0,1,0,47
before,stop codon mutation,0,1,0,19
before,stop codone,0,1,0,33
before,strained psoas muscle,0,1,0,3
before,strategic planning foundations [author] videos,0,6,0,43.5
before,strategic planning foundations videos,0,2,0,91.5
before,strategic planning meeting,0,1,0,2
before,strategischer plan,0,33,0,86.2
before,strengthen psoas muscle,0,1,0,3
before,studer conference,0,1,0,50
before,studer conference 2024,0,28,0,68.0
before,stumme mutation,0,8,0,50.8
before,stumme mutation beispiel,0,10,0,37.9
before,stxbp1 foundation,0,8,0,35.8
before,suck in boo boo hole,0,1,0,20
before,support for parents of children with epilepsy,0,24,0,87.3
before,support for parents with epilepsy,0,1,0,76
before,support group guidelines,0,2,0,1
before,support groups for new parents,0,1,0,101
before,susanne wassmer,0,2,0,1
before,susie coughlin,0,2,0,6.5
before,swallowing ebony,0,2,0,59
before,swassy meet,0,2,0,8
before,symptoms of psoas syndrome,0,1,0,3
before,symptoms video,0,1,0,65
before,syndrome autism,0,2,0,1
before,syndrome de bosch boonstra schaaf,0,26,0,5.7
before,syngap1 foundation,0,1,0,55
before,séquence génétique définition,0,1,0,50
before,síndrome de atrofia óptica de bosch-boonstra-schaaf,0,5,0,5.8
before,t shirt bbs,0,2,0,59.5
before,tabella amminoacidi codoni,0,2,0,36.5
before,tabella codice genetico,0,10,0,30.1
before,tabella codoni amminoacidi,0,2,0,25
before,tabella del codice genetico,0,5,0,34.6
before,tabella genetica,0,3,0,22.7
before,tabla adn y arn,0,1,0,84
before,tabla aminoacidos arn,0,2,0,80.5
before,tabla de adn,0,7,0,25.4
before,tabla de aminoacidos adn,0,3,0,41.3
before,tabla de codigo genetico,0,1,0,59
before,tabla de codon,0,2,0,84.5
before,tabla de codones del adn,0,3,0,82.7
before,tabla de código genetico,0,11,0,84.5
before,tabla de código genético en español,0,1,0,37
before,tabla de genetica,0,16,0,22.1
before,tabla de genética,0,4,0,42.8
before,tabla del adn,0,1,0,30
before,tabla del codigo genetico,0,1,0,43
before,tabla del codigo genético,0,2,0,51
before,tabla genetica,0,112,0,15.4
before,tabla genética,0,4,0,13.5
before,tablas de codigo genetico,0,3,0,73
before,tablas de genetica,0,8,0,74.4
before,tableau adn,0,22,0,83.3
before,tableau code génétique,0,6,0,62.2
before,tableau code génétique pdf,0,2,0,62
before,tableau codon,0,15,0,43.6
before,tableau codons,0,4,0,72
before,tableau de codon,0,3,0,33
before,tableau de genetique,0,1,0,8
before,tableau du code génétique,0,6,0,61.2
before,tableau du code génétique pdf,0,2,0,48.5
before,tableau genetique,0,13,0,26.2
before,tableau génétique,0,49,0,23.5
before,tap n see now app,0,1,0,43
before,tap-n-see now,0,4,0,18.2
before,tasa de mutacion,0,9,0,61.4
before,tasa de mutación,0,2,0,61.5
before,tbr1 syndrome,0,1,0,1
before,terry nord,0,1,0,57
before,terry schwartz md,0,1,0,93
before,the epilepsy foundation,0,1,0,64
before,the epilepsy network,0,73,0,51.2
before,the foundation blog,0,1,0,222
before,the genics blog,0,1,0,162
before,the psoas major acts to,0,1,0,3
before,the psoas muscle,0,1,0,3
before,thomas test,0,1,0,3
before,thomas test positive,0,1,0,2
before,tight psoas symptoms,0,3,0,2.3
before,tim coughlin,0,1,0,97
before,timothy coughlin,0,1,0,1
before,timothy thelen,0,1,0,68
before,tipi di mutazione,0,1,0,46
before,tipi di mutazioni,0,4,0,43.2
before,tipi di mutazioni genetiche,0,17,0,29.8
before,tipi di mutazioni puntiformi,0,4,0,14.2
before,tipo mutacion sin sentido egfr,0,44,0,48.5
before,tipos de adn,0,2,0,1
before,tipos de deleciones,0,1,0,72
before,tipos de mutaciones en adn,0,8,0,14.8
before,tipos de mutaciones genéticas,0,1,0,67
before,tipos de mutaciones pdf,0,3,0,54
before,tipos de mutaciones puntuales,0,29,0,22.3
before,tipos de variantes genéticas,0,1,0,44
before,tipos mutaciones genéticas clasificación,0,8,0,13.8
before,torn psoas muscle,0,1,0,3
before,traduccion del adn,0,1,0,1
before,transcripción y traducción del adn,0,1,0,1
before,transposition mutation,0,3,0,67
before,tronquant 9 lettres,0,1,0,22
before,tronquant en 9 lettres,0,1,0,17
before,trunkierend,0,81,0,5.9
before,trunkiertes protein,0,1,0,17
before,träger der erbinformation abkürzung,0,1,0,74
before,tubb2a mutation,0,1,0,1
before,two ebony,0,1,0,66
before,type de mutation,0,5,0,38.8
before,type de mutation génétique,0,23,0,36.6
before,types de mutations génétiques,0,1,0,24
before,un gen una proteina,0,7,0,68
before,un gene una proteina,0,1,0,3
before,una mutazione frameshift,0,11,0,11.1
before,usp7 related disease,0,3,0,97
before,usp7 related diseases,0,15,0,96.5
before,utr genetica,0,1,0,54
before,vaf genetica,0,3,0,2.7
before,variant faux sens,0,40,0,9.7
before,variant génétique,0,18,0,38.1
before,variant mutation,0,1,0,79
before,variante de un gen,0,1,0,49
before,variante frameshift,0,46,0,6.8
before,variante gen,0,1,0,12
before,variante genetica,0,27,0,43.3
before,variante genética,0,1,0,12
before,variante missense,0,5,0,10.8
before,variante nonsense,0,2,0,10.5
before,variantes de genes en 7 lettres,0,7,0,26.1
before,variantes de un gen,0,1,0,28
before,variantes genéticas ejemplos,0,2,0,45
before,varianti genetiche,0,27,0,17.9
before,variation faux sens,0,1,0,10
before,variazione genetica,0,1,0,53
before,variazioni genetiche,0,3,0,91
before,veeral shah,0,2,0,30
before,verschiedene arten von mutationen,0,1,0,40
before,verstehen position,0,1,0,34
before,very rare members,0,1,0,62
before,virtual parent support group,0,49,0,88.1
before,virtual parenting support group kennesaw ga,0,2,0,95
before,vision bosch,0,2,0,36
before,vision trouble sur les cotés,0,1,0,50
before,was bedeutet 22.22,0,1,0,26
before,was heißt mutation übersetzt,0,1,0,70
before,was ist eine punktmutation,0,4,0,37
before,was sind punktmutationen,0,3,0,69
before,wassmer,0,26,0,59.0
before,wassmer graphic,0,30,0,80.6
before,we sassy and you not giving,0,1,0,78
before,welche mutationsarten gibt es,0,1,0,79
before,what are the symptoms of a tight psoas muscle,0,2,0,3
before,what are the symptoms of a torn psoas muscle,0,1,0,3
before,what blood type is most rare,0,1,0,1
before,what does psoas release feel like,0,1,0,3
before,what is a biorepository,0,5,0,14.2
before,what is a clinical registry,0,1,0,13
before,what is a psoas abscess,0,1,0,2
before,what is a speech and language impairment,0,1,0,12
before,what is bohring opitz syndrome,0,3,0,1
before,what is broader autism phenotype,0,3,0,1
before,what is crid,0,36,0,1.4
before,what is cvi in research,0,1,0,2
before,what is hnrnph2,0,1,0,85
before,what is nf awareness month,0,2,0,1
before,what is psoas syndrome,0,3,0,2.3
before,what is psoas tendonitis,0,1,0,3
before,what is speech or language impairment,0,1,0,13
before,where can i find resources for learning about bioinformatics grants,0,1,0,70
before,where do you feel psoas pain,0,1,0,3
before,where is charly,0,1,0,84
before,where is psoas located,0,1,0,3
before,where is psoas muscle,0,1,0,3
before,where is psoas pain felt,0,1,0,3
before,where is the psoas major muscle located,0,1,0,3
before,where is the psoas muscle,0,1,0,2
before,wie viele mutationen gibt es,0,1,0,80
before,wie viele mutationen pro tag,0,4,0,56.8
before,wirst du wieder laut schreien falls sie punktet englisch,0,5,0,11
before,wwox,0,1,0,5
before,y si le gusta lo repite,0,1,0,20
before,ybrp,0,2,0,74.5
before,yr grenå strand,0,1,0,31
before,yr old,0,1,0,27
before,yr.no orlando,0,1,0,57
before,zeb at,0,1,0,71
before,zeb blogger,0,45,0,58.5
before,zeb gene,0,2,0,67
before,zeb s,0,8,0,77.2
before,zeb vorstellungsgespräch,0,27,0,47.9
before,zeb weeks,0,29,0,83.1
before,¿qué es el adn,0,1,0,1
before,étude génétique,0,1,0,70
before,être scolarisé,0,1,0,75
before,übersehene geschwister,0,1,0,90
before,магдалена френх,0,2,0,67
before,ما هو البوشن,0,4,0,7.5
before,ماهو البوشن,0,11,0,6.4
after,nr2f1 foundation,739,1097,0.6737,1.3
after,bbsoas,736,6879,0.107,2.8
after,nr2f1,599,5793,0.1034,2.2
after,bbsoas syndrome,287,2793,0.1028,1.6
after,bosch boonstra schaaf optic atrophy syndrome,244,2304,0.1059,2.1
after,bosch-boonstra-schaaf optic atrophy syndrome,162,1653,0.098,1.8
after,nr2f1 bbsoas,107,895,0.1196,1.0
after,nr2f1 gene,84,1440,0.0583,1.8
after,bosch boonstra schaaf syndrome,54,559,0.0966,2.1
after,magdalena laugsch,51,409,0.1247,3.1
after,nr2f1 gene mutation,45,578,0.0779,2.2
after,bbsoas symptoms,40,504,0.0794,1.7
after,bboas,34,349,0.0974,1.7
after,bbsoas life expectancy,34,408,0.0833,1.2
after,bbsoas genetic disorder,33,285,0.1158,1.2
after,bosch-boonstra-schaaf,32,312,0.1026,3.3
after,bosch-boonstra-schaaf optic atrophy syndrome (bbsoas),32,207,0.1546,1.4
after,bbsoa,28,590,0.0475,2.8
after,bosch boonstra schaaf,25,292,0.0856,5.1
after,leora westbrook,24,284,0.0845,5.9
after,nrf21,23,381,0.0604,3.4
after,nr2f1-related neurodevelopmental disorder,18,164,0.1098,1.8
after,bbs oas,16,136,0.1176,1.1
after,bbsoas disease,16,261,0.0613,1.3
after,what is bbsoas,16,253,0.0632,1.2
after,bbsoas nr2f1,15,57,0.2632,1.1
after,nr2f1 / bbsoas,15,50,0.3,1
after,bosch-boonstra-schaaf syndrome,13,201,0.0647,1.8
after,syndrome de bosch boonstra schaaf,13,57,0.2281,2.0
after,gendefekt nr2f1,12,46,0.2609,1
after,syndrome bbsoas,12,19,0.6316,1.9
after,síndrome de bosch boonstra schaaf,12,249,0.0482,2.8
after,jennifer coughlin,8,984,0.0081,7.7
after,nr2f1 mutation,8,131,0.0611,2.0
after,bbsoas chewing,7,120,0.0583,2.8
after,bosch boonstra schaaf syndroom,6,222,0.027,4.6
after,nr2f,4,290,0.0138,4.9
after,bosch syndrome,3,77,0.039,3.7
after,dr. rer. nat. magdalena laugsch,3,12,0.25,3.2
after,nr2f1 disease symptoms,3,94,0.0319,2.4
after,syndrome bosch boonstra schaaf,3,22,0.1364,3.4
after,clarence yap,2,43,0.0465,5.7
after,jen coughlin,2,92,0.0217,4.1
after,non-profit companies in usa california,2,4,0.5,116
after,sindrome de bosch,2,308,0.0065,3.3
after,10k 2026,1,1,1,1
after,adyn name,1,7,0.1429,6.4
after,bbosas,1,2,0.5,1
after,does jack carr have a special needs child? tell me more about the nr2f1 gene mutation,1,53,0.0189,1.7
after,henning fröhlich,1,25,0.04,9.2
after,inheritance pattern,1,1,1,1
after,ja,1,4,0.25,3.2
after,jenn coughlin,1,122,0.0082,8.2
after,leora duggan westbrook,1,1,1,12
after,nr2f1 disease,1,49,0.0204,2.6
after,rara otohara,1,6,0.1667,8.7
after,signs and symptoms,1,1,1,2
after,tim coughlin,1,1,1,1
after,!-,0,1,0,11
after,"""19th"" ""25th"" ""28th"" goal",0,1,0,4
after,"""accountant"" ""ashlee"" intext:""@"" ""usa""",0,3,0,30.3
after,"""accountant"" ""ashlee"" intext:""@"" filetype:pdf ""usa""",0,3,0,34.3
after,"""accountant"" ""carlie"" intext:""@"" filetype:pdf ""usa""",0,5,0,79
after,"""accountant"" ""susie"" intext:""@"" ""usa""",0,5,0,51
after,"""accountant"" ""susie"" intext:""@"" filetype:pdf ""usa""",0,1,0,51
after,"""another sibling, who later withdrew due to illness"" publisher",0,16,0,10.1
after,"""as of december 2023"" ""inaugural board member"" ""zoology""",0,1,0,7
after,"""comitato scientifico"" ""duquesne university""",0,2,0,7
after,"""comitato scientifico"" duquesne",0,2,0,4
after,"""contentful""",0,1,0,25
after,"""duquesne university"" ""comitato scientifico""",0,2,0,5.5
after,"""duquesne"" ""comitato scientifico""",0,5,0,2.4
after,"""foundation president"" meme or ""social media"" 2021",0,1,0,9
after,"""foundation president"" or ""president of the foundation"" meme or ""social media"" 2021",0,5,0,9.4
after,"""founding director"" ""disease research centre"" ""topic advisor""",0,1,0,11
after,"""grupos de whatsapp"" associação entrar link",0,2,0,79
after,"""grupos de whatsapp"" desafio entrar link",0,2,0,39.5
after,"""grupos de whatsapp"" federal entrar link",0,1,0,33
after,"""grupos de whatsapp"" formula entrar link",0,1,0,10
after,"""grupos de whatsapp"" junho entrar link",0,1,0,31
after,"""grupos de whatsapp"" saúde entrar link",0,2,0,37
after,"""grupos de whatsapp"" uni entrar link",0,2,0,11
after,"""grupos de whatsapp"" universidade entrar link",0,1,0,40
after,"""grupos de whatsapp"" volunteer entrar link",0,3,0,6.7
after,"""inaugural board member"" ""empower women"" ""zoologist"" ""doctorate"" ""university""",0,25,0,8.0
after,"""inaugural board member"" ""empower women"" ""zoology"" ""married""",0,10,0,8.2
after,"""inaugural board member"" ""empower women"" phd zoology",0,6,0,7.2
after,"""inaugural board member"" ""empower women"" zoology doctorate",0,14,0,7.7
after,"""inaugural board member"" ""empower women"" zoology phd",0,27,0,8.1
after,"""inaugural board member"" ""global fund for women"" zoology",0,2,0,10.5
after,"""inaugural board member"" ""organization that seeks to empower women"" zoology",0,1,0,9
after,"""inaugural"" ""board member"" ""zoology"" ""phd""",0,1,0,6
after,"""kean university"" co-founder brand acquired",0,1,0,3
after,"""little baby bum"" favorite foods",0,1,0,11
after,"""physiotherapist"" ""blog"" ""grief"" ""parent""",0,2,0,10.5
after,"""physiotherapist"" ""grief"" ""parent"" blog",0,1,0,6
after,"""proud father"" coo world record",0,1,0,10
after,"""sheraton orlando lake buena vista resort"" ""april"" 2024 ""conference""",0,9,0,6.9
after,"""sheraton orlando lake buena vista resort"" ""april"" 2024 event",0,10,0,5.4
after,"""sheraton orlando lake buena vista resort"" ""march"" 2024 conference",0,11,0,3.7
after,"""sheraton orlando lake buena vista resort"" april 2024 event",0,6,0,6.8
after,"""sheraton orlando lake buena vista resort"" march 2024 conference",0,10,0,7.3
after,"""sheraton orlando lake buena vista resort"" march 2024 event",0,10,0,10.1
after,"""sheraton orlando lake buena vista"" april 2024 event",0,6,0,6.7
after,"""sheraton orlando lake buena vista"" march 2024 conference",0,20,0,3.8
after,"""sheraton orlando lake buena vista"" march 2024 event",0,18,0,9.7
after,"""sibling who later withdrew due to illness"" publisher",0,5,0,10
after,"""started his career"" teenager ""phoenix"" publisher",0,1,0,10
after,"""two daughters"" three sons dissertation dedication",0,2,0,5
after,"""two siblings with a rare type"" ""online issue publication""",0,34,0,9.8
after,"""two siblings with a rare type"" ""online issue publication"" ""july 04, 2023""",0,5,0,11.2
after,"""who later withdrew due to illness"" publisher siblings",0,21,0,7
after,"""with another sibling, who later withdrew due to illness"" publisher",0,6,0,10
after,"""协调"" ""视觉"" 罕见 病 运动 障碍",0,10,0,6.6
after,"""协调"" ""视觉"" 罕见病 运动障碍",0,2,0,4
after,"""协调"" ""视觉"" 运动障碍 罕见病",0,3,0,6
after,"""大学志愿税务援助"" 题目",0,2,0,7.5
after,"""存在一种变异型"" 遗传性疾病",0,3,0,8.3
after,"""故事角色被诊断出一种罕见疾病""",0,15,0,6.9
after,$23.000,0,8,0,13.8
after,$23k,0,48,0,9.8
after,(inurl:news) disorder,0,1,0,23
after,+,0,2,0,1
after,1 seite strategischer plan,0,1,0,64
after,1q21.1 duplication syndrome,0,1,0,1
after,2021 chicago marathon,0,1,0,10
after,2022 chicago marathon,0,1,0,8
after,23k que significa,0,1,0,54
after,24 hours foundation,0,1,0,2
after,49xxxxy conference,0,4,0,53.8
after,513-636-4751,0,196,0,10.1
after,5136364751,0,5,0,6.2
after,56,0,1,0,1
after,7.5 month old,0,1,0,2
after,7000 rare diseases,0,1,0,74
after,7q11.23 duplication syndrome,0,1,0,1
after,9 months old,0,1,0,5
after,a good year movie stock market,0,1,0,11
after,aaaux fund,0,3,0,65.3
after,abigayle,0,1,0,7
after,acteur rouennais,0,1,0,8
after,actualizaciones recientes en el blog de seton,0,2,0,7
after,adele tappe,0,1,0,87
after,adi feiertage bericht,0,1,0,48
after,aditi narayan minkoff,0,1,0,76
after,ados autismus test,0,1,0,1
after,ados-2 adi-r,0,1,0,11
after,ads symptome,0,1,0,1
after,adult ortam,0,4,0,7.5
after,advisor meeting uiuc,0,1,0,13
after,advisory council,0,1,0,7
after,adyn.com,0,2,0,75.5
after,aeran coughlin,0,1,0,28
after,ah que rara hermana menor,0,5,0,11
after,ah qué rara hermana menor,0,1,0,19
after,alakrima,0,5,0,11.4
after,alex cocleaza,0,2,0,75
after,alex federation,0,1,0,53
after,alex ruani,0,1,0,64
after,all,0,1,0,2
after,alles darüber,0,1,0,26
after,allison duettmann age,0,1,0,76
after,amanda coughlin,0,1,0,39
after,amanda head just the news age,0,1,0,5
after,amanda head just the news husband,0,1,0,6
after,amanda reiser,0,4,0,16.5
after,ambas,0,1,0,1
after,amplia la foto,0,1,0,15
after,andrew caie,0,6,0,8.7
after,andrew kurz,0,2,0,14
after,andrew que,0,2,0,62
after,anonymous summaries,0,1,0,1
after,anticipated meaning,0,1,0,18
after,análisis bioinformatico,0,62,0,79.6
after,aparasport,0,1,0,9
after,are they blind?,0,1,0,2
after,arid1b related disorder,0,1,0,1
after,arid1b-related disorder,0,6,0,1
after,arnf,0,1,0,20
after,arrecadar fundos,0,3,0,25.7
after,arrecadação de fundos o que significa,0,8,0,9.8
after,asf family conference,0,1,0,32
after,askofbellarose,0,6,0,10.8
after,asn是什么意思,0,3,0,57
after,asos feb20,0,4,0,25.8
after,asrf nationals 2026 schedule,0,3,0,1
after,ass fragebogen,0,1,0,1
after,atrofia del nervo ottico,0,1,0,2
after,atrofia en el nervio optico,0,1,0,2
after,atrofia intelectual,0,7,0,11.7
after,atrofio,0,1,0,1
after,atrophic optic nerve,0,1,0,3
after,atrophy,0,1,0,3
after,atrophy eyes,0,1,0,3
after,australia ebony,0,3,0,8
after,australia old name,0,1,0,10
after,author carr,0,1,0,4
after,author jack,0,1,0,4
after,autisim,0,1,0,1
after,autism losing speech,0,1,0,1
after,autismus test ados,0,1,0,1
after,auto brewery syndrome life expectancy,0,1,0,1
after,autosomal dominante optikusatrophie,0,1,0,14
after,axanthic,0,1,0,2
after,ayden name boy or girl,0,1,0,8
after,aydn,0,24,0,24.0
after,b a phenotype mutation,0,5,0,2
after,b-nonstop condition,0,5,0,3
after,b2f1,0,1,0,6
after,b6d2f1 mice,0,5,0,47.2
after,baby boo syndrome,0,6,0,1
after,baby boo syndrome symptoms,0,1,0,9
after,baby emma's health update,0,4,0,16.2
after,baby scrunching face autism,0,1,0,1
after,bachmann bupp syndrome,0,2,0,1
after,back muscle that connects to hip,0,1,0,3
after,back to hip muscle,0,1,0,3
after,baf syndrome,0,3,0,15.7
after,baker gordon syndrome,0,3,0,1
after,bam syndrome,0,1,0,1
after,bam syndrome adults,0,1,0,1
after,bank of chicago marathon 2025,0,1,0,10
after,baraitser winter cerebrofrontofacial syndrome,0,1,0,3
after,baraitser winter syndrome,0,5,0,3.6
after,baraitser-winter cerebrofrontofacial syndrome,0,1,0,3
after,baraitser-winter syndrome pictures,0,1,0,2
after,barber say syndrome,0,3,0,1
after,bardet biedi syndrome,0,1,0,2
after,bardet biedl syndrome,0,1,0,2
after,bardet syndrome,0,1,0,1
after,bardet-biedl syndrome,0,2,0,2.5
after,barefoot,0,1,0,1
after,barlow syndrome,0,1,0,1
after,barlows syndrom,0,1,0,1
after,barlows syndrome,0,1,0,1
after,barre-lieou syndrome life expectancy,0,4,0,1
after,basel assaf,0,1,0,73
after,basidiobolomycosis,0,1,0,4
after,bb as,0,1,0,1
after,bb so,0,12,0,1.2
after,bb soa,0,2,0,1
after,bb syndrome,0,1,0,48
after,bbaos,0,7,0,1.9
after,bbfa,0,7,0,32.1
after,bbrsoa,0,1,0,1
after,bbs symptoms,0,10,0,59.7
after,bbs syndrome,0,1,0,3
after,bbs-oa,0,1,0,9
after,bbsaos,0,12,0,1
after,bbso,0,4,0,1
after,bbso1b,0,1,0,1
after,bbsos,0,1,0,1
after,bbssaraa,0,1,0,1
after,be a little patient meaning,0,1,0,23
after,be more patient meaning,0,1,0,6
after,bebes con enfermedades raras,0,2,0,59.5
after,bebrf,0,4,0,38.2
after,became foundation director 2021,0,2,0,9.5
after,became foundation director in 2021,0,2,0,8.5
after,beckwith-wiedemann syndrome (bws),0,1,0,1
after,behandlungsansätze,0,1,0,2
after,behr syndrome,0,39,0,56.9
after,behr syndrome life expectancy,0,1,0,40
after,behrs disease,0,8,0,47.5
after,behrs syndrome,0,22,0,54.2
after,ben illigens,0,1,0,93
after,ben lenail,0,2,0,76.5
after,ben thelen,0,2,0,44
after,benign congenital hypotonia,0,31,0,1
after,benjamin bechtolsheim,0,2,0,79.5
after,best hosting 2023,0,1,0,24
after,best pediatric ophthalmologist in usa,0,1,0,8
after,betreuung selbsthilfegruppen,0,1,0,38
after,bewegliches telephonbuch deutchland,0,3,0,45.3
after,bfls syndrome life expectancy,0,1,0,1
after,bickerstaff,0,2,0,59.5
after,bifascicular block life expectancy,0,2,0,1
after,big asthma bake sale,0,1,0,36
after,big breasted ebony,0,3,0,39.3
after,big ebony titties,0,1,0,10
after,bild,0,1,0,11
after,bilirubin encephalopathy,0,1,0,1
after,biopharmaceutical company george town,0,1,0,64
after,biorepositorium,0,55,0,11.3
after,birthday sadness syndrome,0,1,0,6
after,bjornstad syndrome,0,13,0,55.5
after,black owned non profit organizations,0,1,0,33
after,blau syndrome life expectancy,0,1,0,1
after,blogartikel aktualisieren,0,1,0,84
after,blood brain barrier conference 2026,0,1,0,5
after,blowing raspberries autism,0,1,0,1
after,boanthropy disorder,0,2,0,1
after,boanthropy syndrome,0,11,0,1
after,body focused repetitive behavior,0,4,0,3
after,body stalk anomaly survivors,0,1,0,1
after,body-focused repetitive behavior,0,1,0,3
after,body-focused repetitive behavior (bfrb),0,1,0,3
after,body-focused repetitive behaviors,0,1,0,3
after,body-focused repetitive behaviors (bfrbs),0,1,0,3
after,bof syndrome,0,16,0,51.9
after,bofa disease,0,2,0,79
after,bofa disease meaning,0,1,0,55
after,bofa sickness,0,1,0,60
after,boffa disease,0,1,0,62
after,bofs,0,4,0,62.2
after,bofs syndrome,0,22,0,51
after,bohring opitz syndrome,0,11,0,1.5
after,bohring-opitz syndrome,0,2,0,1
after,boonsta,0,1,0,1
after,boonstra,0,13,0,1.2
after,borderline intellectual disability,0,1,0,1
after,bos syndrome,0,2,0,49
after,bosch 058,0,1,0,10
after,bosch boonstra schaaf optic atrophy syndrome music,0,33,0,14.0
after,bosch schaaf,0,6,0,5
after,bosch-boonstra-schaaf optic atrophy syndrome symptoms,0,34,0,2.1
after,bosch-boonstra-schaaf opticus atrofie syndroom,0,12,0,9.8
after,boscx fund,0,7,0,57.1
after,boshi syndrome,0,1,0,5
after,boston children's hospital high school volunteer,0,1,0,9
after,both,0,1,0,1
after,boy names that mean pain,0,1,0,10
after,bpan disease,0,1,0,1
after,bpb erkrankung,0,2,0,1
after,bpd enfermedad,0,1,0,1
after,bpfas,0,1,0,76
after,bptf gene mutation,0,1,0,1
after,bptf syndrome,0,1,0,1
after,brain box labs,0,1,0,29
after,brain power clinics florida,0,1,0,12
after,branchio oculo facial syndrome,0,3,0,1
after,branchio-oculo-facial syndrome life expectancy,0,2,0,1
after,branchiootorenal (bor) syndrome,0,1,0,1
after,branchiootorenal syndrome,0,1,0,1
after,"breakthrough, organização sem fins lucrativos, latest",0,7,0,15
after,brf1,0,2,0,38.5
after,brian life in france,0,1,0,8
after,brian wingate,0,1,0,5
after,brody disease,0,1,0,1
after,brooke spiegler syndrome,0,1,0,1
after,brooklyn from,0,1,0,8
after,brother sick love,0,1,0,17
after,brpf1 disorder,0,4,0,1
after,brpf1 related disorder,0,1,0,1
after,brpf1 syndrome,0,12,0,1
after,brpf1 syndrome life expectancy,0,1,0,1
after,brpf1-related neurodevelopmental disorder,0,1,0,1
after,bryant syndrome,0,1,0,1
after,bs/bsob,0,1,0,32
after,bsf meaning in medical terms,0,1,0,61
after,bsfp,0,1,0,90
after,bsoas,0,32,0,3.2
after,bsoas sign,0,33,0,5.8
after,bsob,0,1,0,30
after,bulf,0,1,0,33
after,bundesid,0,2,0,57.5
after,buratti harel syndrome,0,4,0,1
after,buratti-harel syndrome,0,1,0,1
after,burnside butler syndrome,0,1,0,1
after,burnside-butler syndrome life expectancy,0,1,0,1
after,buticle,0,5,0,7.2
after,bwcff syndrome,0,2,0,1
after,bws significado,0,1,0,1
after,bébé aveugle à la naissance cause,0,1,0,1
after,bénévolat hug,0,1,0,5
after,böh nedir tıp,0,5,0,9
after,c,0,1,0,2
after,calcium behind the eye,0,1,0,3
after,calm myself down meaning,0,1,0,17
after,can air trapping in lungs go away,0,1,0,2
after,can down syndrome go undiagnosed,0,1,0,10
after,can he live a normal life,0,1,0,1
after,can optic nerve thinning be reversed,0,1,0,3
after,can they feel love?,0,1,0,1
after,candice coughlin,0,1,0,37
after,candice king age now,0,1,0,30
after,candice loving,0,1,0,10
after,career foundation near me,0,1,0,5
after,carlie,0,1,0,87
after,carolyn cuff,0,1,0,84
after,carson fu,0,1,0,88
after,causes,0,2,0,3
after,cchmc mail,0,1,0,17
after,cd2f1 mice,0,6,0,23
after,centre de dépistage tsa adulte,0,2,0,1
after,cerebral visual impairment (cvi),0,1,0,9
after,chance and ebony latest,0,10,0,12.6
after,characteristics of apraxia of speech,0,1,0,1
after,charge syndrome meaning,0,2,0,1
after,charge syndrome radiology,0,1,0,3
after,charities near me,0,1,0,87
after,charity baking,0,1,0,70
after,charity non profit organizations near me,0,1,0,61
after,charity organizations,0,1,0,50
after,charity tim cos'è,0,1,0,12
after,charly doux,0,3,0,34.3
after,charly france,0,2,0,9
after,charly lyon,0,1,0,12
after,charly lyon distance,0,1,0,24
after,charly name,0,1,0,7
after,chavanist,0,1,0,50
after,che malattia ha,0,1,0,3
after,chicago marathon bank of america,0,1,0,4
after,chicago marathon fundraising,0,3,0,15
after,chicago marathon sponsors,0,1,0,1
after,children do yoga jess wingate contact email phone,0,2,0,11
after,children's hospital eye clinic,0,1,0,9
after,chris schastok,0,90,0,7.5
after,christian arpe,0,1,0,39
after,christina saninocencio,0,1,0,7
after,chromosome 3 life expectancy,0,1,0,64
after,cincinnati children's hospital,0,1,0,9
after,cincinnati children's ophthalmology,0,2,0,13
after,cincinnati life insurance customer service,0,1,0,21
after,cindy poliquin,0,1,0,14
after,cognitive disability,0,1,0,1
after,colombia,0,1,0,6
after,columbia southern university registrar,0,1,0,4
after,comment s'appelle la maladie,0,1,0,4
after,complete blindness,0,1,0,1
after,congenital central hypoventilation syndrome,0,1,0,1
after,conseur,0,2,0,50.5
after,conseur.org,0,1,0,2
after,contentful conference,0,1,0,65
after,contentful news,0,4,0,13.5
after,contributing factors,0,1,0,1
after,cosa bisogna fare,0,1,0,1
after,cosa e,0,1,0,3
after,cosa porta,0,1,0,1
after,costeff syndrome,0,8,0,42.9
after,coughlin foundation,0,1,0,17
after,coughlin midlige,0,1,0,5
after,could this be a sign of autism,0,1,0,1
after,crazeclown interview 2017 four siblings parents medical,0,1,0,10
after,crebbp syndrome,0,1,0,1
after,cromosoma 21 cosa significa,0,1,0,3
after,cromossomo bacteriano,0,1,0,1
after,cry havoc jack carr,0,1,0,2
after,ctbp1 disorder,0,1,0,1
after,cual es el pronostico,0,1,0,3
after,cuantos casos hay en el mundo,0,1,0,1
after,cuantos casos hay en españa,0,1,0,1
after,cure insurance michigan,0,1,0,9
after,cuál es la probabilidad,0,1,0,1
after,cuáles son las enfermedades raras,0,1,0,1
after,cuántas personas lo tienen,0,1,0,2
after,cv eye clinic,0,1,0,11
after,cv-i complex,0,1,0,90
after,cvi clinic,0,71,0,8
after,cvi hospital,0,3,0,6.7
after,cvi neuro,0,1,0,27
after,da,0,1,0,1
after,dad support groups,0,1,0,2
after,dads supporting dads,0,1,0,9
after,dansk,0,1,0,4
after,das gen,0,3,0,1
after,daybut,0,1,0,25
after,ddx6 syndrome,0,1,0,1
after,de morsier syndrom,0,1,0,3
after,de novo,0,1,0,1
after,deal extreme website,0,1,0,8
after,define charlie chaplin,0,1,0,53
after,define hypoplasia,0,1,0,1
after,definition krampfanfall,0,1,0,1
after,delon human,0,9,0,73.7
after,determined mean,0,1,0,11
after,diagnostic autisme adulte genève,0,1,0,2
after,diagnostic autisme adulte suisse,0,1,0,1
after,diagnosticata,0,7,0,10.3
after,dias logan syndrome,0,18,0,1
after,dias-logan syndrome,0,1,0,1
after,did she say anything else?,0,1,0,1
after,dina elmonshed,0,1,0,65
after,director pharmaceutical education research foundation or charity or institution,0,2,0,13.5
after,discapacidad intelectual,0,1,0,1
after,displasia setto-ottica,0,1,0,3
after,distal deletion syndrome,0,2,0,1
after,docteur wassmer,0,29,0,9.5
after,does bingo have autism,0,3,0,1
after,does it get worse over time,0,1,0,12
after,does she live with her parents?,0,1,0,1
after,does this cause shortness of breath,0,1,0,1
after,don nr,0,1,0,61
after,dora the explorer with down syndrome,0,3,0,10
after,dr clement chow,0,1,0,6
after,dr delon human,0,11,0,73.8
after,dr jeff young age,0,1,0,8
after,dr jeff young children,0,1,0,10
after,dr jeff young first wife,0,3,0,24.7
after,dr jeff young wife,0,1,0,5
after,dr schwartz ophthalmology,0,1,0,4
after,dr wasmer,0,1,0,7
after,dr wassmer,0,94,0,9.4
after,dr-wassmer,0,7,0,10.6
after,dr. delon human,0,1,0,74
after,dr. fazemos latest,0,1,0,9
after,dr. jeff young wife,0,1,0,4
after,dr. wassmer,0,7,0,8.1
after,dr.wassmer,0,2,0,10.5
after,drug fly,0,2,0,11.5
after,dyrk1a syndrome,0,4,0,1
after,e em portugal?,0,1,0,3
after,e-mail - vorname: simon,0,1,0,11
after,early education conferences 2026,0,1,0,3
after,eat ebony,0,1,0,18
after,eating ebony,0,3,0,36.3
after,eating ebony out,0,1,0,7
after,ebony 24/7,0,2,0,1.5
after,ebony 3 somes,0,2,0,29
after,ebony and mature,0,1,0,11
after,ebony assspread,0,2,0,47.5
after,ebony australia,0,5,0,10
after,ebony australia latest,0,5,0,7.4
after,ebony blog,0,2,0,85.5
after,ebony blow,0,1,0,10
after,ebony boob wash,0,1,0,8
after,ebony born,0,5,0,34.8
after,ebony car swallow,0,1,0,9
after,ebony double blow,0,4,0,6.2
after,ebony double head,0,1,0,8
after,ebony eating,0,4,0,36
after,ebony eating ebony,0,1,0,57
after,ebony gets,0,1,0,28
after,ebony giving head,0,6,0,6.7
after,ebony head in public,0,2,0,9
after,ebony head swallow,0,19,0,12.4
after,ebony kissing latest,0,1,0,17
after,ebony licking,0,1,0,20
after,ebony little latest,0,2,0,21.5
after,ebony mom swallow,0,20,0,6.7
after,ebony old,0,1,0,5
after,ebony on all fours,0,9,0,8.2
after,ebony playing with self,0,1,0,10
after,ebony po,0,13,0,22.8
after,ebony public head,0,4,0,30.5
after,ebony sis,0,1,0,14
after,ebony sis loves me,0,1,0,8
after,ebony sister por,0,1,0,8
after,ebony spread,0,3,0,55
after,ebony swallow,0,14,0,32.1
after,ebony swallowed,0,4,0,41.5
after,ebony swallowing,0,4,0,21.8
after,ebony swallows,0,1,0,33
after,ebony three,0,1,0,23
after,ebony three somes,0,5,0,25.8
after,ebony tits,0,1,0,8
after,ebony24/7,0,5,0,7.6
after,edith bosch conférence,0,1,0,12
after,edith's,0,1,0,55
after,eigentlich nicht,0,1,0,2
after,ejemplos de enfermedades raras,0,1,0,1
after,eloise mclennan,0,1,0,68
after,elsa elsa elsa ging zum optiker,0,1,0,8
after,elsa kean,0,1,0,7
after,else finnich jorgensen,0,1,0,45
after,eltern,0,1,0,2
after,eltern facebook gruppen,0,11,0,18
after,emilie caie,0,1,0,10
after,emma,0,1,0,1
after,emma 4 ans cancer,0,2,0,10.5
after,"emma blessed world, latest",0,1,0,15
after,emma cons birthday,0,1,0,6
after,emma love is blind birthday,0,2,0,11
after,emma maass,0,1,0,44
after,emma mom left reasons,0,4,0,12.8
after,emma sucks love is blind,0,1,0,10
after,emma watson 2025 husband,0,1,0,6
after,emmas mom love is blind,0,1,0,24
after,en francais,0,1,0,1
after,en qué consiste esta enfermedad,0,1,0,1
after,enfermedad raras,0,1,0,1
after,enfermedades raras,0,3,0,1
after,enzyme maladie,0,1,0,1
after,epilepsie lebenserwartung,0,1,0,27
after,epilepsy resources for parents,0,14,0,69.5
after,epilepsy?,0,1,0,3
after,erbgutträger 2,0,1,0,3
after,erfelijk,0,1,0,1
after,"erzähl mir alles, was du darüber weißt",0,47,0,6.7
after,"erzähl mir alles, was du darüber weißt.",0,2617,0,7.7
after,es progresivo?,0,1,0,5
after,esoma cos'è,0,3,0,58.7
after,esperanza de vida,0,1,0,1
after,esperanza de vida?,0,1,0,1
after,espérence de vie,0,1,0,2
after,estadisticas,0,1,0,2
after,etapele,0,1,0,1
after,expectativa de vida,0,1,0,1
after,f1 disease,0,1,0,1
after,f1 press conference live,0,1,0,8
after,f90.1 diagnosis code,0,1,0,1
after,f90.2,0,1,0,1
after,failure or incomplete development of the pathways of vision to the brain,0,1,0,1
after,fair vassoler,0,1,0,50
after,familia mas alla de la sangre,0,1,0,2
after,familias raras,0,1,0,9
after,family blog siblings rare chromosome disorder,0,5,0,3.2
after,family conference,0,1,0,6
after,family conference 2026,0,1,0,11
after,father and son activities london,0,1,0,15
after,father and son activities uk,0,1,0,23
after,fbxo11,0,2,0,3
after,fbxo11 disorder,0,1,0,1
after,fbxo11 disorder symptoms,0,1,0,1
after,fbxo11 gene mutation,0,1,0,1
after,fbxw7 neurodevelopmental syndrome,0,2,0,1
after,fiebre incontrolable cap 2,0,1,0,14
after,first international,0,2,0,9.5
after,flere,0,1,0,2
after,fletcher syndrome,0,1,0,1
after,flinn scientific ceo,0,1,0,67
after,floating face syndrome,0,1,0,1
after,fly drug,0,1,0,12
after,fly drugs,0,2,0,9.5
after,focus eye care garland,0,1,0,5
after,fondela blog,0,1,0,21
after,formula 1 foundation,0,1,0,1
after,forschungszuschüsse,0,1,0,45
after,foundation conferences 2026,0,3,0,13
after,foundation for applied molecular evolution,0,2,0,72.5
after,fourth option jack carr,0,1,0,4
after,fox p1 syndrom,0,2,0,1
after,fox p1 syndrome,0,28,0,1
after,foxp1 syndrome,0,39,0,1
after,fragile x syndrome,0,5,0,1.2
after,frontal lobe injury symptoms,0,2,0,1
after,fruit fly,0,1,0,69
after,fruit fly book en español,0,1,0,8
after,fruit fly in tagalog,0,3,0,46.3
after,fruit that starts with qu,0,1,0,7
after,functional limitations,0,1,0,3
after,fundacionestoy.org,0,1,0,9
after,future que,0,1,0,98
after,gen,0,1,0,1
after,gene coughlin,0,1,0,28
after,gene viver,0,3,0,8.3
after,genetic testing for rare diseases malaysia,0,2,0,98
after,genetische epilepsie lebenserwartung,0,2,0,44.5
after,georgetown ophthalmology residency,0,1,0,11
after,germany drug repurposing market,0,10,0,87.3
after,give refrence,0,1,0,2
after,global business travel france,0,1,0,43
after,goal.live f1,0,1,0,15
after,goldenhar syndrome eye,0,1,0,1
after,groupes de soutien virtuels,0,111,0,7.2
after,grupos de apoio,0,1,0,2
after,grupos de apoio virtuais.,0,9,0,15.3
after,grupos de whatsapp de 12 a 18 años,0,2,0,11
after,ha 56 anni,0,1,0,8
after,haploinsufficiency,0,1,0,9
after,haunted hustle 5k,0,1,0,2
after,hay noticias nuevas?,0,1,0,1
after,"he from france, and he in lyon.",0,4,0,9.5
after,heidelberg nyc photos,0,1,0,4
after,helsmoortel-van der aa syndrome,0,1,0,1
after,hereditary,0,1,0,1
after,hipoplasia,0,5,0,1.4
after,ho partorito,0,1,0,3
after,hoeveel mensen hebben dit,0,1,0,2
after,hospital volunteer opportunities for high school students in houston,0,1,0,27
after,houge-janssens syndrome 3,0,1,0,1
after,how can i donate to the nrf foundation,0,1,0,12
after,how chicago got its name,0,1,0,10
after,how common is it,0,1,0,2
after,how common is this?,0,1,0,1
after,how does she feel about it?,0,1,0,1
after,how does the mutation happen,0,1,0,1
after,how many fnafs are there,0,2,0,44
after,how many have it,0,1,0,1
after,how many in the world?,0,1,0,1
after,how many people are named ayden,0,1,0,11
after,how many people have it,0,2,0,1
after,how much money has albert.cz raised,0,1,0,6
after,how much money has nrj-bike.be raised,0,1,0,3
after,how old is andrew child,0,1,0,1
after,how old is dr jeff young wife,0,1,0,6
after,how old is edith,0,1,0,74
after,how old is sassy,0,1,0,41
after,how old is the oldest person,0,1,0,1
after,how rare,0,1,0,1
after,how rare is it,0,1,0,1
after,how rare is this,0,1,0,1
after,how to get rid of genetic dark circles,0,1,0,32
after,how to get to silvent city in loomian legacy,0,1,0,2
after,how to give urself a bruise,0,1,0,10
after,how to spell ayden,0,2,0,8.5
after,how to spell owen in irish,0,1,0,9
after,http://adeley-news.blogspot.com,0,5,0,71.8
after,hypophosphatasie augen,0,1,0,1
after,hypophosphatasie gehirn,0,1,0,1
after,i need to get ingredients for my niece's bake sale that's coming up this weekend,0,1,0,22
after,ibm accelerate program,0,1,0,15
after,ifih1 gene,0,2,0,1
after,iliopsoas syndrome,0,1,0,3
after,imagenes,0,1,0,33
after,in englisg,0,1,0,1
after,in the blood book,0,1,0,2
after,inaugural board member global fund for women zoology,0,2,0,8.5
after,inaugural board member organization empower women zoologist,0,1,0,3
after,inaugural board member organization empower women zoology,0,5,0,6.2
after,inaugural board member organization empower women zoology background,0,2,0,9
after,inaugural board member organization empower women zoology doctorate,0,1,0,2
after,inaugural board member organization empower women zoology phd,0,4,0,8.2
after,inaugural board member organization empowering women zoology,0,4,0,5
after,inaugural board member organization seeks to empower women zoology,0,1,0,7
after,inaugural board member organization seeks to empower women zoology doctorate,0,3,0,7.7
after,inaugural board member women empowerment organization zoology doctorate,0,4,0,9.2
after,inaugural board member women empowerment organization zoology phd,0,3,0,9
after,inaugural board member women empowerment organization zoology phd married,0,8,0,6.1
after,inaugural board member women's empowerment organization zoology phd,0,1,0,9
after,inaugural board member zoology women empowerment organization,0,2,0,7.5
after,innf,0,1,0,61
after,inserm postdoc,0,1,0,24
after,inspired life with peggy c,0,1,0,23
after,intellectual disability,0,1,0,8
after,investigator grant,0,2,0,12.5
after,ipoplasia,0,1,0,1
after,ipoplasia significato,0,2,0,1
after,is baastrup's disease hereditary,0,1,0,1
after,is ebony a rare name,0,1,0,11
after,is it degenerative,0,1,0,3
after,is it rare to be an only child,0,1,0,23
after,is optic atrophy a disability,0,7,0,5
after,is she nice person,0,1,0,2
after,is that a real condition,0,1,0,1
after,is the name ayden rare,0,1,0,8
after,is there a cure,0,1,0,1
after,is there any cure?,0,1,0,6
after,is there anything else?,0,1,0,1
after,is there such thing as baby boo syndrome,0,1,0,1
after,is this progressive,0,1,0,2
after,isanew,0,1,0,50
after,ist das lebensbedrohend,0,1,0,2
after,ist fertig,0,1,0,1
after,ja gerne,0,6,0,6.2
after,ja. gerne,0,1,0,11
after,jack carr,0,5,0,3.8
after,jack carr books,0,4,0,3
after,jack carr books in order,0,5,0,3
after,jack carr investigates carlos the jackal,0,1,0,6
after,jack carr military career,0,1,0,4
after,jack carr movies,0,1,0,2
after,jack carr religion,0,1,0,3
after,jack carr son special needs,0,1,0,1
after,jack carr wife,0,1,0,2
after,jack carr's real name,0,1,0,3
after,jack karr,0,1,0,4
after,jak dlugo zyja,0,1,0,2
after,james wong kim min,0,1,0,19
after,jane street careers nyc,0,2,0,11.5
after,jansen de vries syndrome,0,11,0,1
after,jansen-de vries syndrome,0,1,0,1
after,jen planck,0,1,0,49
after,jennie coughlin,0,1,0,16
after,jennifer coughlin utsw,0,10,0,20.9
after,jennifer wong ubs,0,1,0,3
after,jenny coughlin,0,37,0,8.4
after,jodie yap,0,1,0,26
after,johann maass,0,1,0,6
after,joubert syndrome,0,3,0,1
after,kari kruckow,0,58,0,11.2
after,kari noven,0,2,0,17
after,kaufman oculocerebrofacial syndrome,0,2,0,2.5
after,keppen lubinsky syndrome,0,1,0,1
after,king and spalding llp atlanta photos,0,1,0,9
after,kristy ebony,0,25,0,5
after,kyle nelson morgan stanley,0,1,0,29
after,la pasante era la presidenta,0,5,0,10.6
after,lamb shaffer syndrome,0,1,0,1
after,las enfermedades raras,0,1,0,1
after,lateston,0,1,0,39
after,laura syndrome bosch,0,3,0,5.7
after,laura westbrook,0,1,0,44
after,lavoro lingua araba,0,1,0,26
after,lea wassmer,0,10,0,4.9
after,lead the way fund,0,1,0,45
after,leczenie,0,2,0,1.5
after,left temporal lobe damage symptoms,0,1,0,1
after,leg bruise that won't go away,0,1,0,15
after,leimomi meaning in hawaiian,0,1,0,10
after,leora,0,3,0,11
after,leora 2026,0,3,0,9
after,leora foundation,0,1,0,26
after,leora news,0,31,0,16.1
after,lesion dbd,0,2,0,75
after,leszczynska kirana wong,0,1,0,1
after,level 1 autism adhd,0,1,0,1
after,liberty mutual commercial parent teacher conference,0,1,0,6
after,licking ebony,0,1,0,9
after,life charity organization,0,1,0,3
after,life expectancy,0,7,0,1.6
after,life expectncy,0,1,0,1
after,lifespan,0,1,0,3
after,living with optic atrophy,0,2,0,27
after,local guide program,0,15,0,1
after,local non profit organization,0,1,0,125
after,logan dias syndrome,0,1,0,3
after,losaso,0,1,0,10
after,lyon charly,0,1,0,30
after,macular atrophy,0,1,0,2
after,magdalena tun,0,3,0,30
after,mail.cchmc.org,0,2,0,17
after,major individual and family services conference 2026 us,0,2,0,6.5
after,makaton,0,1,0,13
after,maladie,0,1,0,4
after,maladie du cerveau chez les jeunes,0,1,0,1
after,malattie rare italia,0,1,0,3
after,malissa feruzzi first husband,0,1,0,8
after,mandytalk.site,0,2,0,19
after,maq admon. urbanas 2026 最新 financial report,0,1,0,9
after,marbach schaaf,0,4,0,17
after,marbach schaaf neurodevelopmental syndrome,0,4,0,36.8
after,marbach schaaf syndrom,0,105,0,1.0
after,marbach schaaf syndrom was ist das,0,1,0,1
after,marbach schaaf syndrome,0,11,0,14.7
after,marbach-schaaf neurodevelopmental syndrome,0,6,0,40.7
after,marbach-schaaf syndrome,0,9,0,39.2
after,marbach-schaaf-syndrom,0,10,0,1.2
after,mas,0,1,0,1
after,mature ebony latest,0,11,0,18.1
after,mbd5 syndrome,0,1,0,1
after,md phd programs in europe,0,1,0,23
after,md phd programs that accept international students,0,1,0,27
after,md secretary of state business search,0,1,0,12
after,medical intuitive guntersville alabama,0,4,0,30.8
after,meet simon,0,8,0,7.8
after,meet3,0,7,0,32.9
after,meet4,0,1,0,58
after,meet6,0,2,0,23.5
after,meine tochter,0,1,0,1
after,mek2 research foundation,0,3,0,33.7
after,melisa medica foundation non-profit,0,1,0,10
after,melissa coughlin,0,3,0,46
after,melissa ferruzzi,0,3,0,7.3
after,melissa thelen,0,3,0,6.3
after,member,0,1,0,63
after,metin toksoz-exley,0,1,0,97
after,microarray cos'è,0,4,0,56
after,mild galactosemia,0,1,0,1
after,million dollar babies,0,1,0,78
after,million dollar bike ride,0,1,0,56
after,million dollar ride,0,2,0,91
after,miss delaware melissa king now,0,1,0,7
after,mitä aiheuttaa,0,1,0,3
after,mom comes first ebony,0,2,0,6.5
after,mommy knows reviews,0,1,0,14
after,money talks halloween,0,1,0,12
after,money talks slowed,0,1,0,10
after,monica coenraads,0,1,0,84
after,mri brain normal pressure hydrocephalus,0,1,0,1
after,mrt befund,0,1,0,1
after,mufufu foundation,0,1,0,12
after,multiple basal cell carcinoma syndrome,0,1,0,1
after,musicoterapia embajadores,0,123,0,46.9
after,mutation of the nr2f1 gene,0,8,0,1.4
after,my daughter is 17,0,1,0,1
after,my oxford year age gap,0,1,0,12
after,my sassy girl music,0,1,0,40
after,mysterious saileah,0,1,0,7
after,nabais sa-de vries syndrome,0,1,0,47
after,nablus syndrome,0,30,0,1
after,nafus,0,96,0,3.9
after,name charly,0,1,0,12
after,natural stacks founder,0,1,0,74
after,navy seal jack carr,0,1,0,3
after,nbpf,0,2,0,37
after,nbpf1,0,1,0,30
after,ncbrs,0,2,0,3
after,ndf1,0,1,0,7
after,nenf antibody,0,18,0,54.3
after,nerf optique trop fin,0,1,0,1
after,neuro forge therapy,0,1,0,9
after,neuro ophthalmologist cincinnati,0,2,0,1
after,neuro-ophthalmologist cincinnati,0,2,0,18.5
after,neuro-tec board of directors met 12 times 2013,0,2,0,8
after,neurofeedback,0,1,0,1
after,neurofibromatosis foundations,0,6,0,70
after,neurologische sehstörung bei kindern,0,1,0,1
after,new jack carr book 2026,0,1,0,4
after,newsletter,0,1,0,43
after,nf2 biosolutions,0,2,0,66.5
after,nfp organization,0,1,0,6
after,ngfb,0,1,0,50
after,nhf1,0,4,0,2.8
after,nic schweighoffer,0,1,0,18
after,nicolau balus syndrome,0,4,0,1
after,nicolau-balus syndrome,0,1,0,1
after,nih brain initiative grants,0,1,0,8
after,nina coughlin,0,1,0,7
after,nitrogen fixation conference 2026,0,1,0,1
after,niños con enfermedades raras,0,2,0,11.5
after,no,0,1,0,1
after,no more foundation,0,1,0,1
after,nombre 25,0,1,0,62
after,non profit organization,0,1,0,53
after,non profit organization fresno,0,1,0,50
after,non profit organization near me,0,2,0,84
after,non profit organizations,0,1,0,61
after,nonprofit organizations,0,1,0,141
after,nonprofit organizations in california,0,1,0,101
after,nord rare disease,0,1,0,1
after,norrie disease,0,1,0,3
after,north america highest incidence rare disease 2022 review,0,1,0,9
after,nov in numbers,0,1,0,8
after,novels by jack carr,0,1,0,2
after,novo optic,0,1,0,43
after,nph on mri,0,2,0,1
after,npwh conference 2026,0,4,0,1
after,nr 2,0,1,0,1
after,nr denver,0,1,0,12
after,nr diagnóstico,0,1,0,10
after,nr exclusive,0,2,0,43
after,nr family,0,2,0,5.5
after,nr foundation,0,13,0,7.8
after,nr whatsapp,0,1,0,12
after,nr yr,0,6,0,7.2
after,nr-2,0,1,0,8
after,nr.2,0,3,0,6.3
after,nr.auniy,0,1,0,20
after,nr.yr,0,16,0,7.8
after,nr2 child,0,3,0,36.7
after,nr2 meaning,0,1,0,47
after,nr2f1 antibody,0,391,0,50.1
after,nr2f1 bosch boonstra schaaf optic atrophy syndrome,0,33,0,1.9
after,nr2f1 foxp2 interaction,0,11,0,10.5
after,nr2f1 gendefekt,0,7,0,1
after,nr2f1 gene function,0,4,0,3.8
after,nr2f1 gene variant,0,33,0,2.9
after,nr2f1 genecards,0,3,0,17.7
after,nr2f1 variant,0,36,0,3.3
after,nr2f2,0,1,0,1
after,nr2f2 gene,0,3,0,2.7
after,nr2f2 gene mutation,0,3,0,1.7
after,nr2f6 antibody,0,8,0,66.2
after,nrfa,0,4,0,40.8
after,nrff,0,1,0,86
after,nrfr,0,1,0,31
after,nrfs,0,5,0,55.6
after,nrsf,0,5,0,57.2
after,nrsf1,0,1,0,31
after,nrsp foundation,0,2,0,46.5
after,nrzf,0,1,0,10
after,nursing interventions for this,0,1,0,1
after,nurx founder,0,1,0,96
after,o regente que lê minha mente,0,13,0,17.6
after,oas genes,0,5,0,65.8
after,obsoas,0,2,0,3
after,old australia,0,1,0,9
after,old ebony,0,6,0,36.7
after,opitz gbbb syndrome,0,1,0,1
after,opitz syndrome,0,4,0,1
after,opposite intuitive,0,1,0,34
after,optic atrophy,0,1,0,3
after,optic atrophy symptoms,0,1,0,3
after,optic atrophy syndrome,0,5,0,3
after,optic disk hypoplasia,0,1,0,3
after,optic nerve hypoplasia life expectancy,0,242,0,7.7
after,optic nerve thinning,0,1,0,3
after,optikusatrophie,0,1,0,10
after,optikusatrophie symptome,0,3,0,47
after,optiz syndrome,0,1,0,1
after,optonian disease,0,1,0,1
after,orca congress 2026,0,2,0,24
after,orphan disease database,0,6,0,80
after,oscillopsia meaning,0,1,0,1
after,osteopathia striata with cranial sclerosis,0,1,0,3
after,otohara rara,0,22,0,9.3
after,ottica leora,0,1,0,33
after,ou le telecharger,0,1,0,1
after,patient count,0,105,0,8.0
after,patient latest update,0,1,0,20
after,patient registry,0,1,0,13
after,patientenzahl,0,15,0,7.7
after,patiently antonyms,0,1,0,11
after,patrick coughlin,0,1,0,3
after,patrick monnier,0,3,0,46.3
after,pbx1 gene mutation,0,2,0,1
after,pbx1 syndrome,0,1,0,1
after,pediatric department,0,2,0,36.5
after,pediatric neuro ophthalmologist near me,0,1,0,1
after,pediatric ophthalmology miami,0,1,0,8
after,peggy birthday,0,1,0,51
after,peggy po,0,1,0,1
after,peggy's birthday,0,2,0,21
after,peggy's condition,0,22,0,12.1
after,peggy's post,0,1,0,29
after,persona hipoacustica,0,1,0,1
after,personal,0,1,0,2
after,personality,0,1,0,2
after,personality traits,0,1,0,2
after,pet health insurance uk,0,1,0,31
after,pez caballo con sindrome de down,0,3,0,8.7
after,phf21a disorder,0,1,0,1
after,phoenix movies columbia md,0,1,0,9
after,pittsburgh lawyer finder,0,1,0,10
after,plan stratégique d'organisation à but non lucratif,0,4,0,44.8
after,pliant technologies expert florida,0,2,0,61.5
after,plus de détails,0,1,0,3
after,po asombrado,0,1,0,12
after,po box cos'è,0,6,0,55.8
after,poder visual cerebral para que sirve,0,1,0,1
after,positive psoas sign,0,1,0,2
after,power tone cos'è,0,1,0,45
after,pregnaancy,0,1,0,10
after,preklad,0,1,0,1
after,presidents day uiuc,0,1,0,9
after,prevalencia,0,1,0,2
after,primrose disease,0,5,0,1
after,pro,0,1,0,2
after,prodded part of speech,0,1,0,10
after,prognoza,0,1,0,1
after,pronostico de vida,0,1,0,2
after,psoas hip pain,0,1,0,2
after,psoas muscle,0,12,0,2.5
after,psoas muscle cancer symptoms,0,1,0,3
after,psoas muscle inflammation symptoms,0,1,0,2
after,psoas muscle pain,0,1,0,3
after,psoas muscle syndrome,0,1,0,2
after,psoas muscle ultrasound,0,1,0,2
after,psoas sign,0,1,0,3
after,psoas syndrome,0,10,0,1.5
after,psoas syndrome test,0,2,0,2.5
after,psoas tendonitis after hip replacement,0,1,0,2
after,psoas trigger point self-release,0,1,0,3
after,psychologue tsa,0,1,0,1
after,quantos casos no brasil?,0,2,0,1
after,que es asd,0,1,0,1
after,que es atrofico,0,1,0,1
after,que es bbss,0,1,0,33
after,que es broncoaspiración,0,1,0,1
after,que es hipoplasia,0,1,0,1
after,qué es hipoplasia,0,1,0,1
after,qué la provoca,0,1,0,2
after,qué rara hermana menor,0,2,0,12
after,raptor hands,0,1,0,1
after,rara hermana menor,0,1,0,7
after,rare disease genetic testing market,0,36,0,26.4
after,rare disease report,0,3,0,51.7
after,rare disease statistics,0,1,0,55
after,rare epilepsy network,0,14,0,11.2
after,rare foundation,0,1,0,21
after,rbbhf,0,1,0,49
after,rbq-2a score interpretation,0,2,0,1
after,recursos disponíveis,0,1,0,47
after,red sky mourning jack carr,0,1,0,3
after,reference,0,1,0,5
after,refrence,0,1,0,2
after,register clinical trial,0,1,0,47
after,registered neurofibromatosis charity,0,10,0,68.7
after,reiser for single,0,1,0,11
after,repurposing in tagalog,0,1,0,9
after,resi pallidi da paura o stupore,0,42,0,5.6
after,rfrf,0,1,0,38
after,ribose-5-phosphate isomerase deficiency symptoms,0,1,0,1
after,ride back talk,0,1,0,8
after,right way driving school nj,0,1,0,10
after,rnaf,0,1,0,97
after,rnf,0,3,0,63
after,rnf registry,0,2,0,9.5
after,robin thelen,0,1,0,57
after,rora gene nr1f1,0,3,0,5.7
after,rora nr1f1,0,26,0,4.0
after,royal columbian hospital lab booking,0,1,0,9
after,rubinstein-taybi syndrome,0,1,0,1
after,s_boab,0,34,0,6.5
after,saberlo todo,0,1,0,70
after,sapho syndrome life expectancy,0,1,0,1
after,sara shnider,0,1,0,30
after,sarah mcpharlin,0,1,0,67
after,sarah poliquin,0,11,0,8.1
after,sarah wassmer,0,6,0,23.8
after,sarah westbrook us cellular,0,77,0,36.0
after,sarah@renvolve.org,0,1,0,9
after,sassy meaning,0,1,0,12
after,sassy opposite,0,1,0,26
after,sat b2 syndrome,0,1,0,1
after,satb2 gene mutation,0,4,0,1
after,satb2 mutation,0,5,0,1
after,satb2 syndrome,0,19,0,1
after,say-barber-biesecker-young-simpson syndrome,0,1,0,1
after,sbbys syndrome,0,1,0,1
after,scaaf en medecine,0,2,0,6.5
after,scf causes mutation génétique,0,1,0,32
after,schaaf,0,3,0,1.7
after,schaaf là thuốc gì,0,1,0,25
after,schaaf opm,0,1,0,4
after,schaaf syndrom,0,5,0,8.8
after,schaaf syndrome,0,5,0,6.4
after,schaaf yang syndrome,0,33,0,1
after,schaaf yang syndrome treatment market,0,5,0,67.8
after,schaaf-yang,0,1,0,1
after,schaaf-yang syndrom,0,1,0,1
after,schaaf-yang syndrome,0,2,0,1
after,schaff yang syndrome,0,1,0,1
after,schasf,0,1,0,1
after,schinzel-giedion syndrome market,0,4,0,52.5
after,scntfc family musical background,0,2,0,9
after,scsu my apps,0,2,0,7.5
after,sean o'daniel,0,1,0,40
after,secondary optic atrophy,0,1,0,3
after,secretary of state ga business name search,0,1,0,8
after,"sedith bakes, latest",0,73,0,13.9
after,sehnervenatrophie,0,6,0,47.2
after,sein plan: ein kind für meine schwester,0,1,0,23
after,seizure disorders in children support,0,2,0,82.5
after,seizure resources,0,1,0,55
after,selin kurnaz,0,1,0,76
after,semi autism,0,1,0,1
after,sensory deficit,0,1,0,1
after,sentiriamos,0,2,0,91.5
after,setbp1 disorder,0,1,0,1
after,setbp1 haploinsufficiency disorder,0,2,0,1
after,setd1b syndrome,0,1,0,1
after,shaaf optics,0,6,0,10
after,shailesh chavan,0,50,0,7.6
after,shbg alta,0,1,0,1
after,shelley force aldred,0,1,0,68
after,show me her kids,0,1,0,2
after,si,0,3,0,1
after,si gracias,0,1,0,2
after,si por favor,0,1,0,1
after,sia figlia,0,1,0,7
after,sibling caregivers,0,1,0,2
after,sibling publisher withdrew due to illness,0,5,0,7.2
after,sight loss charity,0,1,0,1
after,silent reflux,0,1,0,10
after,simon nombre,0,1,0,11
after,simon we,0,1,0,11
after,simply intuitive,0,5,0,84.8
after,sindrome bambino scosso,0,5,0,2
after,sindrome de andrew,0,1,0,6
after,sindrome de bos.a,0,1,0,10
after,sindrome de bosma,0,16,0,42.8
after,sindrome de bosman,0,3,0,17
after,sindrome de bosna,0,25,0,8.2
after,sindrome de sturge weber,0,3,0,1
after,sindrome del bambino scosso,0,9,0,2.3
after,sindrome del bambino scosso sintomi,0,3,0,2
after,sindrome del gene cask,0,2,0,1
after,sindrome di bosma,0,1,0,1
after,sindrome velo cardio facial,0,1,0,1
after,single mom grants texas,0,2,0,14
after,sintomi sindrome bambino scosso,0,2,0,2
after,sis loves me ebony,0,3,0,7.7
after,site:http://www.nr2f1.org,0,53,0,46.3
after,site:nr2f1.org,0,241,0,37.9
after,site:www.nr2f1.org,0,161,0,34.9
after,slc6a1 familien,0,1,0,40
after,smith kingsmore syndrome,0,15,0,1
after,smith-kingsmore syndrome,0,3,0,1
after,snijders blok-fisher syndrome,0,1,0,1
after,soaz muscle,0,1,0,3
after,sobrino emotional distress news,0,1,0,12
after,soleil carrion del toro,0,1,0,89
after,soph syndrome,0,4,0,46
after,sophia ferruzzi,0,1,0,10
after,sosasyndrome,0,1,0,27
after,sostene gene,0,1,0,13
after,sotos syndrome adults,0,1,0,1
after,soufflé therapeutics ceo,0,2,0,75.5
after,soufflé therapeutics owner,0,5,0,73.6
after,southern hospital medicine conference 2026,0,1,0,14
after,spasmo,0,1,0,1
after,srsf2 mutation,0,1,0,2
after,state of exile james reece,0,1,0,3
after,statische enzephalopathie,0,64,0,6.5
after,steal a brainrot rebirths list,0,1,0,3
after,stephanie chavan,0,1,0,27
after,straordinario mai sentito prima,0,1,0,12
after,strategic planning foundations [author] videos,0,1,0,50
after,strategischer plan,0,1,0,82
after,studentessa incontra,0,17,0,20.8
after,studentessa non professionista,0,2,0,32.5
after,studer conference,0,4,0,20.8
after,stxbp1,0,2,0,3
after,stxbp1 disorder,0,2,0,2
after,stxbp1 treatment,0,1,0,3
after,suck in boo boo hole,0,7,0,9
after,suffredini,0,1,0,48
after,superior cvi,0,1,0,50
after,support for seizure disorders,0,2,0,67
after,surprise arizona population,0,1,0,13
after,susan dell malattia,0,47,0,7.3
after,susanne wassmer,0,4,0,8.2
after,suzan lamena,0,2,0,1.5
after,swallow ebony,0,2,0,29
after,swallowing ebony,0,3,0,47.7
after,swollen psoas muscle,0,1,0,4
after,symptome,0,2,0,1.5
after,symptoms,0,1,0,1
after,symptoms of iliopsoas tendonitis,0,1,0,3
after,symtome,0,1,0,1
after,syndrome bohring opitz,0,1,0,1
after,syndrome de brunner,0,1,0,1
after,syndrt,0,1,0,3
after,síndrome bosch boonstra schaaf,0,6,0,3.5
after,síndrome de andrew,0,1,0,1
after,síndrome de bosma,0,15,0,36
after,síndrome de pilarowski-bjornsson,0,1,0,1
after,síndrome velocardiofacial,0,2,0,1
after,síntomas,0,1,0,1
after,t21rs 2026,0,1,0,44
after,t2f1,0,2,0,5
after,t2t f2f,0,1,0,23
after,talking and communicating,0,1,0,1
after,teams create new meeting with same attendees,0,2,0,12
after,tell me about her history,0,1,0,3
after,tell me about her personality,0,3,0,1
after,tell me more about her,0,1,0,2
after,tell me more about the gene,0,1,0,2
after,tengo 3 días,0,1,0,1
after,terciere,0,1,0,96
after,test génétique de parents sur enfants troubles de l'apprentissage,0,1,0,51
after,testing mom.com,0,3,0,9.7
after,testing my moms motherly instincts,0,3,0,27
after,tetrasomy x syndrome,0,1,0,1
after,texas eye institute,0,1,0,5
after,that’s what i meant,0,1,0,1
after,the devil's hand jack carr,0,1,0,2
after,the fourth option,0,1,0,3
after,the fourth option jack carr,0,1,0,2
after,"thelen family blog, latest",0,2,0,28.5
after,therapie cvi,0,1,0,11
after,therapiemöglichkeiten,0,1,0,1
after,things to come,0,1,0,115
after,thinning of optic nerve,0,1,0,3
after,thrive medical pflugerville,0,1,0,81
after,tiene 56 años,0,1,0,2
after,tim austin take 5,0,1,0,5
after,tim coughlin exxon,0,29,0,3.5
after,tim coughlin ubs,0,2,0,7.5
after,tina sejersgard fano,0,3,0,86
after,tnpo2 foundation,0,1,0,41
after,total patient,0,1,0,1
after,tradu in limba romana,0,1,0,1
after,treatment,0,1,0,3
after,trinity health system ohio internal medicine residency,0,1,0,5
after,true believer jack carr,0,1,0,4
after,tsa severe,0,1,0,1
after,tubb2a,0,1,0,50
after,tubb2a foundation,0,1,0,42
after,two years old,0,1,0,40
after,tx foundation,0,1,0,1
after,type b joubert syndrome ollie,0,1,0,1
after,uiuc vision insurance,0,1,0,6
after,un posto per mia figlia,0,5,0,21.6
after,una malattia,0,1,0,1
after,university of houston accounting program,0,1,0,28
after,updatesee,0,3,0,6.7
after,urbana middle school maryland,0,1,0,7
after,us mendelian disorders testing market,0,1,0,67
after,usa hartford time now,0,1,0,14
after,vanderbilt university adult hospital address,0,1,0,5
after,veeral shah,0,3,0,6.7
after,veeral shah md,0,5,0,10
after,vera zanker,0,2,0,14
after,veterinary ophthalmologist austin tx,0,1,0,6
after,virtual parent support group,0,1,0,85
after,visual impairment,0,1,0,5
after,vitamin b6 toxicity eyes,0,2,0,1
after,volunteer match nj,0,1,0,19
after,volunteering fresno,0,2,0,58
after,vous ne savez pas qui je suis,0,2,0,9
after,wanttoknow,0,3,0,39
after,was ist aac,0,1,0,1
after,was ist leora,0,1,0,10
after,wassmer,0,1,0,74
after,wat is de levensverwachting,0,1,0,1
after,watson fellowship,0,1,0,23
after,we have history,0,1,0,2
after,weiße substanz im gehirn,0,2,0,1
after,welche behandlung gibt es,0,1,0,3
after,westbrook wife,0,1,0,1
after,what about 2026,0,1,0,3
after,what about mri,0,1,0,5
after,what are common questions,0,1,0,1
after,what are the best online donation apps for global nonprofit fundraising?,0,1,0,9
after,what are the symptoms of a tight psoas muscle,0,2,0,3
after,what caused this,0,1,0,1
after,what causes this,0,1,0,1
after,what counts as a diagnosis,0,1,0,13
after,what disorder does dora the explorer have,0,1,0,25
after,what does she do for a living?,0,1,0,2
after,what is a sassy,0,1,0,11
after,what is baby boo syndrome symptoms,0,1,0,8
after,what is baf syndrome,0,2,0,1
after,what is bainbridge ropers syndrome,0,1,0,1
after,what is bbfa,0,3,0,24.7
after,what is bofa disease,0,7,0,55
after,what is charge syndrom,0,1,0,1
after,what is charge syndrome,0,15,0,1
after,what is iris atrophy,0,1,0,3
after,what is it,0,1,0,1
after,what is life expectancy,0,1,0,2
after,what is nr2,0,1,0,1
after,what is opitz syndrome,0,2,0,1
after,what is optic atrophy,0,1,0,3
after,what is participate,0,1,0,31
after,what is psoas sign,0,1,0,2
after,what is psoas syndrome,0,1,0,2
after,what is the disorder,0,1,0,1
after,what is the life expectancy,0,1,0,1
after,what is the survival rate,0,1,0,1
after,what issues can this cause,0,1,0,9
after,what kind of delays,0,1,0,1
after,what motivated,0,1,0,2
after,what time is it in houston texas right now central time,0,1,0,13
after,what’s the prognosis,0,1,0,1
after,when was emma written,0,2,0,9.5
after,where,0,1,0,5
after,where is psoas muscle pain felt,0,1,0,3
after,where is the name emma from,0,1,0,8
after,which is worse,0,1,0,2
after,which mobile donation software supports international currencies?,0,1,0,8
after,who is her coach?,0,1,0,4
after,who is her family?,0,1,0,2
after,who is james,0,1,0,1
after,wie viele haben das,0,1,0,1
after,will polkinghorn,0,1,0,82
after,williams-beuren syndrome,0,1,0,1
after,winters syndrome,0,1,0,3
after,wirst du wieder laut schreien falls sie punktet englisch,0,1,0,11
after,wissenschaftskonferenz,0,1,0,43
after,with anesthesia,0,1,0,1
after,without power of speech,0,1,0,2
after,words beginning with fed,0,1,0,8
after,words beginning with pt,0,1,0,8
after,xia gibbs syndrome,0,9,0,1
after,xia-gibbs syndrome,0,1,0,1
after,yes,0,6,0,1.7
after,yo.nr,0,1,0,7
after,yourselfves,0,1,0,11
after,youtube82275,0,3,0,7.3
after,youtube85071,0,1,0,8
after,yr australia,0,3,0,6.7
after,yr es,0,2,0,10.5
after,yr old,0,1,0,20
after,yr tube,0,1,0,15
after,yr.con,0,1,0,6
after,zeb,0,1,0,10
after,zeb interview,0,1,0,5
after,zimon nombre,0,1,0,11
after,zoologist inaugural board member organization empower women,0,1,0,7
after,zoologist inaugural board women empowerment organization,0,1,0,9
after,zoology question paper 2022,0,1,0,19
after,à propos de raise,0,1,0,10
after,ärgerlicherweise,0,2,0,49.5
after,é raro?,0,1,0,1
after,атрофия зрительного нерва,0,1,0,3
after,боск художник,0,1,0,3
after,босх,0,1,0,3
after,босх иероним,0,1,0,3
after,босх художник,0,2,0,3
after,давай,0,1,0,3
after,диагноз f1,0,1,0,1
after,есть такие?,0,1,0,1
after,иероним босх,0,15,0,3.7
after,иероним босх дата и место смерти,0,1,0,3
after,иеронимус босх,0,1,0,4
after,переклади,0,1,0,3
after,по русский,0,1,0,1
after,художник босха,0,1,0,3
after,чазн,0,1,0,3
after,زب ميت,0,12,0,6.2
after,中文,0,1,0,1
after,别担心,0,1,0,24
after,医疗 罕见经历,0,26,0,4.3
after,原因は？,0,1,0,1
after,只有我能触碰到的三姐妹,0,3,0,17.7
after,器官造句,0,1,0,19
after,家庭群組名稱參考,0,1,0,31
after,我们正在,0,2,0,4.5
after,我那太可愛的傢伙 資源,0,8,0,11.6
after,我那太可愛的傢伙 資源 19,0,1,0,5
after,我那太可愛的傢伙 資源 21,0,2,0,8.5
after,我那太可愛的傢伙 資源 9,0,3,0,11
after,新网站,0,1,0,1
after,日了你家1我很抱歉,0,1,0,9
after,日本で,0,1,0,5
after,父母健康 孩子患自闭症的原因,0,1,0,10
after,罕见个人经历分享,0,1,0,8
after,罕见医疗经历,0,6,0,5.7
after,遺伝,0,1,0,1
