dateRange,page,clicks,impressions,ctr,position
before,https://nr2f1.org/what-is-bbsoas/,754,17937,0.042,5.6
before,https://nr2f1.org/,541,8659,0.0625,10.8
before,https://nr2f1.org/wp-content/uploads/2023/03/Italian_How_to_read_your_genetic_report.pdf,176,10809,0.0163,12.1
before,https://nr2f1.org/wp-content/uploads/2023/03/Spanish_How_to_read_your_genetic_report.pdf,88,7084,0.0124,19.7
before,https://nr2f1.org/wp-content/uploads/2023/03/French_How_to_read_your_genetic_report.pdf,75,4551,0.0165,20.0
before,https://nr2f1.org/learn-the-symptoms-of-bbsoas/,60,3507,0.0171,10.2
before,https://nr2f1.org/nr2f1-gene/,48,5283,0.0091,7.6
before,https://nr2f1.org/wp-content/uploads/2023/03/German_How_to_read_your_genetic_report.pdf,47,3280,0.0143,20.6
before,https://nr2f1.org/bbsoas-and-vision-impairment/,28,5728,0.0049,11.5
before,https://nr2f1.org/board-of-directors/,25,1574,0.0159,21.9
before,https://nr2f1.org/jennifer-coughlin-new-nr2f1-foundation-board-president/,19,1195,0.0159,9.2
before,https://nr2f1.org/patient-registry/,18,202,0.0891,22.1
before,https://nr2f1.org/bbsoas-and-epilepsy/,16,2929,0.0055,25.9
before,https://nr2f1.org/grant-awarded-to-bbsoas-researcher-dr-magdalena-laugsch/,15,392,0.0383,7
before,https://nr2f1.org/bbsoas-and-autism-spectrum-disorder/,14,1569,0.0089,30.0
before,https://nr2f1.org/first-international-bbsoas-awareness-day/,14,2171,0.0064,31.1
before,https://nr2f1.org/bbsoas-and-speech-and-language-impairment/,13,2244,0.0058,17.5
before,https://nr2f1.org/wp-content/uploads/2023/05/BBSOAS_Guide_2_pages.pdf,12,1770,0.0068,24.0
before,https://nr2f1.org/bbsoas-cvi-clinc/,11,1185,0.0093,33.1
before,https://nr2f1.org/category/bbsoas/,10,2342,0.0043,18.9
before,https://nr2f1.org/nr2f1-foundation-grant-for-research/,10,436,0.0229,7.2
before,https://nr2f1.org/fr/what-is-bbsoas,8,72,0.1111,24.9
before,https://nr2f1.org/wp-content/uploads/2023/02/Medical_Providers_Guide_to_BBSOAS_full.pdf,8,1959,0.0041,33.0
before,https://nr2f1.org/category/nr2f1-gene/,7,857,0.0082,20.7
before,https://nr2f1.org/bbsoas-and-hypotonia/,6,2279,0.0026,23.4
before,https://nr2f1.org/irish-para-athlete-diagnosed-with-bbsoas/,6,285,0.0211,23.8
before,https://nr2f1.org/library-of-research-publications/,6,2275,0.0026,42.7
before,https://nr2f1.org/rare-epilepsy-network/,6,652,0.0092,30.8
before,https://nr2f1.org/a-siblings-perspective-on-rare-disease/,5,190,0.0263,15.3
before,https://nr2f1.org/category/fundraising/,5,729,0.0069,19.2
before,https://nr2f1.org/combinedbrain-member/,5,989,0.0051,25.3
before,https://nr2f1.org/donate/,5,86,0.0581,24.0
before,https://nr2f1.org/get-involved-in-bbsoas-research-2025-biorepository-dates-locations/,4,71,0.0563,32.1
before,https://nr2f1.org/nr2f1-foundation-is-a-new-member-of-the-rare-epilepsy-network/,4,624,0.0064,30.7
before,https://nr2f1.org/update-from-our-bbsoas-full-time-researcher-dr-wassmer/,4,586,0.0068,58.8
before,https://nr2f1.org/2024-family-scientific-conference/,3,830,0.0036,52.6
before,https://nr2f1.org/bbsoas-grandparent-support-group/,3,670,0.0045,36.7
before,https://nr2f1.org/bbsoas-grief-resilience-and-wonderment/,3,372,0.0081,62.8
before,https://nr2f1.org/blog/,3,171,0.0175,12.6
before,https://nr2f1.org/de/what-is-bbsoas,3,30,0.1,18.5
before,https://nr2f1.org/es/what-is-bbsoas,3,15,0.2,7.4
before,https://nr2f1.org/new-members-to-the-board-of-directors/,3,119,0.0252,21.7
before,https://nr2f1.org/nr2f1-foundation-receives-matching-grant/,3,81,0.037,27.9
before,https://nr2f1.org/research-strategy-and-roadmap-for-nr2f1/,3,151,0.0199,11.6
before,https://nr2f1.org/research-strategy-goals/,3,279,0.0108,34.6
before,https://nr2f1.org/scientific-advisory-board/,3,450,0.0067,14.4
before,https://nr2f1.org/wp-content/uploads/2021/07/BBSOAS-letter-for-provider-from-DrSchaaf.pdf,3,713,0.0042,46.5
before,https://www.nr2f1.org/es/what-is-bbsoas,3,76,0.0395,25.5
before,https://www.nr2f1.org/fr/news/blog/dont-worry-that-you-dont-know-you-will,3,26,0.1154,7.0
before,https://nr2f1.org/#collapse1,2,2354,0.0008,4.2
before,https://nr2f1.org/2022-in-review/,2,88,0.0227,20.2
before,https://nr2f1.org/2022-report-on-rare-disease-genetic-testing/,2,1650,0.0012,45.6
before,https://nr2f1.org/bbsoas-research-fruit-fly-drug-repurposing/,2,90,0.0222,42.6
before,https://nr2f1.org/category/bbsoas/page/2/,2,537,0.0037,42.5
before,https://nr2f1.org/category/uncategorized/,2,38,0.0526,17.8
before,https://nr2f1.org/fr,2,15,0.1333,3.4
before,https://nr2f1.org/nr2f1-foundation-global-alliance/,2,715,0.0028,14.1
before,https://nr2f1.org/nr2f1-foundation-issues-bioinformatics-analysis-grant-to-dr-laugsch/,2,391,0.0051,43.8
before,https://nr2f1.org/nr2f1-merchandise-store-grand-opening/,2,31,0.0645,42.6
before,https://nr2f1.org/volunteers-and-opportunities/,2,62,0.0323,23.4
before,https://www.nr2f1.org/de,2,21,0.0952,7.0
before,https://www.nr2f1.org/en/news/blog/jennifer-coughlin-new-nr2f1-foundation-board-president,2,15,0.1333,3.9
before,https://nr2f1.org/#collapse3,1,1980,0.0005,4.0
before,https://nr2f1.org/2023-the-year-in-review-nr2f1-foundation/,1,16,0.0625,15.1
before,https://nr2f1.org/2024-conference-what-to-expect/,1,39,0.0256,15.8
before,https://nr2f1.org/2024-family-scientific-conference-a-resounding-success/,1,144,0.0069,30.9
before,https://nr2f1.org/baking-a-big-impact/,1,180,0.0056,29.8
before,https://nr2f1.org/bike-ride-fundraiser/,1,55,0.0182,11.2
before,https://nr2f1.org/category/bbsoas/page/3/,1,535,0.0019,49.2
before,https://nr2f1.org/chicago-marathon-fundraiser-for-nr2f1-foundation-research/,1,62,0.0161,21.6
before,https://nr2f1.org/contact-us/,1,240,0.0042,5.3
before,https://nr2f1.org/de/fundraise,1,5,0.2,8.4
before,https://nr2f1.org/de/news/blog/bbsoas-and-bioinformatics-analysis-discovery-update,1,3,0.3333,25.3
before,https://nr2f1.org/de/news/blog/nr2f1-foundation-grant-for-research,1,10,0.1,3.6
before,https://nr2f1.org/de/register-a-patient,1,1,1,2
before,https://nr2f1.org/de/support-groups,1,5,0.2,24.4
before,https://nr2f1.org/en,1,20,0.05,3.6
before,https://nr2f1.org/en/living-with-bbsoas,1,2,0.5,14
before,https://nr2f1.org/en/publications,1,50,0.02,38.2
before,https://nr2f1.org/en/support-groups,1,13,0.0769,9.9
before,https://nr2f1.org/es/news/blog/sassy-intuitive-determined-meet-6-yr-old-brooklyn-from-florida,1,40,0.025,28.5
before,https://nr2f1.org/exclusive-interview-with-zeb/,1,317,0.0032,42.3
before,https://nr2f1.org/financials/,1,338,0.003,7.4
before,https://nr2f1.org/fr/living-with-bbsoas,1,7,0.1429,6.3
before,https://nr2f1.org/fr/news/blog/first-bbsoas-cvi-clinic,1,21,0.0476,13.3
before,https://nr2f1.org/fr/news/blog/meet-3-yr-old-aydn,1,11,0.0909,7.7
before,https://nr2f1.org/how-to-read-your-genetic-report/,1,22,0.0455,34.4
before,https://nr2f1.org/management-of-bbsoas/,1,517,0.0019,67.2
before,https://nr2f1.org/meet-3-yr-old-aydn/,1,149,0.0067,31.2
before,https://nr2f1.org/meet-simon-from-chile/,1,182,0.0055,22.1
before,https://nr2f1.org/my-56-year-old-daughter-has-just-been-diagnosed/,1,193,0.0052,16.3
before,https://nr2f1.org/newly-diagnosed/,1,557,0.0018,40.1
before,https://nr2f1.org/news/blog/dont-worry-that-you-dont-know-you-will,1,7,0.1429,6.3
before,https://nr2f1.org/nr2f1-foundation-chicago-marathon-fundraising-results/,1,113,0.0088,18.1
before,https://nr2f1.org/nr2f1-research-fundraising-campaign/,1,331,0.003,59.2
before,https://nr2f1.org/parent-support-resource-groups/,1,585,0.0017,41.1
before,https://nr2f1.org/press/,1,220,0.0045,54.8
before,https://nr2f1.org/resources/,1,642,0.0016,50.9
before,https://nr2f1.org/shop/,1,22,0.0455,21.0
before,https://nr2f1.org/strategic-plan-for-2023-2027/,1,18,0.0556,30.9
before,https://nr2f1.org/wp-content/uploads/2023/05/NR2F1-STRATEGIC-FINAL_0523.pdf,1,585,0.0017,52.3
before,https://www.nr2f1.org/de/what-is-bbsoas,1,51,0.0196,34.4
before,https://www.nr2f1.org/en/news/blog/bbsoas-and-bioinformatics-analysis-discovery-update,1,20,0.05,41.2
before,https://www.nr2f1.org/fr/research,1,5,0.2,16.8
before,https://nr2f1.org/#collapse2,0,2089,0,4.1
before,https://nr2f1.org/#collapse4,0,1843,0,4.0
before,https://nr2f1.org/#collapse5,0,391,0,3.7
before,https://nr2f1.org/#collapse6,0,389,0,3.8
before,https://nr2f1.org/#collapse7,0,387,0,3.8
before,https://nr2f1.org/#collapse8,0,8,0,2.5
before,https://nr2f1.org/#collapse9,0,21,0,4.7
before,https://nr2f1.org/10th-annual-million-dollar-bike-ride-was-a-success/,0,152,0,28.1
before,https://nr2f1.org/2021-research-update/,0,24,0,24.8
before,https://nr2f1.org/2022-family-and-scientific-conference/,0,118,0,42.2
before,https://nr2f1.org/2023-million-dollar-bike-ride-fundraising-nr2f1-foundation/,0,149,0,24.9
before,https://nr2f1.org/bbsoas-and-bioinformatics-analysis-discovery-update/,0,322,0,60.0
before,https://nr2f1.org/bbsoas-guides-las-guias-bbsoas/,0,447,0,72.4
before,https://nr2f1.org/biorepository-on-the-road/,0,165,0,26.3
before,https://nr2f1.org/blog/page/2/,0,20,0,28.6
before,https://nr2f1.org/blog/page/3/,0,32,0,32.9
before,https://nr2f1.org/category/bbsoas-research/page/2/,0,1,0,55
before,https://nr2f1.org/category/board-of-directors/,0,2,0,5
before,https://nr2f1.org/category/family-scientific-conference/,0,15,0,4.1
before,https://nr2f1.org/category/nr2f1-foundation/,0,9,0,7.1
before,https://nr2f1.org/category/nr2f1-gene/page/2/,0,92,0,42.3
before,https://nr2f1.org/category/uncategorized/page/2/,0,3,0,58
before,https://nr2f1.org/charly/,0,98,0,28.0
before,https://nr2f1.org/clinical-research-id/,0,144,0,12.2
before,https://nr2f1.org/de,0,7,0,11.1
before,https://nr2f1.org/de/contact-us,0,1,0,175
before,https://nr2f1.org/de/donate,0,1,0,50
before,https://nr2f1.org/de/get-involved-in-bbsoas-research,0,1,0,24
before,https://nr2f1.org/de/living-with-bbsoas,0,1,0,8
before,https://nr2f1.org/de/news,0,2,0,58
before,https://nr2f1.org/de/news/blog,0,1,0,86
before,https://nr2f1.org/de/news/blog/2021-research-update,0,1,0,10
before,https://nr2f1.org/de/news/blog/2022-report-on-rare-disease-genetic-testing,0,8,0,35.1
before,https://nr2f1.org/de/news/blog/2023-million-dollar-bike-ride-fundraising-nr2f1-foundation,0,1,0,9
before,https://nr2f1.org/de/news/blog/2023-the-year-in-review-nr2f1-foundation,0,1,0,7
before,https://nr2f1.org/de/news/blog/2024-family-scientific-conference-a-resounding-success,0,5,0,23.6
before,https://nr2f1.org/de/news/blog/a-siblings-perspective-on-rare-disease,0,16,0,25.1
before,https://nr2f1.org/de/news/blog/baking-a-big-impact,0,12,0,21.5
before,https://nr2f1.org/de/news/blog/bbsoas-grandparent-support-group,0,1,0,43
before,https://nr2f1.org/de/news/blog/bbsoas-grief-resilience-and-wonderment,0,4,0,34
before,https://nr2f1.org/de/news/blog/celebrating-launch-of-bbsoas-clinic,0,4,0,6
before,https://nr2f1.org/de/news/blog/chicago-marathon-fundraiser-for-nr2f1-foundation-research,0,1,0,41
before,https://nr2f1.org/de/news/blog/dont-worry-that-you-dont-know-you-will,0,8,0,9.6
before,https://nr2f1.org/de/news/blog/ebony,0,8,0,16.5
before,https://nr2f1.org/de/news/blog/edith-one-familys-story-with-bbsoas,0,1,0,9
before,https://nr2f1.org/de/news/blog/emma,0,2,0,9.5
before,https://nr2f1.org/de/news/blog/every-diagnosis-matters,0,1,0,34
before,https://nr2f1.org/de/news/blog/exclusive-interview-with-zeb,0,3,0,7
before,https://nr2f1.org/de/news/blog/first-bbsoas-cvi-clinic,0,4,0,6.5
before,https://nr2f1.org/de/news/blog/first-international-bbsoas-awareness-day,0,2,0,3.5
before,https://nr2f1.org/de/news/blog/fruit-fly-drug-repurposing-project,0,2,0,7.5
before,https://nr2f1.org/de/news/blog/introducing-the-nr2f1-research-advisory-council,0,2,0,7
before,https://nr2f1.org/de/news/blog/irish-para-athlete-diagnosed-with-bbsoas,0,2,0,52
before,https://nr2f1.org/de/news/blog/meet-3-yr-old-aydn,0,2,0,6
before,https://nr2f1.org/de/news/blog/meet-student-volunteer-abigayle-nafus,0,4,0,6.8
before,https://nr2f1.org/de/news/blog/my-56-year-old-Daughter-Has-Just-Been-Diagnosed,0,10,0,8.8
before,https://nr2f1.org/de/news/blog/new-members-to-the-board-of-directors,0,1,0,7
before,https://nr2f1.org/de/news/blog/nr2f1-foundation-looks-back-at-2022,0,8,0,18.4
before,https://nr2f1.org/de/news/blog/nr2f1-president-heads-to-d-c-for-2024-nord-conference,0,2,0,9
before,https://nr2f1.org/de/news/blog/nr2f1-research-fundraising-campaign,0,1,0,9
before,https://nr2f1.org/de/news/blog/nr2f1-scientific-conference-for-families-was-a-success,0,1,0,89
before,https://nr2f1.org/de/news/blog/nr2f1-to-host-strategic-research-mtg-oct-2025,0,3,0,11.3
before,https://nr2f1.org/de/news/blog/sassy-intuitive-determined-meet-6-yr-old-brooklyn-from-florida,0,12,0,31.7
before,https://nr2f1.org/de/news/blog/tri4albert-raises-23k-for-the-nr2f1-foundation,0,1,0,11
before,https://nr2f1.org/de/news/blog/update-from-our-bbsosas-full-time-researcher-dr-wassmer,0,4,0,22.2
before,https://nr2f1.org/de/news/newsletter,0,1,0,81
before,https://nr2f1.org/de/organization,0,8,0,19.4
before,https://nr2f1.org/de/our-financials,0,1,0,9
before,https://nr2f1.org/de/partnerships,0,1,0,59
before,https://nr2f1.org/de/privacy-policy,0,2,0,41
before,https://nr2f1.org/de/publications,0,6,0,15.7
before,https://nr2f1.org/de/research,0,6,0,38.3
before,https://nr2f1.org/de/strategic-plan,0,38,0,80.1
before,https://nr2f1.org/de/volunteer,0,1,0,37
before,https://nr2f1.org/dont-worry-that-you-dont-know-what-it-is-all-about-yet-you-will/,0,18,0,13.6
before,https://nr2f1.org/ebony/,0,513,0,27.4
before,https://nr2f1.org/edith-one-familys-story-with-bbsoas/,0,393,0,64.1
before,https://nr2f1.org/emma/,0,85,0,16.6
before,https://nr2f1.org/en/contact-us,0,2,0,61.5
before,https://nr2f1.org/en/donate,0,3,0,10.3
before,https://nr2f1.org/en/fundraise,0,3,0,11.7
before,https://nr2f1.org/en/get-involved-in-bbsoas-research,0,7,0,47.1
before,https://nr2f1.org/en/news,0,2,0,24
before,https://nr2f1.org/en/news/blog,0,3,0,27.3
before,https://nr2f1.org/en/news/blog/2022-report-on-rare-disease-genetic-testing,0,11,0,31.2
before,https://nr2f1.org/en/news/blog/2023-million-dollar-bike-ride-fundraising-nr2f1-foundation,0,2,0,48
before,https://nr2f1.org/en/news/blog/2023-the-year-in-review-nr2f1-foundation,0,2,0,70
before,https://nr2f1.org/en/news/blog/2025-BioRepository-Dates-and-Locations,0,3,0,12
before,https://nr2f1.org/en/news/blog/a-siblings-perspective-on-rare-disease,0,30,0,10.7
before,https://nr2f1.org/en/news/blog/baking-a-big-impact,0,10,0,11.3
before,https://nr2f1.org/en/news/blog/bbsoas-and-bioinformatics-analysis-discovery-update,0,12,0,62.4
before,https://nr2f1.org/en/news/blog/bbsoas-grief-resilience-and-wonderment,0,2,0,29
before,https://nr2f1.org/en/news/blog/charly,0,1,0,7
before,https://nr2f1.org/en/news/blog/dont-worry-that-you-dont-know-you-will,0,13,0,13.5
before,https://nr2f1.org/en/news/blog/ebony,0,2,0,6.5
before,https://nr2f1.org/en/news/blog/edith-one-familys-story-with-bbsoas,0,7,0,83.1
before,https://nr2f1.org/en/news/blog/emma,0,4,0,10.2
before,https://nr2f1.org/en/news/blog/every-diagnosis-matters,0,9,0,24.1
before,https://nr2f1.org/en/news/blog/exclusive-interview-with-zeb,0,5,0,34.4
before,https://nr2f1.org/en/news/blog/first-bbsoas-cvi-clinic,0,1,0,79
before,https://nr2f1.org/en/news/blog/first-international-bbsoas-awareness-day,0,7,0,44
before,https://nr2f1.org/en/news/blog/host-fundraiser-for-the-nr2f1-foundation,0,1,0,93
before,https://nr2f1.org/en/news/blog/introducing-the-nr2f1-research-advisory-council,0,9,0,13.3
before,https://nr2f1.org/en/news/blog/irish-para-athlete-diagnosed-with-bbsoas,0,1,0,10
before,https://nr2f1.org/en/news/blog/jennifer-coughlin-new-nr2f1-foundation-board-president,0,13,0,10.4
before,https://nr2f1.org/en/news/blog/meet-3-yr-old-aydn,0,2,0,7
before,https://nr2f1.org/en/news/blog/meet-student-volunteer-abigayle-nafus,0,3,0,8.3
before,https://nr2f1.org/en/news/blog/my-56-year-old-Daughter-Has-Just-Been-Diagnosed,0,8,0,18.4
before,https://nr2f1.org/en/news/blog/nr2f1-foundation-is-a-new-member-of-the-rare-epilepsy-network,0,2,0,4.5
before,https://nr2f1.org/en/news/blog/nr2f1-foundation-looks-back-at-2022,0,1,0,74
before,https://nr2f1.org/en/news/blog/nr2f1-foundation-receives-matching-grant,0,2,0,2
before,https://nr2f1.org/en/news/blog/nr2f1-foundation-strategic-planning-meeting,0,1,0,92
before,https://nr2f1.org/en/news/blog/nr2f1-president-heads-to-d-c-for-2024-nord-conference,0,5,0,23.4
before,https://nr2f1.org/en/news/blog/nr2f1-research-fundraising-campaign,0,3,0,6.3
before,https://nr2f1.org/en/news/blog/nr2f1-scientific-conference-for-families-was-a-success,0,1,0,1
before,https://nr2f1.org/en/news/blog/nr2f1-to-host-strategic-research-mtg-oct-2025,0,1,0,1
before,https://nr2f1.org/en/news/blog/research-strategy-goals,0,1,0,9
before,https://nr2f1.org/en/news/blog/sassy-intuitive-determined-meet-6-yr-old-brooklyn-from-florida,0,2,0,22.5
before,https://nr2f1.org/en/news/blog/tri4albert-raises-23k-for-the-nr2f1-foundation,0,17,0,11.2
before,https://nr2f1.org/en/news/blog/update-from-our-bbsosas-full-time-researcher-dr-wassmer,0,7,0,6.3
before,https://nr2f1.org/en/organization,0,47,0,10.3
before,https://nr2f1.org/en/our-financials,0,3,0,35
before,https://nr2f1.org/en/partnerships,0,3,0,23
before,https://nr2f1.org/en/privacy-policy,0,3,0,76.3
before,https://nr2f1.org/en/register-a-patient,0,1,0,33
before,https://nr2f1.org/en/research,0,14,0,8.8
before,https://nr2f1.org/en/resources-available-to-researchers,0,4,0,4.5
before,https://nr2f1.org/en/strategic-plan,0,1,0,80
before,https://nr2f1.org/en/support-us,0,10,0,6.3
before,https://nr2f1.org/en/volunteer,0,1,0,58
before,https://nr2f1.org/es,0,4,0,7
before,https://nr2f1.org/es/donate,0,1,0,18
before,https://nr2f1.org/es/fundraise,0,3,0,23
before,https://nr2f1.org/es/news,0,1,0,40
before,https://nr2f1.org/es/news/blog,0,1,0,67
before,https://nr2f1.org/es/news/blog/10th-annual-million-dollar-bike-ride-was-a-success,0,1,0,9
before,https://nr2f1.org/es/news/blog/2021-research-update,0,1,0,25
before,https://nr2f1.org/es/news/blog/2022-report-on-rare-disease-genetic-testing,0,3,0,21.7
before,https://nr2f1.org/es/news/blog/2023-million-dollar-bike-ride-fundraising-nr2f1-foundation,0,1,0,58
before,https://nr2f1.org/es/news/blog/2023-the-year-in-review-nr2f1-foundation,0,7,0,17.7
before,https://nr2f1.org/es/news/blog/2024-family-scientific-conference-a-resounding-success,0,1,0,2
before,https://nr2f1.org/es/news/blog/a-siblings-perspective-on-rare-disease,0,24,0,17.3
before,https://nr2f1.org/es/news/blog/baking-a-big-impact,0,4,0,9.8
before,https://nr2f1.org/es/news/blog/bbsoas-and-bioinformatics-analysis-discovery-update,0,2,0,6
before,https://nr2f1.org/es/news/blog/charly,0,5,0,14.4
before,https://nr2f1.org/es/news/blog/chicago-marathon-fundraiser-for-nr2f1-foundation-research,0,6,0,8.5
before,https://nr2f1.org/es/news/blog/dont-worry-that-you-dont-know-you-will,0,2,0,19
before,https://nr2f1.org/es/news/blog/ebony,0,19,0,9.4
before,https://nr2f1.org/es/news/blog/edith-one-familys-story-with-bbsoas,0,2,0,4.5
before,https://nr2f1.org/es/news/blog/emma,0,13,0,20.4
before,https://nr2f1.org/es/news/blog/every-diagnosis-matters,0,1,0,9
before,https://nr2f1.org/es/news/blog/exclusive-interview-with-zeb,0,1,0,1
before,https://nr2f1.org/es/news/blog/first-bbsoas-cvi-clinic,0,5,0,41.2
before,https://nr2f1.org/es/news/blog/host-fundraiser-for-the-nr2f1-foundation,0,4,0,24
before,https://nr2f1.org/es/news/blog/introducing-the-nr2f1-research-advisory-council,0,6,0,52.8
before,https://nr2f1.org/es/news/blog/irish-para-athlete-diagnosed-with-bbsoas,0,3,0,43.3
before,https://nr2f1.org/es/news/blog/jennifer-coughlin-new-nr2f1-foundation-board-president,0,2,0,9
before,https://nr2f1.org/es/news/blog/meet-3-yr-old-aydn,0,32,0,17.7
before,https://nr2f1.org/es/news/blog/meet-simon-from-chile,0,2,0,5
before,https://nr2f1.org/es/news/blog/meet-student-volunteer-abigayle-nafus,0,8,0,10.8
before,https://nr2f1.org/es/news/blog/my-56-year-old-Daughter-Has-Just-Been-Diagnosed,0,5,0,7.8
before,https://nr2f1.org/es/news/blog/nr2f1-foundation-chicago-marathon-fundraising-results,0,2,0,46.5
before,https://nr2f1.org/es/news/blog/nr2f1-foundation-is-a-new-member-of-the-rare-epilepsy-network,0,1,0,14
before,https://nr2f1.org/es/news/blog/nr2f1-foundation-looks-back-at-2022,0,2,0,3.5
before,https://nr2f1.org/es/news/blog/nr2f1-foundation-receives-matching-grant,0,2,0,50.5
before,https://nr2f1.org/es/news/blog/nr2f1-president-heads-to-d-c-for-2024-nord-conference,0,3,0,3.7
before,https://nr2f1.org/es/news/blog/nr2f1-scientific-conference-for-families-was-a-success,0,1,0,56
before,https://nr2f1.org/es/news/blog/nr2f1-to-host-strategic-research-mtg-oct-2025,0,2,0,14.5
before,https://nr2f1.org/es/news/blog/research-strategy-goals,0,3,0,32.7
before,https://nr2f1.org/es/news/blog/tri4albert-raises-23k-for-the-nr2f1-foundation,0,1,0,4
before,https://nr2f1.org/es/news/blog/update-from-our-bbsosas-full-time-researcher-dr-wassmer,0,3,0,6.3
before,https://nr2f1.org/es/news/newsletter,0,1,0,97
before,https://nr2f1.org/es/organization,0,5,0,18.8
before,https://nr2f1.org/es/our-financials,0,1,0,10
before,https://nr2f1.org/es/partnerships,0,1,0,56
before,https://nr2f1.org/es/privacy-policy,0,8,0,35.4
before,https://nr2f1.org/es/publications,0,1,0,45
before,https://nr2f1.org/es/register-a-patient,0,3,0,8
before,https://nr2f1.org/es/research,0,4,0,18.5
before,https://nr2f1.org/es/resources-available-to-researchers,0,1,0,12
before,https://nr2f1.org/es/strategic-plan,0,2,0,39.5
before,https://nr2f1.org/es/support-groups,0,1,0,74
before,https://nr2f1.org/es/support-us,0,3,0,36.3
before,https://nr2f1.org/es/volunteer,0,1,0,30
before,https://nr2f1.org/every-diagnosis-matters/,0,15,0,11
before,https://nr2f1.org/fr/contact-us,0,1,0,88
before,https://nr2f1.org/fr/donate,0,1,0,10
before,https://nr2f1.org/fr/fundraise,0,1,0,26
before,https://nr2f1.org/fr/get-involved-in-bbsoas-research,0,2,0,7.5
before,https://nr2f1.org/fr/news,0,1,0,20
before,https://nr2f1.org/fr/news/blog,0,2,0,88
before,https://nr2f1.org/fr/news/blog/10th-annual-million-dollar-bike-ride-was-a-success,0,7,0,18.7
before,https://nr2f1.org/fr/news/blog/2021-research-update,0,2,0,35
before,https://nr2f1.org/fr/news/blog/2022-report-on-rare-disease-genetic-testing,0,9,0,22.1
before,https://nr2f1.org/fr/news/blog/2023-million-dollar-bike-ride-fundraising-nr2f1-foundation,0,3,0,28
before,https://nr2f1.org/fr/news/blog/2024-family-scientific-conference-a-resounding-success,0,2,0,7
before,https://nr2f1.org/fr/news/blog/2025-BioRepository-Dates-and-Locations,0,14,0,40.2
before,https://nr2f1.org/fr/news/blog/a-siblings-perspective-on-rare-disease,0,10,0,5.2
before,https://nr2f1.org/fr/news/blog/baking-a-big-impact,0,6,0,36.5
before,https://nr2f1.org/fr/news/blog/bbsoas-grief-resilience-and-wonderment,0,1,0,14
before,https://nr2f1.org/fr/news/blog/chicago-marathon-fundraiser-for-nr2f1-foundation-research,0,9,0,28.1
before,https://nr2f1.org/fr/news/blog/dont-worry-that-you-dont-know-you-will,0,13,0,7.2
before,https://nr2f1.org/fr/news/blog/ebony,0,9,0,10
before,https://nr2f1.org/fr/news/blog/edith-one-familys-story-with-bbsoas,0,4,0,5.8
before,https://nr2f1.org/fr/news/blog/emma,0,9,0,23
before,https://nr2f1.org/fr/news/blog/exclusive-interview-with-zeb,0,3,0,38.7
before,https://nr2f1.org/fr/news/blog/first-international-bbsoas-awareness-day,0,6,0,5.2
before,https://nr2f1.org/fr/news/blog/host-fundraiser-for-the-nr2f1-foundation,0,3,0,9.7
before,https://nr2f1.org/fr/news/blog/introducing-the-nr2f1-research-advisory-council,0,1,0,9
before,https://nr2f1.org/fr/news/blog/irish-para-athlete-diagnosed-with-bbsoas,0,2,0,7
before,https://nr2f1.org/fr/news/blog/meet-simon-from-chile,0,4,0,14
before,https://nr2f1.org/fr/news/blog/meet-student-volunteer-abigayle-nafus,0,2,0,9.5
before,https://nr2f1.org/fr/news/blog/my-56-year-old-Daughter-Has-Just-Been-Diagnosed,0,6,0,8.5
before,https://nr2f1.org/fr/news/blog/new-members-to-the-board-of-directors,0,5,0,26.4
before,https://nr2f1.org/fr/news/blog/nr2f1-foundation-chicago-marathon-fundraising-results,0,2,0,55
before,https://nr2f1.org/fr/news/blog/nr2f1-foundation-grant-for-research,0,8,0,21.1
before,https://nr2f1.org/fr/news/blog/nr2f1-foundation-is-a-new-member-of-the-rare-epilepsy-network,0,4,0,24.2
before,https://nr2f1.org/fr/news/blog/nr2f1-foundation-issues-bioinformatics-analysis-grant-to-dr-laugsch,0,2,0,22.5
before,https://nr2f1.org/fr/news/blog/nr2f1-foundation-looks-back-at-2022,0,6,0,32.8
before,https://nr2f1.org/fr/news/blog/nr2f1-foundation-receives-matching-grant,0,3,0,2.3
before,https://nr2f1.org/fr/news/blog/nr2f1-foundation-strategic-planning-meeting,0,2,0,28
before,https://nr2f1.org/fr/news/blog/nr2f1-president-heads-to-d-c-for-2024-nord-conference,0,3,0,22
before,https://nr2f1.org/fr/news/blog/nr2f1-research-fundraising-campaign,0,2,0,83
before,https://nr2f1.org/fr/news/blog/nr2f1-to-host-strategic-research-mtg-oct-2025,0,3,0,6.7
before,https://nr2f1.org/fr/news/blog/research-strategy-goals,0,2,0,8.5
before,https://nr2f1.org/fr/news/blog/sassy-intuitive-determined-meet-6-yr-old-brooklyn-from-florida,0,22,0,27.5
before,https://nr2f1.org/fr/news/blog/tri4albert-raises-23k-for-the-nr2f1-foundation,0,4,0,12.2
before,https://nr2f1.org/fr/news/blog/update-from-our-bbsosas-full-time-researcher-dr-wassmer,0,3,0,15
before,https://nr2f1.org/fr/news/newsletter,0,1,0,85
before,https://nr2f1.org/fr/organization,0,5,0,10.8
before,https://nr2f1.org/fr/partnerships,0,3,0,20
before,https://nr2f1.org/fr/privacy-policy,0,4,0,47.2
before,https://nr2f1.org/fr/publications,0,7,0,12.7
before,https://nr2f1.org/fr/register-a-patient,0,5,0,7.8
before,https://nr2f1.org/fr/research,0,1,0,5
before,https://nr2f1.org/fr/resources-available-to-researchers,0,1,0,6
before,https://nr2f1.org/fr/support-groups,0,1,0,36
before,https://nr2f1.org/fr/volunteer,0,2,0,21.5
before,https://nr2f1.org/henry/,0,16,0,5.6
before,https://nr2f1.org/holiday-guides-for-bbsoas-families-and-their-supporters/,0,5,0,86.6
before,https://nr2f1.org/inspire-change-host-your-own-fundraiser-for-the-nr2f1-foundation/,0,26,0,32.4
before,https://nr2f1.org/introducing-the-nr2f1-research-advisory-council/,0,40,0,8.6
before,https://nr2f1.org/learn-the-symptoms-video-series/,0,922,0,48.6
before,https://nr2f1.org/matching-gifts/,0,13,0,9.7
before,https://nr2f1.org/media-room/304258-nr2f1-foundation-announces-appointment-of-a-new-president,0,1,0,1
before,https://nr2f1.org/meet-student-volunteer-abigayle-nafus/,0,19,0,24.3
before,https://nr2f1.org/news/blog/2025-BioRepository-Dates-and-Locations,0,5,0,40
before,https://nr2f1.org/news/blog/exclusive-interview-with-zeb,0,9,0,68.1
before,https://nr2f1.org/news/blog/nr2f1-foundation-is-a-new-member-of-the-rare-epilepsy-network,0,4,0,8.5
before,https://nr2f1.org/news/blog/sassy-intuitive-determined-meet-6-yr-old-brooklyn-from-florida,0,8,0,40.9
before,https://nr2f1.org/nr2f1-foundation-looks-back-at-2022/,0,113,0,20.3
before,https://nr2f1.org/nr2f1-foundation-strategic-planning-meeting/,0,48,0,32.9
before,https://nr2f1.org/nr2f1-newsletter/,0,1605,0,26.7
before,https://nr2f1.org/nr2f1-president-heads-to-d-c-for-2024-nord-conference/,0,48,0,44.6
before,https://nr2f1.org/nr2f1-scientific-conference-for-families-was-a-success/,0,44,0,27.3
before,https://nr2f1.org/privacy-policy/,0,7,0,31.3
before,https://nr2f1.org/sassy-intuitive-determined-meet-6-yr-old-brooklyn-from-florida/,0,288,0,30.9
before,https://nr2f1.org/social-wall/,0,21,0,54.1
before,https://nr2f1.org/sponsors-needed-for-the-upcoming-2024-nr2f1-family-and-scientific-conference/,0,17,0,41.5
before,https://nr2f1.org/state-of-research-2023/,0,55,0,38.7
before,https://nr2f1.org/tri4albert-raises-23k-for-the-nr2f1-foundation/,0,80,0,8.6
before,https://nr2f1.org/trip-bbsoas-fundraiser/,0,12,0,23.8
before,https://nr2f1.org/what-is-bbsoas/#symptoms-of-bbsoas,0,621,0,3.0
before,https://nr2f1.org/what-is-bbsoas/#symptoms-vary-among-individuals,0,621,0,3.0
before,https://nr2f1.org/what-is-bbsoas/#what-causes-bbsoas,0,621,0,3.0
before,https://nr2f1.org/wp-content/uploads/2022/06/Cortical-Visual-Impairment-Caregiver-Resource.pdf,0,1386,0,41.3
before,https://nr2f1.org/wp-content/uploads/2023/03/Italian_How-to-read-your-genetic-report.pdf,0,1,0,1
before,https://nr2f1.org/wp-content/uploads/2023/05/Spanish_BBSOAS_Guide.pdf,0,1,0,5
before,https://nr2f1.org/wp-content/uploads/2023/10/November-2021.pdf,0,27,0,42.8
before,https://nr2f1.org/wp-content/uploads/2023/10/October-2022-newsletter.pdf,0,8,0,31
before,https://www.nr2f1.org/conference,0,20,0,5.6
before,https://www.nr2f1.org/contact-us,0,4,0,9.2
before,https://www.nr2f1.org/de/contact-us,0,1,0,7
before,https://www.nr2f1.org/de/donate,0,3,0,77
before,https://www.nr2f1.org/de/news/blog/10th-annual-million-dollar-bike-ride-was-a-success,0,18,0,17.2
before,https://www.nr2f1.org/de/news/blog/2023-the-year-in-review-nr2f1-foundation,0,3,0,20
before,https://www.nr2f1.org/de/news/blog/a-siblings-perspective-on-rare-disease,0,15,0,24.1
before,https://www.nr2f1.org/de/news/blog/baking-a-big-impact,0,6,0,38.7
before,https://www.nr2f1.org/de/news/blog/bbsoas-and-bioinformatics-analysis-discovery-update,0,14,0,36
before,https://www.nr2f1.org/de/news/blog/bbsoas-grandparent-support-group,0,1,0,44
before,https://www.nr2f1.org/de/news/blog/bbsoas-grief-resilience-and-wonderment,0,2,0,34
before,https://www.nr2f1.org/de/news/blog/dont-worry-that-you-dont-know-you-will,0,10,0,8.8
before,https://www.nr2f1.org/de/news/blog/first-bbsoas-cvi-clinic,0,6,0,46.2
before,https://www.nr2f1.org/de/news/blog/fruit-fly-drug-repurposing-project,0,2,0,27
before,https://www.nr2f1.org/de/news/blog/henry,0,1,0,16
before,https://www.nr2f1.org/de/news/blog/host-fundraiser-for-the-nr2f1-foundation,0,1,0,5
before,https://www.nr2f1.org/de/news/blog/meet-3-yr-old-aydn,0,2,0,43
before,https://www.nr2f1.org/de/news/blog/new-members-to-the-board-of-directors,0,6,0,9.2
before,https://www.nr2f1.org/de/news/blog/nr2f1-foundation-chicago-marathon-fundraising-results,0,1,0,4
before,https://www.nr2f1.org/de/news/blog/nr2f1-foundation-strategic-planning-meeting,0,2,0,4.5
before,https://www.nr2f1.org/de/news/blog/tri4albert-raises-23k-for-the-nr2f1-foundation,0,6,0,19.3
before,https://www.nr2f1.org/de/privacy-policy,0,6,0,126.5
before,https://www.nr2f1.org/de/publications,0,2,0,7
before,https://www.nr2f1.org/de/strategic-plan,0,6,0,83.5
before,https://www.nr2f1.org/de/support-groups,0,2,0,5
before,https://www.nr2f1.org/en,0,5,0,8.4
before,https://www.nr2f1.org/en/get-involved-in-bbsoas-research,0,15,0,24.7
before,https://www.nr2f1.org/en/living-with-bbsoas,0,29,0,47.1
before,https://www.nr2f1.org/en/news/blog/2025-BioRepository-Dates-and-Locations,0,1,0,88
before,https://www.nr2f1.org/en/news/blog/a-siblings-perspective-on-rare-disease,0,30,0,6.5
before,https://www.nr2f1.org/en/news/blog/baking-a-big-impact,0,9,0,48.9
before,https://www.nr2f1.org/en/news/blog/charly,0,1,0,74
before,https://www.nr2f1.org/en/news/blog/ebony,0,2,0,2.5
before,https://www.nr2f1.org/en/news/blog/first-international-bbsoas-awareness-day,0,1,0,7
before,https://www.nr2f1.org/en/news/blog/henry,0,2,0,15
before,https://www.nr2f1.org/en/news/blog/introducing-the-nr2f1-research-advisory-council,0,14,0,7.9
before,https://www.nr2f1.org/en/news/blog/meet-student-volunteer-abigayle-nafus,0,1,0,2
before,https://www.nr2f1.org/en/news/blog/my-56-year-old-Daughter-Has-Just-Been-Diagnosed,0,6,0,26.3
before,https://www.nr2f1.org/en/news/blog/nr2f1-research-fundraising-campaign,0,8,0,63.2
before,https://www.nr2f1.org/en/news/blog/nr2f1-to-host-strategic-research-mtg-oct-2025,0,1,0,7
before,https://www.nr2f1.org/en/news/blog/sassy-intuitive-determined-meet-6-yr-old-brooklyn-from-florida,0,6,0,50.3
before,https://www.nr2f1.org/en/news/blog/tri4albert-raises-23k-for-the-nr2f1-foundation,0,13,0,14.4
before,https://www.nr2f1.org/en/news/newsletter,0,1,0,9
before,https://www.nr2f1.org/en/organization,0,29,0,9.0
before,https://www.nr2f1.org/en/partnerships,0,3,0,36.7
before,https://www.nr2f1.org/en/register-a-patient,0,12,0,9.8
before,https://www.nr2f1.org/en/resources-available-to-researchers,0,9,0,7.7
before,https://www.nr2f1.org/en/volunteer,0,2,0,6
before,https://www.nr2f1.org/es,0,11,0,7.3
before,https://www.nr2f1.org/es/donate,0,1,0,69
before,https://www.nr2f1.org/es/get-involved-in-bbsoas-research,0,1,0,6
before,https://www.nr2f1.org/es/news,0,2,0,40.5
before,https://www.nr2f1.org/es/news/blog/10th-annual-million-dollar-bike-ride-was-a-success,0,5,0,8
before,https://www.nr2f1.org/es/news/blog/2023-million-dollar-bike-ride-fundraising-nr2f1-foundation,0,2,0,53
before,https://www.nr2f1.org/es/news/blog/2023-the-year-in-review-nr2f1-foundation,0,14,0,11.7
before,https://www.nr2f1.org/es/news/blog/2024-family-scientific-conference-a-resounding-success,0,1,0,5
before,https://www.nr2f1.org/es/news/blog/baking-a-big-impact,0,10,0,25.5
before,https://www.nr2f1.org/es/news/blog/bbsoas-and-bioinformatics-analysis-discovery-update,0,6,0,19.3
before,https://www.nr2f1.org/es/news/blog/bbsoas-grief-resilience-and-wonderment,0,2,0,69.5
before,https://www.nr2f1.org/es/news/blog/chicago-marathon-fundraiser-for-nr2f1-foundation-research,0,11,0,8.4
before,https://www.nr2f1.org/es/news/blog/edith-one-familys-story-with-bbsoas,0,1,0,22
before,https://www.nr2f1.org/es/news/blog/emma,0,4,0,23.8
before,https://www.nr2f1.org/es/news/blog/every-diagnosis-matters,0,5,0,7.8
before,https://www.nr2f1.org/es/news/blog/exclusive-interview-with-zeb,0,2,0,6.5
before,https://www.nr2f1.org/es/news/blog/fruit-fly-drug-repurposing-project,0,1,0,26
before,https://www.nr2f1.org/es/news/blog/irish-para-athlete-diagnosed-with-bbsoas,0,5,0,22.8
before,https://www.nr2f1.org/es/news/blog/jennifer-coughlin-new-nr2f1-foundation-board-president,0,2,0,6
before,https://www.nr2f1.org/es/news/blog/meet-3-yr-old-aydn,0,5,0,14.6
before,https://www.nr2f1.org/es/news/blog/meet-student-volunteer-abigayle-nafus,0,10,0,13.4
before,https://www.nr2f1.org/es/news/blog/my-56-year-old-Daughter-Has-Just-Been-Diagnosed,0,5,0,24.2
before,https://www.nr2f1.org/es/news/blog/nr2f1-foundation-grant-for-research,0,3,0,4
before,https://www.nr2f1.org/es/news/blog/nr2f1-foundation-is-a-new-member-of-the-rare-epilepsy-network,0,1,0,9
before,https://www.nr2f1.org/es/news/blog/nr2f1-foundation-issues-bioinformatics-analysis-grant-to-dr-laugsch,0,1,0,10
before,https://www.nr2f1.org/es/news/blog/nr2f1-foundation-looks-back-at-2022,0,1,0,1
before,https://www.nr2f1.org/es/news/blog/tri4albert-raises-23k-for-the-nr2f1-foundation,0,2,0,11
before,https://www.nr2f1.org/es/organization,0,23,0,21.3
before,https://www.nr2f1.org/es/partnerships,0,1,0,2
before,https://www.nr2f1.org/es/research,0,2,0,3.5
before,https://www.nr2f1.org/fr,0,23,0,7.7
before,https://www.nr2f1.org/fr/news/blog/2025-BioRepository-Dates-and-Locations,0,6,0,7.2
before,https://www.nr2f1.org/fr/news/blog/baking-a-big-impact,0,4,0,44.5
before,https://www.nr2f1.org/fr/news/blog/bbsoas-and-bioinformatics-analysis-discovery-update,0,3,0,50.3
before,https://www.nr2f1.org/fr/news/blog/bbsoas-grief-resilience-and-wonderment,0,1,0,11
before,https://www.nr2f1.org/fr/news/blog/celebrating-launch-of-bbsoas-clinic,0,1,0,11
before,https://www.nr2f1.org/fr/news/blog/charly,0,1,0,51
before,https://www.nr2f1.org/fr/news/blog/ebony,0,13,0,9.5
before,https://www.nr2f1.org/fr/news/blog/every-diagnosis-matters,0,1,0,5
before,https://www.nr2f1.org/fr/news/blog/introducing-the-nr2f1-research-advisory-council,0,1,0,4
before,https://www.nr2f1.org/fr/news/blog/meet-simon-from-chile,0,5,0,6.6
before,https://www.nr2f1.org/fr/news/blog/my-56-year-old-Daughter-Has-Just-Been-Diagnosed,0,7,0,5.4
before,https://www.nr2f1.org/fr/news/blog/new-members-to-the-board-of-directors,0,3,0,17.7
before,https://www.nr2f1.org/fr/news/blog/nr2f1-foundation-is-a-new-member-of-the-rare-epilepsy-network,0,8,0,6.6
before,https://www.nr2f1.org/fr/news/blog/nr2f1-foundation-looks-back-at-2022,0,3,0,21.3
before,https://www.nr2f1.org/fr/news/blog/nr2f1-foundation-strategic-planning-meeting,0,2,0,6
before,https://www.nr2f1.org/fr/news/blog/nr2f1-scientific-conference-for-families-was-a-success,0,2,0,35
before,https://www.nr2f1.org/fr/news/blog/research-strategy-goals,0,3,0,4.7
before,https://www.nr2f1.org/fr/news/blog/sassy-intuitive-determined-meet-6-yr-old-brooklyn-from-florida,0,17,0,33.9
before,https://www.nr2f1.org/fr/news/blog/tri4albert-raises-23k-for-the-nr2f1-foundation,0,3,0,6.3
before,https://www.nr2f1.org/fr/organization,0,2,0,73
before,https://www.nr2f1.org/fr/our-financials,0,1,0,52
before,https://www.nr2f1.org/fr/partnerships,0,1,0,6
before,https://www.nr2f1.org/fr/privacy-policy,0,2,0,40.5
before,https://www.nr2f1.org/fr/resources-available-to-researchers,0,1,0,7
before,https://www.nr2f1.org/fr/support-groups,0,2,0,5
before,https://www.nr2f1.org/get-involved-in-bbsoas-research,0,3,0,1.7
before,https://www.nr2f1.org/news/blog/2025-BioRepository-Dates-and-Locations,0,4,0,44.8
before,https://www.nr2f1.org/news/blog/dont-worry-that-you-dont-know-you-will,0,1,0,1
before,https://www.nr2f1.org/news/blog/nr2f1-foundation-is-a-new-member-of-the-rare-epilepsy-network,0,1,0,34
before,https://www.nr2f1.org/news?page=1,0,1,0,8
before,https://www.nr2f1.org/organization,0,68,0,7.9
before,https://www.nr2f1.org/research,0,8,0,3.9
before,https://www.nr2f1.org/resources-available-to-researchers,0,3,0,1.7
before,https://www.nr2f1.org/strategic-plan,0,8,0,6.8
after,https://www.nr2f1.org/en/what-is-bbsoas,2076,46213,0.0449,3.4
after,https://www.nr2f1.org/,1457,21560,0.0676,4.5
after,https://www.nr2f1.org/fr/what-is-bbsoas,428,3265,0.1311,6.0
after,https://www.nr2f1.org/de/what-is-bbsoas,352,5105,0.069,4.4
after,https://www.nr2f1.org/conference,219,4611,0.0475,6.2
after,https://www.nr2f1.org/es/what-is-bbsoas,166,4093,0.0406,4.9
after,https://www.nr2f1.org/fr,166,1977,0.084,7.9
after,https://nr2f1.org/,158,2567,0.0616,5.4
after,https://www.nr2f1.org/de,132,3846,0.0343,5.1
after,https://www.nr2f1.org/en/organization,123,7355,0.0167,9.3
after,https://nr2f1.org/what-is-bbsoas/,110,1702,0.0646,3.5
after,https://www.nr2f1.org/what-is-bbsoas,92,2937,0.0313,3.7
after,https://www.nr2f1.org/it/what-is-bbsoas,73,1353,0.054,7.6
after,https://www.nr2f1.org/de/news/blog/nr2f1-foundation-grant-for-research,64,928,0.069,5.3
after,https://www.nr2f1.org/fr/living-with-bbsoas,61,1587,0.0384,9.3
after,https://www.nr2f1.org/en/living-with-bbsoas,52,2224,0.0234,4.8
after,https://www.nr2f1.org/it,49,895,0.0547,4.3
after,https://www.nr2f1.org/es,47,1317,0.0357,7.2
after,https://www.nr2f1.org/fr/news/blog/first-bbsoas-cvi-clinic,36,2884,0.0125,16.8
after,https://www.nr2f1.org/pt-BR/news/blog/jennifer-coughlin-new-nr2f1-foundation-board-president,35,2151,0.0163,7.3
after,https://www.nr2f1.org/patient-count,28,2890,0.0097,3.3
after,https://www.nr2f1.org/en/news/blog/jennifer-coughlin-new-nr2f1-foundation-board-president,25,666,0.0375,8.0
after,https://nr2f1.org/fr/what-is-bbsoas,24,150,0.16,5.5
after,https://www.nr2f1.org/en/news/blog/irish-para-athlete-diagnosed-with-bbsoas,23,509,0.0452,6.8
after,https://www.nr2f1.org/en/register-a-patient,22,492,0.0447,11.2
after,https://www.nr2f1.org/en/research,20,1948,0.0103,5.8
after,https://www.nr2f1.org/de/living-with-bbsoas,18,1272,0.0142,9.4
after,https://www.nr2f1.org/en/what-is-bbsoas#what-causes-bbsoas,18,11294,0.0016,3.0
after,https://www.nr2f1.org/fr/news/blog/first-international-bbsoas-awareness-day,17,5225,0.0033,6.5
after,https://www.nr2f1.org/pt-BR/what-is-bbsoas,17,568,0.0299,10.2
after,https://www.nr2f1.org/en/donate,16,1296,0.0123,5.8
after,https://www.nr2f1.org/en/news/blog/dont-worry-that-you-dont-know-you-will,15,412,0.0364,8.4
after,https://www.nr2f1.org/en/news/blog/welcome-leora-westbrook,15,300,0.05,16.9
after,https://www.nr2f1.org/news/blog/welcome-leora-westbrook,15,225,0.0667,4.6
after,https://www.nr2f1.org/en/news/blog/introducing-the-nr2f1-research-advisory-council,13,767,0.0169,7.2
after,https://www.nr2f1.org/fr/news/blog/update-from-our-bbsosas-full-time-researcher-dr-wassmer,13,213,0.061,8.8
after,https://www.nr2f1.org/news/blog/BBSOAS-research-2026-collection-dates,12,197,0.0609,4.4
after,https://www.nr2f1.org/news/blog/executive-director-opening,12,356,0.0337,5.9
after,https://www.nr2f1.org/en/support-groups,11,265,0.0415,11.6
after,https://www.nr2f1.org/en/what-is-bbsoas#symptoms-of-bbsoas,11,11299,0.001,3.0
after,https://www.nr2f1.org/en/news/blog/fruit-fly-drug-repurposing-project,10,104,0.0962,12.5
after,https://www.nr2f1.org/en/publications,10,3912,0.0026,9.1
after,https://www.nr2f1.org/fr/news/blog/ebony,10,807,0.0124,11.5
after,https://www.nr2f1.org/pt-BR,10,381,0.0262,9.0
after,https://www.nr2f1.org/en/resources-available-to-researchers,9,917,0.0098,13.5
after,https://www.nr2f1.org/es/news/blog/nr2f1-foundation-issues-bioinformatics-analysis-grant-to-dr-laugsch,9,402,0.0224,4.5
after,https://www.nr2f1.org/research,9,4505,0.002,2.7
after,https://www.nr2f1.org/es/news/blog/a-siblings-perspective-on-rare-disease,8,647,0.0124,12.0
after,https://www.nr2f1.org/fr/patient-count,8,173,0.0462,25.2
after,https://nr2f1.org/research-strategy-and-roadmap-for-nr2f1/,7,117,0.0598,1.5
after,https://www.nr2f1.org/en/news/blog,7,48,0.1458,11.8
after,https://www.nr2f1.org/es/news/blog/nr2f1-foundation-grant-for-research,7,133,0.0526,9.6
after,https://www.nr2f1.org/fr/news/blog/celebrating-launch-of-bbsoas-clinic,7,369,0.019,25.2
after,https://www.nr2f1.org/fr/news/blog/research-strategy-goals,7,433,0.0162,16.0
after,https://www.nr2f1.org/news/blog/2026-Feb-Research-Update-Elsa,7,392,0.0179,13.8
after,https://www.nr2f1.org/de/news/blog/dont-worry-that-you-dont-know-you-will,6,3190,0.0019,7.9
after,https://www.nr2f1.org/en/news/blog/every-diagnosis-matters,6,270,0.0222,7.7
after,https://www.nr2f1.org/en/support-us,6,975,0.0062,6.8
after,https://www.nr2f1.org/fr/news/blog/dont-worry-that-you-dont-know-you-will,6,323,0.0186,9.5
after,https://www.nr2f1.org/fr/research,6,467,0.0128,8.5
after,https://www.nr2f1.org/fr/what-is-bbsoas#quelles-sont-les-causes-du-bbsoas-,6,649,0.0092,2.8
after,https://www.nr2f1.org/it/news/blog/irish-para-athlete-diagnosed-with-bbsoas,6,142,0.0423,6.6
after,https://www.nr2f1.org/news/blog/peggy-patient-1-birthday,6,757,0.0079,12.2
after,https://nr2f1.org/en/organization,5,261,0.0192,7.1
after,https://www.nr2f1.org/de/news/blog/new-members-to-the-board-of-directors,5,81,0.0617,8.5
after,https://www.nr2f1.org/de/news/blog/nr2f1-foundation-issues-bioinformatics-analysis-grant-to-dr-laugsch,5,1093,0.0046,2.0
after,https://www.nr2f1.org/de/organization,5,575,0.0087,10.9
after,https://www.nr2f1.org/en/news/blog/BBSOAS-research-2026-collection-dates,5,140,0.0357,11.1
after,https://www.nr2f1.org/en/news/blog/a-siblings-perspective-on-rare-disease,5,2327,0.0021,6.4
after,https://www.nr2f1.org/en/news/blog/fruit-fly-drug-repurposing-update,5,309,0.0162,10.4
after,https://www.nr2f1.org/es/news/blog/dont-worry-that-you-dont-know-you-will,5,247,0.0202,11.3
after,https://www.nr2f1.org/fr/news/blog/edith-one-familys-story-with-bbsoas,5,1025,0.0049,24.5
after,https://www.nr2f1.org/fr/register-a-patient,5,86,0.0581,28.6
after,https://www.nr2f1.org/pt-BR/news/blog/a-siblings-perspective-on-rare-disease,5,301,0.0166,9.5
after,https://www.nr2f1.org/pt-BR/news/blog/chicago-marathon-fundraiser-for-nr2f1-foundation-research,5,218,0.0229,10.4
after,https://nr2f1.org/en/what-is-bbsoas,4,810,0.0049,5.5
after,https://nr2f1.org/fr/news/blog/first-bbsoas-cvi-clinic,4,83,0.0482,8.9
after,https://nr2f1.org/grant-awarded-to-bbsoas-researcher-dr-magdalena-laugsch/,4,94,0.0426,6.3
after,https://www.nr2f1.org/de/news/blog/first-bbsoas-cvi-clinic,4,292,0.0137,17.5
after,https://www.nr2f1.org/en/fundraise,4,223,0.0179,12.9
after,https://www.nr2f1.org/en/get-involved-in-bbsoas-research,4,761,0.0053,4.0
after,https://www.nr2f1.org/es/news/blog/first-bbsoas-cvi-clinic,4,63,0.0635,7.7
after,https://www.nr2f1.org/fr/news/blog/meet-3-yr-old-aydn,4,7361,0.0005,21.0
after,https://www.nr2f1.org/it/news/blog/jennifer-coughlin-new-nr2f1-foundation-board-president,4,137,0.0292,6.8
after,https://www.nr2f1.org/organization,4,1243,0.0032,6.0
after,https://nr2f1.org/de/news/blog/nr2f1-foundation-grant-for-research,3,39,0.0769,4.3
after,https://nr2f1.org/en/news/blog/every-diagnosis-matters,3,24,0.125,6.2
after,https://nr2f1.org/en/news/blog/jennifer-coughlin-new-nr2f1-foundation-board-president,3,43,0.0698,5.8
after,https://nr2f1.org/en/what-is-bbsoas#symptoms-of-bbsoas,3,5533,0.0005,3.0
after,https://nr2f1.org/shop/,3,14,0.2143,2.9
after,https://www.nr2f1.org/de/news/blog/fruit-fly-drug-repurposing-update,3,68,0.0441,14.9
after,https://www.nr2f1.org/de/news/blog/nr2f1-to-host-strategic-research-mtg-oct-2025,3,15,0.2,10.3
after,https://www.nr2f1.org/en/news/blog/introducing-molly-carrow,3,67,0.0448,46.9
after,https://www.nr2f1.org/en/news/blog/tri4albert-raises-23k-for-the-nr2f1-foundation,3,210,0.0143,13.1
after,https://www.nr2f1.org/es/news/blog/ebony,3,593,0.0051,13.3
after,https://www.nr2f1.org/fr/news/blog/2021-research-update,3,78,0.0385,21.9
after,https://www.nr2f1.org/it/living-with-bbsoas,3,100,0.03,19.3
after,https://www.nr2f1.org/pt-BR/support-groups,3,175,0.0171,18.5
after,https://nr2f1.org/contact-us/,2,212,0.0094,17.5
after,https://nr2f1.org/en/living-with-bbsoas,2,54,0.037,7.4
after,https://nr2f1.org/en/news/blog,2,4,0.5,4.2
after,https://nr2f1.org/en/news/blog/irish-para-athlete-diagnosed-with-bbsoas,2,18,0.1111,7.1
after,https://nr2f1.org/en/news/blog/update-from-our-bbsosas-full-time-researcher-dr-wassmer,2,14,0.1429,9.9
after,https://nr2f1.org/en/support-groups,2,34,0.0588,7.5
after,https://nr2f1.org/es/what-is-bbsoas,2,26,0.0769,3.4
after,https://nr2f1.org/every-diagnosis-matters/,2,38,0.0526,7.2
after,https://nr2f1.org/financials/,2,17,0.1176,4.1
after,https://nr2f1.org/fr/news/blog/dont-worry-that-you-dont-know-you-will,2,92,0.0217,8.9
after,https://nr2f1.org/fr/news/blog/edith-one-familys-story-with-bbsoas,2,3,0.6667,4.3
after,https://nr2f1.org/it/living-with-bbsoas,2,18,0.1111,4.8
after,https://nr2f1.org/tri4albert-raises-23k-for-the-nr2f1-foundation/,2,14,0.1429,9
after,https://www.nr2f1.org/de/news/blog/10th-annual-million-dollar-bike-ride-was-a-success,2,44,0.0455,7.5
after,https://www.nr2f1.org/de/news/blog/2024-family-scientific-conference-a-resounding-success,2,48,0.0417,6.6
after,https://www.nr2f1.org/de/news/blog/bbsoas-and-bioinformatics-analysis-discovery-update,2,34,0.0588,17.3
after,https://www.nr2f1.org/de/news/blog/celebrating-launch-of-bbsoas-clinic,2,10,0.2,10.9
after,https://www.nr2f1.org/de/news/blog/irish-para-athlete-diagnosed-with-bbsoas,2,177,0.0113,10.4
after,https://www.nr2f1.org/donate,2,188,0.0106,2.3
after,https://www.nr2f1.org/en/contact-us,2,327,0.0061,9.9
after,https://www.nr2f1.org/en/news/blog/bbsoas-grief-resilience-and-wonderment,2,76,0.0263,24.0
after,https://www.nr2f1.org/en/news/blog/exclusive-interview-with-zeb,2,286,0.007,12.9
after,https://www.nr2f1.org/en/news/blog/first-international-bbsoas-awareness-day,2,52,0.0385,7.1
after,https://www.nr2f1.org/en/news/blog/my-56-year-old-Daughter-Has-Just-Been-Diagnosed,2,282,0.0071,9.8
after,https://www.nr2f1.org/en/news/blog/nr2f1-to-host-strategic-research-mtg-oct-2025,2,56,0.0357,11.3
after,https://www.nr2f1.org/en/our-financials,2,224,0.0089,11.2
after,https://www.nr2f1.org/en/strategic-plan,2,315,0.0063,8.6
after,https://www.nr2f1.org/en/volunteer,2,57,0.0351,8.4
after,https://www.nr2f1.org/en/what-is-bbsoas#symptoms-vary-among-individuals,2,11253,0.0002,3.0
after,https://www.nr2f1.org/es/news/blog/chicago-marathon-fundraiser-for-nr2f1-foundation-research,2,145,0.0138,10.2
after,https://www.nr2f1.org/es/news/blog/new-members-to-the-board-of-directors,2,96,0.0208,10.3
after,https://www.nr2f1.org/es/publications,2,299,0.0067,12.6
after,https://www.nr2f1.org/es/research,2,169,0.0118,10.3
after,https://www.nr2f1.org/fr/news/blog/2025-BioRepository-Dates-and-Locations,2,227,0.0088,20.1
after,https://www.nr2f1.org/fr/news/blog/nr2f1-foundation-is-a-new-member-of-the-rare-epilepsy-network,2,91,0.022,9.5
after,https://www.nr2f1.org/fr/news/blog/sassy-intuitive-determined-meet-6-yr-old-brooklyn-from-florida,2,96,0.0208,14.0
after,https://www.nr2f1.org/fr/resources-available-to-researchers,2,59,0.0339,8.7
after,https://www.nr2f1.org/fr/support-groups,2,244,0.0082,13.4
after,https://www.nr2f1.org/it/news/blog/bbsoas-grief-resilience-and-wonderment,2,122,0.0164,10.3
after,https://www.nr2f1.org/it/news/blog/first-bbsoas-cvi-clinic,2,132,0.0152,26.2
after,https://www.nr2f1.org/it/what-is-bbsoas#sintomi-del-bbsoas,2,76,0.0263,2.1
after,https://www.nr2f1.org/news/blog/dont-worry-that-you-dont-know-you-will,2,35,0.0571,7.0
after,https://www.nr2f1.org/support-groups,2,20,0.1,7.8
after,https://www.nr2f1.org/support-us,2,34,0.0588,3.9
after,https://www.nr2f1.org/zh-CN,2,1336,0.0015,8.5
after,https://www.nr2f1.org/zh-CN/what-is-bbsoas,2,4456,0.0004,7.9
after,https://nr2f1.org/2022-report-on-rare-disease-genetic-testing/,1,140,0.0071,13.8
after,https://nr2f1.org/bbsoas-and-speech-and-language-impairment/,1,26,0.0385,11.9
after,https://nr2f1.org/bbsoas-cvi-clinc/,1,31,0.0323,6.4
after,https://nr2f1.org/blog/page/3/,1,165,0.0061,1.0
after,https://nr2f1.org/combinedbrain-member/,1,55,0.0182,9.3
after,https://nr2f1.org/de/living-with-bbsoas,1,13,0.0769,6.2
after,https://nr2f1.org/de/news,1,1,1,48
after,https://nr2f1.org/de/news/blog/dont-worry-that-you-dont-know-you-will,1,16,0.0625,7.4
after,https://nr2f1.org/de/news/blog/nr2f1-to-host-strategic-research-mtg-oct-2025,1,5,0.2,5.8
after,https://nr2f1.org/de/news/blog/tri4albert-raises-23k-for-the-nr2f1-foundation,1,9,0.1111,8.1
after,https://nr2f1.org/de/news/blog/update-from-our-bbsosas-full-time-researcher-dr-wassmer,1,17,0.0588,10.8
after,https://nr2f1.org/donate/,1,12,0.0833,4.6
after,https://nr2f1.org/en/news/blog/dont-worry-that-you-dont-know-you-will,1,2,0.5,4.5
after,https://nr2f1.org/en/news/blog/meet-student-volunteer-abigayle-nafus,1,17,0.0588,5.2
after,https://nr2f1.org/en/what-is-bbsoas#symptoms-vary-among-individuals,1,5533,0.0002,3.0
after,https://nr2f1.org/en/what-is-bbsoas#what-causes-bbsoas,1,5533,0.0002,3.0
after,https://nr2f1.org/es/news/blog,1,1,1,1
after,https://nr2f1.org/es/news/blog/a-siblings-perspective-on-rare-disease,1,49,0.0204,9.9
after,https://nr2f1.org/es/news/blog/bbsoas-grief-resilience-and-wonderment,1,11,0.0909,10.4
after,https://nr2f1.org/es/news/blog/ebony,1,41,0.0244,8.4
after,https://nr2f1.org/es/news/blog/emma,1,21,0.0476,8.7
after,https://nr2f1.org/es/news/blog/irish-para-athlete-diagnosed-with-bbsoas,1,7,0.1429,4.9
after,https://nr2f1.org/es/news/blog/new-members-to-the-board-of-directors,1,21,0.0476,5.4
after,https://nr2f1.org/fr,1,14,0.0714,2.2
after,https://nr2f1.org/fr/news/blog/my-56-year-old-Daughter-Has-Just-Been-Diagnosed,1,14,0.0714,7.4
after,https://nr2f1.org/fr/news/blog/new-members-to-the-board-of-directors,1,11,0.0909,5.7
after,https://nr2f1.org/fr/news/blog/sassy-intuitive-determined-meet-6-yr-old-brooklyn-from-florida,1,24,0.0417,13.6
after,https://nr2f1.org/introducing-the-nr2f1-research-advisory-council/,1,29,0.0345,3.8
after,https://nr2f1.org/it,1,20,0.05,2.0
after,https://nr2f1.org/it/news/blog/chicago-marathon-fundraiser-for-nr2f1-foundation-research,1,7,0.1429,14.6
after,https://nr2f1.org/it/news/blog/dont-worry-that-you-dont-know-you-will,1,33,0.0303,6.3
after,https://nr2f1.org/it/news/blog/first-international-bbsoas-awareness-day,1,27,0.037,5.8
after,https://nr2f1.org/it/news/blog/irish-para-athlete-diagnosed-with-bbsoas,1,13,0.0769,4.4
after,https://nr2f1.org/it/what-is-bbsoas,1,37,0.027,3.3
after,https://nr2f1.org/nr2f1-foundation-global-alliance/,1,114,0.0088,1.2
after,https://nr2f1.org/pt-BR/news/blog/a-siblings-perspective-on-rare-disease,1,9,0.1111,5.4
after,https://nr2f1.org/pt-BR/news/blog/first-bbsoas-cvi-clinic,1,6,0.1667,47.3
after,https://nr2f1.org/pt-BR/news/blog/jennifer-coughlin-new-nr2f1-foundation-board-president,1,26,0.0385,6.0
after,https://nr2f1.org/research-strategy-goals/,1,19,0.0526,6.7
after,https://nr2f1.org/what-is-bbsoas/#symptoms-vary-among-individuals,1,472,0.0021,2.7
after,https://nr2f1.org/wp-content/uploads/2021/07/BBSOAS-letter-for-provider-from-DrSchaaf.pdf,1,43,0.0233,8.4
after,https://nr2f1.org/zh-CN/news/blog/nr2f1-foundation-is-a-new-member-of-the-rare-epilepsy-network,1,9,0.1111,13.9
after,https://www.nr2f1.org/de/news/blog/a-siblings-perspective-on-rare-disease,1,117,0.0085,7.9
after,https://www.nr2f1.org/de/news/blog/bbsoas-grief-resilience-and-wonderment,1,22,0.0455,8.2
after,https://www.nr2f1.org/de/news/blog/edith-one-familys-story-with-bbsoas,1,30,0.0333,17.7
after,https://www.nr2f1.org/de/news/blog/exclusive-interview-with-zeb,1,31,0.0323,22.8
after,https://www.nr2f1.org/de/news/blog/executive-director-opening,1,14,0.0714,6.7
after,https://www.nr2f1.org/de/our-financials,1,13,0.0769,5.8
after,https://www.nr2f1.org/de/partnerships,1,12,0.0833,5
after,https://www.nr2f1.org/de/publications,1,277,0.0036,11.4
after,https://www.nr2f1.org/de/what-is-bbsoas#symptome-von-bbsoas,1,320,0.0031,2.7
after,https://www.nr2f1.org/de/what-is-bbsoas#was-verursacht-bbsoas,1,320,0.0031,2.7
after,https://www.nr2f1.org/en/news,1,121,0.0083,7.5
after,https://www.nr2f1.org/en/news/blog/2022-report-on-rare-disease-genetic-testing,1,350,0.0029,11.9
after,https://www.nr2f1.org/en/news/blog/Celebrating-Contentful-Contribution-to-New-Website,1,41,0.0244,8.0
after,https://www.nr2f1.org/en/news/blog/bbsoas-and-bioinformatics-analysis-discovery-update,1,24,0.0417,16.6
after,https://www.nr2f1.org/en/news/blog/chicago-marathon-fundraiser-for-nr2f1-foundation-research,1,2,0.5,67
after,https://www.nr2f1.org/en/news/blog/emma,1,33,0.0303,10.8
after,https://www.nr2f1.org/en/news/blog/new-members-to-the-board-of-directors,1,106,0.0094,7.4
after,https://www.nr2f1.org/en/news/blog/nr2f1-foundation-is-a-new-member-of-the-rare-epilepsy-network,1,120,0.0083,6.2
after,https://www.nr2f1.org/en/news/blog/sarah-rogillio,1,59,0.0169,8.5
after,https://www.nr2f1.org/en/news/blog/sassy-intuitive-determined-meet-6-yr-old-brooklyn-from-florida,1,114,0.0088,11.3
after,https://www.nr2f1.org/en/news/blog/update-from-our-bbsosas-full-time-researcher-dr-wassmer,1,168,0.006,10.7
after,https://www.nr2f1.org/en/news/newsletter,1,1,1,1
after,https://www.nr2f1.org/en/news/podcast,1,3,0.3333,4.7
after,https://www.nr2f1.org/es/get-involved-in-bbsoas-research,1,47,0.0213,59.7
after,https://www.nr2f1.org/es/news/blog/10th-annual-million-dollar-bike-ride-was-a-success,1,36,0.0278,14.3
after,https://www.nr2f1.org/es/news/blog/BBSOAS-research-2026-collection-dates,1,6,0.1667,15
after,https://www.nr2f1.org/es/news/blog/edith-one-familys-story-with-bbsoas,1,24,0.0417,20.9
after,https://www.nr2f1.org/es/news/blog/every-diagnosis-matters,1,77,0.013,28.4
after,https://www.nr2f1.org/es/news/blog/tri4albert-raises-23k-for-the-nr2f1-foundation,1,50,0.02,19.7
after,https://www.nr2f1.org/es/news/podcast,1,1,1,1
after,https://www.nr2f1.org/es/partnerships,1,31,0.0323,11.5
after,https://www.nr2f1.org/es/what-is-bbsoas#qu-causa-el-bbsoas,1,259,0.0039,5.2
after,https://www.nr2f1.org/es/what-is-bbsoas#sntomas-del-bbsoas,1,245,0.0041,4.9
after,https://www.nr2f1.org/fr/news/blog/10th-annual-million-dollar-bike-ride-was-a-success,1,91,0.011,15.1
after,https://www.nr2f1.org/fr/news/blog/chicago-marathon-fundraiser-for-nr2f1-foundation-research,1,72,0.0139,14.8
after,https://www.nr2f1.org/fr/news/blog/meet-simon-from-chile,1,26,0.0385,11.0
after,https://www.nr2f1.org/fr/news/blog/my-56-year-old-Daughter-Has-Just-Been-Diagnosed,1,157,0.0064,13.1
after,https://www.nr2f1.org/fr/news/blog/new-members-to-the-board-of-directors,1,97,0.0103,12.8
after,https://www.nr2f1.org/fr/news/blog/nr2f1-foundation-grant-for-research,1,64,0.0156,25.1
after,https://www.nr2f1.org/fr/news/blog/nr2f1-foundation-looks-back-at-2022,1,104,0.0096,16.3
after,https://www.nr2f1.org/fr/news/blog/nr2f1-foundation-receives-matching-grant,1,69,0.0145,17.8
after,https://www.nr2f1.org/fr/news/blog/nr2f1-research-fundraising-campaign,1,97,0.0103,19.5
after,https://www.nr2f1.org/fr/news/blog/nr2f1-scientific-conference-for-families-was-a-success,1,36,0.0278,15.9
after,https://www.nr2f1.org/fr/publications,1,424,0.0024,14.4
after,https://www.nr2f1.org/fr/what-is-bbsoas#symptmes-du-syndrome-de-bbsoas,1,649,0.0015,2.8
after,https://www.nr2f1.org/fundraise,1,15,0.0667,8.3
after,https://www.nr2f1.org/it/news/blog/2024-family-scientific-conference-a-resounding-success,1,30,0.0333,6.8
after,https://www.nr2f1.org/it/news/blog/ebony,1,105,0.0095,9.7
after,https://www.nr2f1.org/it/news/blog/first-international-bbsoas-awareness-day,1,14,0.0714,6.4
after,https://www.nr2f1.org/it/news/blog/meet-student-volunteer-abigayle-nafus,1,24,0.0417,21.1
after,https://www.nr2f1.org/it/news/blog/nr2f1-foundation-grant-for-research,1,23,0.0435,5.7
after,https://www.nr2f1.org/it/news/blog/update-from-our-bbsosas-full-time-researcher-dr-wassmer,1,9,0.1111,25.8
after,https://www.nr2f1.org/it/organization,1,166,0.006,7.6
after,https://www.nr2f1.org/it/support-groups,1,11,0.0909,10.3
after,https://www.nr2f1.org/news/blog/2025-BioRepository-Dates-and-Locations,1,5,0.2,18.6
after,https://www.nr2f1.org/news/blog/patient-count-update-Nov-2025,1,250,0.004,9.5
after,https://www.nr2f1.org/news/blog/research-update-2025,1,102,0.0098,32.0
after,https://www.nr2f1.org/pt-BR/news/blog/baking-a-big-impact,1,44,0.0227,10.9
after,https://www.nr2f1.org/pt-BR/news/blog/first-international-bbsoas-awareness-day,1,537,0.0019,4.8
after,https://www.nr2f1.org/pt-BR/news/blog/meet-3-yr-old-aydn,1,104,0.0096,7.7
after,https://www.nr2f1.org/pt-BR/news/blog/new-members-to-the-board-of-directors,1,39,0.0256,11.8
after,https://www.nr2f1.org/pt-BR/news/blog/nr2f1-scientific-conference-for-families-was-a-success,1,36,0.0278,7.4
after,https://www.nr2f1.org/pt-BR/resources-available-to-researchers,1,68,0.0147,43.8
after,https://www.nr2f1.org/strategic-plan,1,18,0.0556,4.3
after,https://www.nr2f1.org/what-is-bbsoas#symptoms-of-bbsoas,1,634,0.0016,3.0
after,https://www.nr2f1.org/what-is-bbsoas#what-causes-bbsoas,1,634,0.0016,3.0
after,https://www.nr2f1.org/zh-CN/news/blog/nr2f1-foundation-is-a-new-member-of-the-rare-epilepsy-network,1,67,0.0149,9.5
after,https://www.nr2f1.org/zh-CN/support-groups,1,67,0.0149,27.8
after,http://www.nr2f1.org/,0,3,0,1.7
after,https://nr2f1.org/10th-annual-million-dollar-bike-ride-was-a-success/,0,12,0,9.3
after,https://nr2f1.org/2021-research-update/,0,7,0,6.4
after,https://nr2f1.org/2022-family-and-scientific-conference/,0,11,0,4.9
after,https://nr2f1.org/2022-in-review/,0,18,0,8.9
after,https://nr2f1.org/2023-million-dollar-bike-ride-fundraising-nr2f1-foundation/,0,14,0,10.1
after,https://nr2f1.org/2023-the-year-in-review-nr2f1-foundation/,0,2,0,5.5
after,https://nr2f1.org/2024-family-scientific-conference/,0,29,0,12.0
after,https://nr2f1.org/a-siblings-perspective-on-rare-disease/,0,1,0,13
after,https://nr2f1.org/bbsoas-and-autism-spectrum-disorder/,0,1,0,3
after,https://nr2f1.org/bbsoas-and-epilepsy/,0,1,0,10
after,https://nr2f1.org/bbsoas-and-hypotonia/,0,15,0,1.7
after,https://nr2f1.org/bbsoas-and-vision-impairment/,0,4,0,6.8
after,https://nr2f1.org/bbsoas-guides-las-guias-bbsoas/,0,5,0,75
after,https://nr2f1.org/bike-ride-fundraiser/,0,1,0,1
after,https://nr2f1.org/board-of-directors/,0,1,0,6
after,https://nr2f1.org/category/bbsoas-research/page/2/,0,1,0,11
after,https://nr2f1.org/category/board-of-directors/,0,4,0,4.2
after,https://nr2f1.org/category/nr2f1-gene/,0,7,0,1
after,https://nr2f1.org/category/nr2f1-gene/page/2/,0,2,0,3.5
after,https://nr2f1.org/category/uncategorized/,0,113,0,1.0
after,https://nr2f1.org/de,0,12,0,3.6
after,https://nr2f1.org/de/fundraise,0,5,0,7.2
after,https://nr2f1.org/de/living-with-bbsoas#bbsoas-anleitungen-verstehen,0,10,0,5.7
after,https://nr2f1.org/de/living-with-bbsoas#untersuchungen-und-therapien,0,10,0,5.7
after,https://nr2f1.org/de/news/blog,0,1,0,11
after,https://nr2f1.org/de/news/blog/2021-research-update,0,2,0,7
after,https://nr2f1.org/de/news/blog/2022-report-on-rare-disease-genetic-testing,0,4,0,6.2
after,https://nr2f1.org/de/news/blog/2023-million-dollar-bike-ride-fundraising-nr2f1-foundation,0,13,0,4.1
after,https://nr2f1.org/de/news/blog/2023-the-year-in-review-nr2f1-foundation,0,7,0,7.6
after,https://nr2f1.org/de/news/blog/2024-family-scientific-conference-a-resounding-success,0,4,0,5.8
after,https://nr2f1.org/de/news/blog/2025-BioRepository-Dates-and-Locations,0,3,0,7.3
after,https://nr2f1.org/de/news/blog/BBSOAS-research-2026-collection-dates,0,15,0,22.8
after,https://nr2f1.org/de/news/blog/Celebrating-Contentful-Contribution-to-New-Website,0,2,0,33
after,https://nr2f1.org/de/news/blog/a-siblings-perspective-on-rare-disease,0,4,0,5.8
after,https://nr2f1.org/de/news/blog/baking-a-big-impact,0,15,0,10.9
after,https://nr2f1.org/de/news/blog/bbsoas-grief-resilience-and-wonderment,0,1,0,56
after,https://nr2f1.org/de/news/blog/celebrating-launch-of-bbsoas-clinic,0,3,0,8.7
after,https://nr2f1.org/de/news/blog/charly,0,1,0,10
after,https://nr2f1.org/de/news/blog/chicago-marathon-fundraiser-for-nr2f1-foundation-research,0,5,0,13.6
after,https://nr2f1.org/de/news/blog/ebony,0,22,0,8.5
after,https://nr2f1.org/de/news/blog/edith-one-familys-story-with-bbsoas,0,11,0,4.8
after,https://nr2f1.org/de/news/blog/emma,0,10,0,11.8
after,https://nr2f1.org/de/news/blog/exclusive-interview-with-zeb,0,5,0,6.4
after,https://nr2f1.org/de/news/blog/executive-director-opening,0,8,0,5.4
after,https://nr2f1.org/de/news/blog/first-bbsoas-cvi-clinic,0,7,0,6
after,https://nr2f1.org/de/news/blog/first-international-bbsoas-awareness-day,0,15,0,17.2
after,https://nr2f1.org/de/news/blog/fruit-fly-drug-repurposing-update,0,3,0,14
after,https://nr2f1.org/de/news/blog/host-fundraiser-for-the-nr2f1-foundation,0,3,0,7
after,https://nr2f1.org/de/news/blog/introducing-molly-carrow,0,2,0,35.5
after,https://nr2f1.org/de/news/blog/introducing-the-nr2f1-research-advisory-council,0,6,0,6.8
after,https://nr2f1.org/de/news/blog/irish-para-athlete-diagnosed-with-bbsoas,0,2,0,9
after,https://nr2f1.org/de/news/blog/meet-3-yr-old-aydn,0,3,0,6.3
after,https://nr2f1.org/de/news/blog/meet-simon-from-chile,0,4,0,8.8
after,https://nr2f1.org/de/news/blog/meet-student-volunteer-abigayle-nafus,0,1,0,9
after,https://nr2f1.org/de/news/blog/my-56-year-old-Daughter-Has-Just-Been-Diagnosed,0,19,0,9.2
after,https://nr2f1.org/de/news/blog/new-members-to-the-board-of-directors,0,10,0,8.1
after,https://nr2f1.org/de/news/blog/nr2f1-foundation-chicago-marathon-fundraising-results,0,10,0,23
after,https://nr2f1.org/de/news/blog/nr2f1-foundation-is-a-new-member-of-the-rare-epilepsy-network,0,4,0,6
after,https://nr2f1.org/de/news/blog/nr2f1-foundation-issues-bioinformatics-analysis-grant-to-dr-laugsch,0,4,0,7
after,https://nr2f1.org/de/news/blog/nr2f1-foundation-looks-back-at-2022,0,5,0,8
after,https://nr2f1.org/de/news/blog/nr2f1-foundation-strategic-planning-meeting,0,3,0,6
after,https://nr2f1.org/de/news/blog/nr2f1-president-heads-to-d-c-for-2024-nord-conference,0,7,0,11.6
after,https://nr2f1.org/de/news/blog/nr2f1-research-fundraising-campaign,0,5,0,12
after,https://nr2f1.org/de/news/blog/nr2f1-scientific-conference-for-families-was-a-success,0,7,0,8.6
after,https://nr2f1.org/de/news/blog/research-strategy-goals,0,12,0,14.1
after,https://nr2f1.org/de/news/blog/sassy-intuitive-determined-meet-6-yr-old-brooklyn-from-florida,0,1,0,7
after,https://nr2f1.org/de/news/blog/welcome-leora-westbrook,0,10,0,12.6
after,https://nr2f1.org/de/organization,0,157,0,17.2
after,https://nr2f1.org/de/our-financials,0,1,0,35
after,https://nr2f1.org/de/partnerships,0,1,0,1
after,https://nr2f1.org/de/privacy-policy,0,5,0,17.6
after,https://nr2f1.org/de/publications,0,9,0,9.1
after,https://nr2f1.org/de/register-a-patient,0,2,0,6
after,https://nr2f1.org/de/research,0,5,0,6.6
after,https://nr2f1.org/de/resources-available-to-researchers,0,1,0,10
after,https://nr2f1.org/de/strategic-plan,0,2,0,73
after,https://nr2f1.org/de/support-groups,0,1,0,5
after,https://nr2f1.org/de/what-is-bbsoas,0,12,0,1.9
after,https://nr2f1.org/de/what-is-bbsoas#symptome-variieren-von-person-zu-person,0,90,0,2.9
after,https://nr2f1.org/de/what-is-bbsoas#symptome-von-bbsoas,0,90,0,2.9
after,https://nr2f1.org/de/what-is-bbsoas#was-verursacht-bbsoas,0,90,0,2.9
after,https://nr2f1.org/dont-worry-that-you-dont-know-what-it-is-all-about-yet-you-will/,0,3,0,4.7
after,https://nr2f1.org/ebony/,0,16,0,6.8
after,https://nr2f1.org/edith-one-familys-story-with-bbsoas/,0,16,0,15.6
after,https://nr2f1.org/emma/,0,1,0,4
after,https://nr2f1.org/en/contact-us,0,13,0,12.2
after,https://nr2f1.org/en/fundraise,0,42,0,7.0
after,https://nr2f1.org/en/get-involved-in-bbsoas-research,0,27,0,7.3
after,https://nr2f1.org/en/living-with-bbsoas#tests-and-therapies,0,1,0,1
after,https://nr2f1.org/en/living-with-bbsoas#understanding-bbsoas-guides,0,1,0,1
after,https://nr2f1.org/en/news,0,8,0,4.2
after,https://nr2f1.org/en/news/blog/10th-annual-million-dollar-bike-ride-was-a-success,0,6,0,6.3
after,https://nr2f1.org/en/news/blog/2022-report-on-rare-disease-genetic-testing,0,86,0,6.6
after,https://nr2f1.org/en/news/blog/2023-million-dollar-bike-ride-fundraising-nr2f1-foundation,0,1,0,8
after,https://nr2f1.org/en/news/blog/2024-family-scientific-conference-a-resounding-success,0,13,0,12.9
after,https://nr2f1.org/en/news/blog/2025-BioRepository-Dates-and-Locations,0,2,0,6.5
after,https://nr2f1.org/en/news/blog/BBSOAS-research-2026-collection-dates,0,4,0,6.2
after,https://nr2f1.org/en/news/blog/Celebrating-Contentful-Contribution-to-New-Website,0,8,0,7.8
after,https://nr2f1.org/en/news/blog/baking-a-big-impact,0,7,0,10.7
after,https://nr2f1.org/en/news/blog/bbsoas-and-bioinformatics-analysis-discovery-update,0,35,0,15
after,https://nr2f1.org/en/news/blog/bbsoas-grief-resilience-and-wonderment,0,3,0,7
after,https://nr2f1.org/en/news/blog/celebrating-launch-of-bbsoas-clinic,0,1,0,3
after,https://nr2f1.org/en/news/blog/charly,0,5,0,7.8
after,https://nr2f1.org/en/news/blog/chicago-marathon-fundraiser-for-nr2f1-foundation-research,0,11,0,10.7
after,https://nr2f1.org/en/news/blog/ebony,0,3,0,4.7
after,https://nr2f1.org/en/news/blog/edith-one-familys-story-with-bbsoas,0,2,0,5.5
after,https://nr2f1.org/en/news/blog/emma,0,4,0,9.2
after,https://nr2f1.org/en/news/blog/fruit-fly-drug-repurposing-project,0,2,0,10.5
after,https://nr2f1.org/en/news/blog/fruit-fly-drug-repurposing-update,0,6,0,4.7
after,https://nr2f1.org/en/news/blog/host-fundraiser-for-the-nr2f1-foundation,0,4,0,4.8
after,https://nr2f1.org/en/news/blog/introducing-the-nr2f1-research-advisory-council,0,2,0,1
after,https://nr2f1.org/en/news/blog/meet-3-yr-old-aydn,0,3,0,9
after,https://nr2f1.org/en/news/blog/my-56-year-old-Daughter-Has-Just-Been-Diagnosed,0,20,0,11
after,https://nr2f1.org/en/news/blog/new-members-to-the-board-of-directors,0,1,0,4
after,https://nr2f1.org/en/news/blog/nr2f1-foundation-grant-for-research,0,1,0,10
after,https://nr2f1.org/en/news/blog/nr2f1-foundation-looks-back-at-2022,0,7,0,5.1
after,https://nr2f1.org/en/news/blog/nr2f1-foundation-strategic-planning-meeting,0,1,0,7
after,https://nr2f1.org/en/news/blog/nr2f1-president-heads-to-d-c-for-2024-nord-conference,0,14,0,10.7
after,https://nr2f1.org/en/news/blog/nr2f1-research-fundraising-campaign,0,2,0,3
after,https://nr2f1.org/en/news/blog/nr2f1-to-host-strategic-research-mtg-oct-2025,0,8,0,11.2
after,https://nr2f1.org/en/news/blog/research-strategy-goals,0,1,0,20
after,https://nr2f1.org/en/news/blog/sassy-intuitive-determined-meet-6-yr-old-brooklyn-from-florida,0,1,0,1
after,https://nr2f1.org/en/news/blog/tri4albert-raises-23k-for-the-nr2f1-foundation,0,12,0,8
after,https://nr2f1.org/en/news/podcast,0,2,0,5.5
after,https://nr2f1.org/en/organization#board-members,0,23,0,3.7
after,https://nr2f1.org/en/organization#executive-director,0,11,0,3.8
after,https://nr2f1.org/en/organization#scientific-advisory-board,0,23,0,3.7
after,https://nr2f1.org/en/organization#volunteers,0,23,0,3.7
after,https://nr2f1.org/en/our-financials,0,1,0,9
after,https://nr2f1.org/en/partnerships,0,3,0,10.7
after,https://nr2f1.org/en/privacy-policy,0,1,0,1
after,https://nr2f1.org/en/publications,0,157,0,9.0
after,https://nr2f1.org/en/register-a-patient,0,17,0,4
after,https://nr2f1.org/en/research,0,1,0,7
after,https://nr2f1.org/en/resources-available-to-researchers,0,23,0,4.0
after,https://nr2f1.org/en/strategic-plan,0,3,0,3
after,https://nr2f1.org/en/support-us,0,5,0,3.6
after,https://nr2f1.org/en/volunteer,0,2,0,6
after,https://nr2f1.org/es,0,14,0,1
after,https://nr2f1.org/es/contact-us,0,1,0,11
after,https://nr2f1.org/es/donate,0,1,0,10
after,https://nr2f1.org/es/fundraise,0,2,0,13.5
after,https://nr2f1.org/es/get-involved-in-bbsoas-research,0,11,0,25.3
after,https://nr2f1.org/es/living-with-bbsoas,0,1,0,8
after,https://nr2f1.org/es/news/blog/10th-annual-million-dollar-bike-ride-was-a-success,0,8,0,10
after,https://nr2f1.org/es/news/blog/2022-report-on-rare-disease-genetic-testing,0,34,0,13.7
after,https://nr2f1.org/es/news/blog/2023-million-dollar-bike-ride-fundraising-nr2f1-foundation,0,1,0,10
after,https://nr2f1.org/es/news/blog/2023-the-year-in-review-nr2f1-foundation,0,2,0,7.5
after,https://nr2f1.org/es/news/blog/2024-family-scientific-conference-a-resounding-success,0,4,0,16.8
after,https://nr2f1.org/es/news/blog/BBSOAS-research-2026-collection-dates,0,2,0,8.5
after,https://nr2f1.org/es/news/blog/Celebrating-Contentful-Contribution-to-New-Website,0,1,0,6
after,https://nr2f1.org/es/news/blog/baking-a-big-impact,0,40,0,12.4
after,https://nr2f1.org/es/news/blog/bbsoas-and-bioinformatics-analysis-discovery-update,0,1,0,11
after,https://nr2f1.org/es/news/blog/celebrating-launch-of-bbsoas-clinic,0,1,0,9
after,https://nr2f1.org/es/news/blog/charly,0,7,0,11.3
after,https://nr2f1.org/es/news/blog/chicago-marathon-fundraiser-for-nr2f1-foundation-research,0,19,0,8.1
after,https://nr2f1.org/es/news/blog/dont-worry-that-you-dont-know-you-will,0,5,0,10.8
after,https://nr2f1.org/es/news/blog/edith-one-familys-story-with-bbsoas,0,1,0,46
after,https://nr2f1.org/es/news/blog/every-diagnosis-matters,0,25,0,51.4
after,https://nr2f1.org/es/news/blog/first-bbsoas-cvi-clinic,0,11,0,14.2
after,https://nr2f1.org/es/news/blog/first-international-bbsoas-awareness-day,0,1,0,10
after,https://nr2f1.org/es/news/blog/fruit-fly-drug-repurposing-project,0,2,0,8
after,https://nr2f1.org/es/news/blog/host-fundraiser-for-the-nr2f1-foundation,0,7,0,12.9
after,https://nr2f1.org/es/news/blog/introducing-molly-carrow,0,3,0,5.7
after,https://nr2f1.org/es/news/blog/introducing-the-nr2f1-research-advisory-council,0,2,0,9
after,https://nr2f1.org/es/news/blog/leadership-updates,0,2,0,6.5
after,https://nr2f1.org/es/news/blog/meet-3-yr-old-aydn,0,22,0,8.3
after,https://nr2f1.org/es/news/blog/meet-student-volunteer-abigayle-nafus,0,6,0,9
after,https://nr2f1.org/es/news/blog/my-56-year-old-Daughter-Has-Just-Been-Diagnosed,0,8,0,5.9
after,https://nr2f1.org/es/news/blog/nr2f1-foundation-chicago-marathon-fundraising-results,0,1,0,9
after,https://nr2f1.org/es/news/blog/nr2f1-foundation-grant-for-research,0,2,0,9
after,https://nr2f1.org/es/news/blog/nr2f1-foundation-issues-bioinformatics-analysis-grant-to-dr-laugsch,0,1,0,8
after,https://nr2f1.org/es/news/blog/nr2f1-foundation-looks-back-at-2022,0,5,0,3.2
after,https://nr2f1.org/es/news/blog/nr2f1-foundation-receives-matching-grant,0,4,0,8.2
after,https://nr2f1.org/es/news/blog/nr2f1-foundation-strategic-planning-meeting,0,4,0,6.2
after,https://nr2f1.org/es/news/blog/nr2f1-president-heads-to-d-c-for-2024-nord-conference,0,1,0,8
after,https://nr2f1.org/es/news/blog/nr2f1-research-fundraising-campaign,0,1,0,9
after,https://nr2f1.org/es/news/blog/research-strategy-goals,0,2,0,6
after,https://nr2f1.org/es/news/blog/sarah-rogillio,0,23,0,41.1
after,https://nr2f1.org/es/news/blog/sassy-intuitive-determined-meet-6-yr-old-brooklyn-from-florida,0,51,0,13.0
after,https://nr2f1.org/es/news/blog/tri4albert-raises-23k-for-the-nr2f1-foundation,0,13,0,43.3
after,https://nr2f1.org/es/news/blog/update-from-our-bbsosas-full-time-researcher-dr-wassmer,0,2,0,6
after,https://nr2f1.org/es/news/blog/welcome-leora-westbrook,0,1,0,17
after,https://nr2f1.org/es/news/newsletter,0,1,0,27
after,https://nr2f1.org/es/organization,0,46,0,3.9
after,https://nr2f1.org/es/patient-count,0,9,0,7.3
after,https://nr2f1.org/es/privacy-policy,0,5,0,5
after,https://nr2f1.org/es/publications,0,1,0,12
after,https://nr2f1.org/es/register-a-patient,0,6,0,9.3
after,https://nr2f1.org/es/research,0,6,0,5
after,https://nr2f1.org/es/resources-available-to-researchers,0,2,0,5.5
after,https://nr2f1.org/es/strategic-plan,0,7,0,8.7
after,https://nr2f1.org/es/support-groups,0,11,0,9.1
after,https://nr2f1.org/es/support-us,0,5,0,7.6
after,https://nr2f1.org/es/what-is-bbsoas#los-sntomas-varan-entre-lose-individuos,0,98,0,3.3
after,https://nr2f1.org/es/what-is-bbsoas#qu-causa-el-bbsoas,0,98,0,3.3
after,https://nr2f1.org/es/what-is-bbsoas#sntomas-del-bbsoas,0,98,0,3.3
after,https://nr2f1.org/exclusive-interview-with-zeb/,0,26,0,7.7
after,https://nr2f1.org/first-international-bbsoas-awareness-day/,0,4,0,5
after,https://nr2f1.org/fr/donate,0,2,0,4.5
after,https://nr2f1.org/fr/fundraise,0,1,0,12
after,https://nr2f1.org/fr/get-involved-in-bbsoas-research,0,2,0,4.5
after,https://nr2f1.org/fr/living-with-bbsoas,0,7,0,6
after,https://nr2f1.org/fr/living-with-bbsoas#comprendre-les-guides-bbsoas,0,99,0,7.3
after,https://nr2f1.org/fr/living-with-bbsoas#tests-et-thrapies,0,99,0,7.3
after,https://nr2f1.org/fr/news/blog/10th-annual-million-dollar-bike-ride-was-a-success,0,21,0,10.9
after,https://nr2f1.org/fr/news/blog/2021-research-update,0,1,0,6
after,https://nr2f1.org/fr/news/blog/2022-report-on-rare-disease-genetic-testing,0,12,0,11.3
after,https://nr2f1.org/fr/news/blog/2023-million-dollar-bike-ride-fundraising-nr2f1-foundation,0,3,0,8
after,https://nr2f1.org/fr/news/blog/2023-the-year-in-review-nr2f1-foundation,0,2,0,5.5
after,https://nr2f1.org/fr/news/blog/2024-family-scientific-conference-a-resounding-success,0,8,0,4.2
after,https://nr2f1.org/fr/news/blog/2025-BioRepository-Dates-and-Locations,0,4,0,6
after,https://nr2f1.org/fr/news/blog/a-siblings-perspective-on-rare-disease,0,3,0,8.7
after,https://nr2f1.org/fr/news/blog/baking-a-big-impact,0,1,0,3
after,https://nr2f1.org/fr/news/blog/bbsoas-and-bioinformatics-analysis-discovery-update,0,4,0,7.8
after,https://nr2f1.org/fr/news/blog/bbsoas-grief-resilience-and-wonderment,0,1,0,6
after,https://nr2f1.org/fr/news/blog/celebrating-launch-of-bbsoas-clinic,0,2,0,14
after,https://nr2f1.org/fr/news/blog/chicago-marathon-fundraiser-for-nr2f1-foundation-research,0,6,0,5
after,https://nr2f1.org/fr/news/blog/ebony,0,22,0,7.2
after,https://nr2f1.org/fr/news/blog/emma,0,24,0,11.1
after,https://nr2f1.org/fr/news/blog/every-diagnosis-matters,0,1,0,9
after,https://nr2f1.org/fr/news/blog/exclusive-interview-with-zeb,0,1,0,8
after,https://nr2f1.org/fr/news/blog/first-international-bbsoas-awareness-day,0,14,0,5.1
after,https://nr2f1.org/fr/news/blog/introducing-molly-carrow,0,1,0,5
after,https://nr2f1.org/fr/news/blog/introducing-the-nr2f1-research-advisory-council,0,4,0,5
after,https://nr2f1.org/fr/news/blog/irish-para-athlete-diagnosed-with-bbsoas,0,4,0,6.5
after,https://nr2f1.org/fr/news/blog/jennifer-coughlin-new-nr2f1-foundation-board-president,0,1,0,18
after,https://nr2f1.org/fr/news/blog/meet-3-yr-old-aydn,0,36,0,10.2
after,https://nr2f1.org/fr/news/blog/meet-simon-from-chile,0,13,0,10.1
after,https://nr2f1.org/fr/news/blog/meet-student-volunteer-abigayle-nafus,0,3,0,3
after,https://nr2f1.org/fr/news/blog/nr2f1-foundation-chicago-marathon-fundraising-results,0,1,0,9
after,https://nr2f1.org/fr/news/blog/nr2f1-foundation-grant-for-research,0,10,0,10.4
after,https://nr2f1.org/fr/news/blog/nr2f1-foundation-is-a-new-member-of-the-rare-epilepsy-network,0,24,0,8.5
after,https://nr2f1.org/fr/news/blog/nr2f1-foundation-issues-bioinformatics-analysis-grant-to-dr-laugsch,0,7,0,8.1
after,https://nr2f1.org/fr/news/blog/nr2f1-foundation-looks-back-at-2022,0,10,0,13.7
after,https://nr2f1.org/fr/news/blog/nr2f1-foundation-receives-matching-grant,0,3,0,9
after,https://nr2f1.org/fr/news/blog/nr2f1-foundation-strategic-planning-meeting,0,1,0,4
after,https://nr2f1.org/fr/news/blog/nr2f1-president-heads-to-d-c-for-2024-nord-conference,0,2,0,7
after,https://nr2f1.org/fr/news/blog/nr2f1-research-fundraising-campaign,0,1,0,10
after,https://nr2f1.org/fr/news/blog/nr2f1-scientific-conference-for-families-was-a-success,0,3,0,5.3
after,https://nr2f1.org/fr/news/blog/nr2f1-to-host-strategic-research-mtg-oct-2025,0,4,0,6.2
after,https://nr2f1.org/fr/news/blog/patient-count-update-Nov-2025,0,5,0,15.2
after,https://nr2f1.org/fr/news/blog/tri4albert-raises-23k-for-the-nr2f1-foundation,0,4,0,5.5
after,https://nr2f1.org/fr/news/blog/update-from-our-bbsosas-full-time-researcher-dr-wassmer,0,10,0,6.7
after,https://nr2f1.org/fr/organization,0,4,0,6
after,https://nr2f1.org/fr/partnerships,0,8,0,5
after,https://nr2f1.org/fr/patient-count,0,43,0,18.2
after,https://nr2f1.org/fr/privacy-policy,0,4,0,56.8
after,https://nr2f1.org/fr/publications,0,11,0,6
after,https://nr2f1.org/fr/register-a-patient,0,13,0,10.2
after,https://nr2f1.org/fr/research,0,3,0,6
after,https://nr2f1.org/fr/resources-available-to-researchers,0,2,0,3.5
after,https://nr2f1.org/fr/strategic-plan,0,1,0,40
after,https://nr2f1.org/fr/support-groups,0,3,0,4.7
after,https://nr2f1.org/fr/volunteer,0,17,0,7
after,https://nr2f1.org/fr/what-is-bbsoas#les-symptmes-varient-fortement-dun-individu--lautre,0,44,0,3.1
after,https://nr2f1.org/fr/what-is-bbsoas#mode-de-transmission,0,32,0,2.4
after,https://nr2f1.org/fr/what-is-bbsoas#modle-dhritage,0,23,0,4.2
after,https://nr2f1.org/fr/what-is-bbsoas#quelles-sont-les-causes-du-bbsoas-,0,351,0,2.4
after,https://nr2f1.org/fr/what-is-bbsoas#symptmes-du-syndrome-de-bbsoas,0,382,0,2.4
after,https://nr2f1.org/henry/,0,6,0,4.2
after,https://nr2f1.org/irish-para-athlete-diagnosed-with-bbsoas/,0,17,0,13.3
after,https://nr2f1.org/it/donate,0,2,0,8.5
after,https://nr2f1.org/it/fundraise,0,3,0,10.3
after,https://nr2f1.org/it/get-involved-in-bbsoas-research,0,1,0,9
after,https://nr2f1.org/it/news,0,5,0,4
after,https://nr2f1.org/it/news/blog/10th-annual-million-dollar-bike-ride-was-a-success,0,2,0,10
after,https://nr2f1.org/it/news/blog/2023-the-year-in-review-nr2f1-foundation,0,1,0,8
after,https://nr2f1.org/it/news/blog/2024-family-scientific-conference-a-resounding-success,0,4,0,8
after,https://nr2f1.org/it/news/blog/Celebrating-Contentful-Contribution-to-New-Website,0,4,0,9.2
after,https://nr2f1.org/it/news/blog/a-siblings-perspective-on-rare-disease,0,9,0,7.8
after,https://nr2f1.org/it/news/blog/baking-a-big-impact,0,7,0,22.3
after,https://nr2f1.org/it/news/blog/bbsoas-grief-resilience-and-wonderment,0,14,0,9.1
after,https://nr2f1.org/it/news/blog/drug-repurposing-observational-study-aug2026-update,0,3,0,9.7
after,https://nr2f1.org/it/news/blog/ebony,0,5,0,8.4
after,https://nr2f1.org/it/news/blog/every-diagnosis-matters,0,7,0,69.9
after,https://nr2f1.org/it/news/blog/first-bbsoas-cvi-clinic,0,13,0,16.2
after,https://nr2f1.org/it/news/blog/introducing-the-nr2f1-research-advisory-council,0,1,0,1
after,https://nr2f1.org/it/news/blog/jennifer-coughlin-new-nr2f1-foundation-board-president,0,31,0,8.6
after,https://nr2f1.org/it/news/blog/meet-3-yr-old-aydn,0,2,0,12
after,https://nr2f1.org/it/news/blog/meet-simon-from-chile,0,1,0,12
after,https://nr2f1.org/it/news/blog/meet-student-volunteer-abigayle-nafus,0,9,0,13.1
after,https://nr2f1.org/it/news/blog/my-56-year-old-Daughter-Has-Just-Been-Diagnosed,0,8,0,10.6
after,https://nr2f1.org/it/news/blog/nr2f1-foundation-grant-for-research,0,1,0,6
after,https://nr2f1.org/it/news/blog/nr2f1-foundation-looks-back-at-2022,0,1,0,6
after,https://nr2f1.org/it/news/blog/nr2f1-scientific-conference-for-families-was-a-success,0,2,0,3
after,https://nr2f1.org/it/news/blog/research-strategy-goals,0,6,0,12.2
after,https://nr2f1.org/it/news/blog/tri4albert-raises-23k-for-the-nr2f1-foundation,0,1,0,10
after,https://nr2f1.org/it/news/blog/update-from-our-bbsosas-full-time-researcher-dr-wassmer,0,3,0,7.7
after,https://nr2f1.org/it/organization,0,1019,0,16.3
after,https://nr2f1.org/it/research,0,17,0,5.1
after,https://nr2f1.org/it/resources-available-to-researchers,0,1,0,4
after,https://nr2f1.org/it/strategic-plan,0,4,0,11.8
after,https://nr2f1.org/it/support-groups,0,1,0,10
after,https://nr2f1.org/it/what-is-bbsoas#cosa-causa-il-bbsoas,0,43,0,2.3
after,https://nr2f1.org/it/what-is-bbsoas#i-sintomi-variano-tra-gli-individui,0,43,0,2.3
after,https://nr2f1.org/it/what-is-bbsoas#sintomi-del-bbsoas,0,43,0,2.3
after,https://nr2f1.org/library-of-research-publications/,0,225,0,7.9
after,https://nr2f1.org/meet-3-yr-old-aydn/,0,31,0,11.1
after,https://nr2f1.org/meet-simon-from-chile/,0,6,0,10.3
after,https://nr2f1.org/meet-student-volunteer-abigayle-nafus/,0,2,0,2.5
after,https://nr2f1.org/news/blog/celebrating-launch-of-bbsoas-clinic,0,2,0,25
after,https://nr2f1.org/news/blog/dont-worry-that-you-dont-know-you-will,0,1,0,61
after,https://nr2f1.org/news/blog/exclusive-interview-with-zeb,0,5,0,6
after,https://nr2f1.org/news/blog/nr2f1-foundation-is-a-new-member-of-the-rare-epilepsy-network,0,18,0,5.2
after,https://nr2f1.org/news/blog/sassy-intuitive-determined-meet-6-yr-old-brooklyn-from-florida,0,1,0,12
after,https://nr2f1.org/nr2f1-foundation-looks-back-at-2022/,0,60,0,4.1
after,https://nr2f1.org/nr2f1-foundation-strategic-planning-meeting/,0,6,0,11.7
after,https://nr2f1.org/nr2f1-gene/,0,6,0,1.7
after,https://nr2f1.org/nr2f1-merchandise-store-grand-opening/,0,6,0,7.8
after,https://nr2f1.org/parent-support-resource-groups/,0,10,0,13.5
after,https://nr2f1.org/patient-registry/,0,2,0,7
after,https://nr2f1.org/privacy-policy/,0,4,0,117.8
after,https://nr2f1.org/pt-BR,0,25,0,5.8
after,https://nr2f1.org/pt-BR/contact-us,0,1,0,6
after,https://nr2f1.org/pt-BR/donate,0,1,0,42
after,https://nr2f1.org/pt-BR/fundraise,0,32,0,9.5
after,https://nr2f1.org/pt-BR/news/blog,0,1,0,11
after,https://nr2f1.org/pt-BR/news/blog/10th-annual-million-dollar-bike-ride-was-a-success,0,1,0,11
after,https://nr2f1.org/pt-BR/news/blog/2022-report-on-rare-disease-genetic-testing,0,4,0,24.5
after,https://nr2f1.org/pt-BR/news/blog/2023-the-year-in-review-nr2f1-foundation,0,4,0,6
after,https://nr2f1.org/pt-BR/news/blog/2025-BioRepository-Dates-and-Locations,0,4,0,4.2
after,https://nr2f1.org/pt-BR/news/blog/Celebrating-Contentful-Contribution-to-New-Website,0,4,0,5.5
after,https://nr2f1.org/pt-BR/news/blog/baking-a-big-impact,0,11,0,13.6
after,https://nr2f1.org/pt-BR/news/blog/bbsoas-and-bioinformatics-analysis-discovery-update,0,2,0,7.5
after,https://nr2f1.org/pt-BR/news/blog/bbsoas-grandparent-support-group,0,3,0,12
after,https://nr2f1.org/pt-BR/news/blog/bbsoas-grief-resilience-and-wonderment,0,2,0,9.5
after,https://nr2f1.org/pt-BR/news/blog/charly,0,1,0,2
after,https://nr2f1.org/pt-BR/news/blog/chicago-marathon-fundraiser-for-nr2f1-foundation-research,0,16,0,7.6
after,https://nr2f1.org/pt-BR/news/blog/dont-worry-that-you-dont-know-you-will,0,7,0,6.6
after,https://nr2f1.org/pt-BR/news/blog/ebony,0,22,0,7.1
after,https://nr2f1.org/pt-BR/news/blog/first-international-bbsoas-awareness-day,0,4,0,3
after,https://nr2f1.org/pt-BR/news/blog/fruit-fly-drug-repurposing-project,0,1,0,11
after,https://nr2f1.org/pt-BR/news/blog/introducing-the-nr2f1-research-advisory-council,0,3,0,7
after,https://nr2f1.org/pt-BR/news/blog/irish-para-athlete-diagnosed-with-bbsoas,0,1,0,9
after,https://nr2f1.org/pt-BR/news/blog/leadership-updates,0,15,0,13.2
after,https://nr2f1.org/pt-BR/news/blog/meet-3-yr-old-aydn,0,15,0,11.7
after,https://nr2f1.org/pt-BR/news/blog/meet-simon-from-chile,0,9,0,9
after,https://nr2f1.org/pt-BR/news/blog/meet-student-volunteer-abigayle-nafus,0,2,0,6
after,https://nr2f1.org/pt-BR/news/blog/my-56-year-old-Daughter-Has-Just-Been-Diagnosed,0,12,0,14.3
after,https://nr2f1.org/pt-BR/news/blog/new-members-to-the-board-of-directors,0,1,0,10
after,https://nr2f1.org/pt-BR/news/blog/nr2f1-foundation-chicago-marathon-fundraising-results,0,2,0,80
after,https://nr2f1.org/pt-BR/news/blog/nr2f1-foundation-grant-for-research,0,4,0,7.8
after,https://nr2f1.org/pt-BR/news/blog/nr2f1-foundation-is-a-new-member-of-the-rare-epilepsy-network,0,1,0,3
after,https://nr2f1.org/pt-BR/news/blog/nr2f1-foundation-issues-bioinformatics-analysis-grant-to-dr-laugsch,0,2,0,9
after,https://nr2f1.org/pt-BR/news/blog/nr2f1-foundation-looks-back-at-2022,0,10,0,7.4
after,https://nr2f1.org/pt-BR/news/blog/nr2f1-foundation-receives-matching-grant,0,1,0,5
after,https://nr2f1.org/pt-BR/news/blog/nr2f1-president-heads-to-d-c-for-2024-nord-conference,0,5,0,16.6
after,https://nr2f1.org/pt-BR/news/blog/nr2f1-research-fundraising-campaign,0,4,0,1
after,https://nr2f1.org/pt-BR/news/blog/nr2f1-to-host-strategic-research-mtg-oct-2025,0,2,0,41
after,https://nr2f1.org/pt-BR/news/blog/research-strategy-goals,0,1,0,6
after,https://nr2f1.org/pt-BR/news/blog/sassy-intuitive-determined-meet-6-yr-old-brooklyn-from-florida,0,2,0,6.5
after,https://nr2f1.org/pt-BR/news/blog/tri4albert-raises-23k-for-the-nr2f1-foundation,0,3,0,7
after,https://nr2f1.org/pt-BR/organization,0,5,0,10.6
after,https://nr2f1.org/pt-BR/our-financials,0,1,0,3
after,https://nr2f1.org/pt-BR/partnerships,0,1,0,39
after,https://nr2f1.org/pt-BR/publications,0,4,0,10.8
after,https://nr2f1.org/pt-BR/research,0,10,0,8.7
after,https://nr2f1.org/pt-BR/strategic-plan,0,3,0,5
after,https://nr2f1.org/pt-BR/support-groups,0,1,0,10
after,https://nr2f1.org/pt-BR/support-us,0,2,0,10.5
after,https://nr2f1.org/pt-BR/volunteer,0,9,0,7.9
after,https://nr2f1.org/pt-BR/what-is-bbsoas,0,11,0,2.2
after,https://nr2f1.org/pt-BR/what-is-bbsoas#o-que-causa-o-bbsoas,0,1,0,2
after,https://nr2f1.org/pt-BR/what-is-bbsoas#os-sintomas-variam-entre-os-indivduos,0,1,0,2
after,https://nr2f1.org/pt-BR/what-is-bbsoas#sintomas-do-bbsoas,0,1,0,2
after,https://nr2f1.org/resources/,0,41,0,36.4
after,https://nr2f1.org/sassy-intuitive-determined-meet-6-yr-old-brooklyn-from-florida/,0,3,0,8
after,https://nr2f1.org/strategic-plan-for-2023-2027/,0,1,0,10
after,https://nr2f1.org/volunteers-and-opportunities/,0,2,0,5.5
after,https://nr2f1.org/what-is-bbsoas/#symptoms-of-bbsoas,0,473,0,2.7
after,https://nr2f1.org/what-is-bbsoas/#what-causes-bbsoas,0,473,0,2.7
after,https://nr2f1.org/wp-content/uploads/2022/06/Cortical-Visual-Impairment-Caregiver-Resource.pdf,0,4,0,10
after,https://nr2f1.org/wp-content/uploads/2023/05/NR2F1-STRATEGIC-FINAL_0523.pdf,0,74,0,2.2
after,https://nr2f1.org/wp-content/uploads/2023/10/November-2021.pdf,0,2,0,9.5
after,https://nr2f1.org/zh-CN,0,15,0,6
after,https://nr2f1.org/zh-CN/living-with-bbsoas,0,21,0,12.6
after,https://nr2f1.org/zh-CN/news,0,2,0,8
after,https://nr2f1.org/zh-CN/news/blog/BBSOAS-research-2026-collection-dates,0,2,0,96
after,https://nr2f1.org/zh-CN/news/blog/Celebrating-Contentful-Contribution-to-New-Website,0,3,0,3.3
after,https://nr2f1.org/zh-CN/news/blog/baking-a-big-impact,0,1,0,25
after,https://nr2f1.org/zh-CN/news/blog/bbsoas-grief-resilience-and-wonderment,0,74,0,12.0
after,https://nr2f1.org/zh-CN/news/blog/chicago-marathon-fundraiser-for-nr2f1-foundation-research,0,1,0,12
after,https://nr2f1.org/zh-CN/news/blog/dont-worry-that-you-dont-know-you-will,0,38,0,8.9
after,https://nr2f1.org/zh-CN/news/blog/ebony,0,3,0,14
after,https://nr2f1.org/zh-CN/news/blog/every-diagnosis-matters,0,3,0,10.3
after,https://nr2f1.org/zh-CN/news/blog/exclusive-interview-with-zeb,0,1,0,5
after,https://nr2f1.org/zh-CN/news/blog/executive-director-opening,0,100,0,13.7
after,https://nr2f1.org/zh-CN/news/blog/first-bbsoas-cvi-clinic,0,1,0,4
after,https://nr2f1.org/zh-CN/news/blog/introducing-molly-carrow,0,6,0,18.8
after,https://nr2f1.org/zh-CN/news/blog/meet-simon-from-chile,0,13,0,44
after,https://nr2f1.org/zh-CN/news/blog/meet-student-volunteer-abigayle-nafus,0,2,0,6
after,https://nr2f1.org/zh-CN/news/blog/research-strategy-goals,0,10,0,12.2
after,https://nr2f1.org/zh-CN/news/blog/sarah-rogillio,0,8,0,13.5
after,https://nr2f1.org/zh-CN/news/blog/welcome-leora-westbrook,0,5,0,18.6
after,https://nr2f1.org/zh-CN/organization,0,88,0,9.2
after,https://nr2f1.org/zh-CN/register-a-patient,0,6,0,4.5
after,https://nr2f1.org/zh-CN/research,0,3,0,4
after,https://nr2f1.org/zh-CN/resources-available-to-researchers,0,4,0,7.5
after,https://nr2f1.org/zh-CN/support-groups,0,7,0,10
after,https://nr2f1.org/zh-CN/what-is-bbsoas,0,20,0,4.5
after,https://www.nr2f1.org/_next/static/media/f141b5b7abe57afc-s.p.0de3c900.woff2,0,1,0,25
after,https://www.nr2f1.org/contact-us,0,49,0,7.8
after,https://www.nr2f1.org/de/contact-us,0,2,0,4
after,https://www.nr2f1.org/de/donate,0,2,0,3
after,https://www.nr2f1.org/de/fundraise,0,17,0,3.5
after,https://www.nr2f1.org/de/get-involved-in-bbsoas-research,0,2,0,9
after,https://www.nr2f1.org/de/living-with-bbsoas#bbsoas-anleitungen-verstehen,0,38,0,5.6
after,https://www.nr2f1.org/de/living-with-bbsoas#untersuchungen-und-therapien,0,38,0,5.6
after,https://www.nr2f1.org/de/news,0,2,0,13
after,https://www.nr2f1.org/de/news/blog,0,1,0,8
after,https://www.nr2f1.org/de/news/blog/2022-report-on-rare-disease-genetic-testing,0,5,0,14
after,https://www.nr2f1.org/de/news/blog/2023-million-dollar-bike-ride-fundraising-nr2f1-foundation,0,31,0,4.6
after,https://www.nr2f1.org/de/news/blog/2023-the-year-in-review-nr2f1-foundation,0,56,0,8.4
after,https://www.nr2f1.org/de/news/blog/2025-BioRepository-Dates-and-Locations,0,14,0,17.1
after,https://www.nr2f1.org/de/news/blog/BBSOAS-research-2026-collection-dates,0,41,0,7
after,https://www.nr2f1.org/de/news/blog/Celebrating-Contentful-Contribution-to-New-Website,0,6,0,14
after,https://www.nr2f1.org/de/news/blog/baking-a-big-impact,0,10,0,8.2
after,https://www.nr2f1.org/de/news/blog/charly,0,76,0,34.1
after,https://www.nr2f1.org/de/news/blog/chicago-marathon-fundraiser-for-nr2f1-foundation-research,0,8,0,29.2
after,https://www.nr2f1.org/de/news/blog/drug-repurposing-observational-study-aug2026-update,0,12,0,5.3
after,https://www.nr2f1.org/de/news/blog/ebony,0,63,0,10.3
after,https://www.nr2f1.org/de/news/blog/emma,0,49,0,15.6
after,https://www.nr2f1.org/de/news/blog/every-diagnosis-matters,0,16,0,31.8
after,https://www.nr2f1.org/de/news/blog/first-international-bbsoas-awareness-day,0,63,0,7
after,https://www.nr2f1.org/de/news/blog/fruit-fly-drug-repurposing-project,0,2,0,10
after,https://www.nr2f1.org/de/news/blog/host-fundraiser-for-the-nr2f1-foundation,0,11,0,8.8
after,https://www.nr2f1.org/de/news/blog/introducing-molly-carrow,0,3,0,9
after,https://www.nr2f1.org/de/news/blog/introducing-the-nr2f1-research-advisory-council,0,19,0,10.6
after,https://www.nr2f1.org/de/news/blog/jennifer-coughlin-new-nr2f1-foundation-board-president,0,2,0,6
after,https://www.nr2f1.org/de/news/blog/leadership-updates,0,11,0,34
after,https://www.nr2f1.org/de/news/blog/meet-3-yr-old-aydn,0,5,0,18.6
after,https://www.nr2f1.org/de/news/blog/meet-simon-from-chile,0,4,0,8
after,https://www.nr2f1.org/de/news/blog/meet-student-volunteer-abigayle-nafus,0,13,0,5.6
after,https://www.nr2f1.org/de/news/blog/my-56-year-old-Daughter-Has-Just-Been-Diagnosed,0,26,0,16.6
after,https://www.nr2f1.org/de/news/blog/nr2f1-foundation-chicago-marathon-fundraising-results,0,17,0,14
after,https://www.nr2f1.org/de/news/blog/nr2f1-foundation-is-a-new-member-of-the-rare-epilepsy-network,0,23,0,8.7
after,https://www.nr2f1.org/de/news/blog/nr2f1-foundation-looks-back-at-2022,0,60,0,14.3
after,https://www.nr2f1.org/de/news/blog/nr2f1-foundation-receives-matching-grant,0,15,0,5.4
after,https://www.nr2f1.org/de/news/blog/nr2f1-foundation-strategic-planning-meeting,0,23,0,13.8
after,https://www.nr2f1.org/de/news/blog/nr2f1-president-heads-to-d-c-for-2024-nord-conference,0,34,0,14.9
after,https://www.nr2f1.org/de/news/blog/nr2f1-research-fundraising-campaign,0,13,0,6
after,https://www.nr2f1.org/de/news/blog/nr2f1-scientific-conference-for-families-was-a-success,0,3,0,11
after,https://www.nr2f1.org/de/news/blog/patient-count-update-Nov-2025,0,13,0,11.5
after,https://www.nr2f1.org/de/news/blog/research-strategy-goals,0,84,0,37.3
after,https://www.nr2f1.org/de/news/blog/sassy-intuitive-determined-meet-6-yr-old-brooklyn-from-florida,0,18,0,13.3
after,https://www.nr2f1.org/de/news/blog/tri4albert-raises-23k-for-the-nr2f1-foundation,0,35,0,17.7
after,https://www.nr2f1.org/de/news/blog/update-from-our-bbsosas-full-time-researcher-dr-wassmer,0,21,0,9.1
after,https://www.nr2f1.org/de/news/blog/welcome-leora-westbrook,0,8,0,9
after,https://www.nr2f1.org/de/news/podcast,0,1,0,3
after,https://www.nr2f1.org/de/privacy-policy,0,3,0,6.3
after,https://www.nr2f1.org/de/register-a-patient,0,8,0,10.1
after,https://www.nr2f1.org/de/research,0,80,0,6.5
after,https://www.nr2f1.org/de/resources-available-to-researchers,0,20,0,7.6
after,https://www.nr2f1.org/de/strategic-plan,0,9,0,16.9
after,https://www.nr2f1.org/de/support-groups,0,39,0,12.6
after,https://www.nr2f1.org/de/support-us,0,50,0,27.4
after,https://www.nr2f1.org/de/volunteer,0,53,0,16.4
after,https://www.nr2f1.org/de/what-is-bbsoas#symptome-variieren-von-person-zu-person,0,319,0,2.7
after,https://www.nr2f1.org/en,0,9,0,1
after,https://www.nr2f1.org/en/conference,0,2,0,2
after,https://www.nr2f1.org/en/living-with-bbsoas#tests-and-therapies,0,4,0,2.5
after,https://www.nr2f1.org/en/living-with-bbsoas#understanding-bbsoas-guides,0,4,0,2.5
after,https://www.nr2f1.org/en/news/blog/10th-annual-million-dollar-bike-ride-was-a-success,0,29,0,8.9
after,https://www.nr2f1.org/en/news/blog/2021-research-update,0,6,0,7.5
after,https://www.nr2f1.org/en/news/blog/2023-million-dollar-bike-ride-fundraising-nr2f1-foundation,0,10,0,21.4
after,https://www.nr2f1.org/en/news/blog/2023-the-year-in-review-nr2f1-foundation,0,2,0,7.5
after,https://www.nr2f1.org/en/news/blog/2024-family-scientific-conference-a-resounding-success,0,12,0,6.2
after,https://www.nr2f1.org/en/news/blog/2025-BioRepository-Dates-and-Locations,0,19,0,7
after,https://www.nr2f1.org/en/news/blog/2026-Feb-Research-Update-Elsa,0,1,0,1
after,https://www.nr2f1.org/en/news/blog/baking-a-big-impact,0,4,0,27.5
after,https://www.nr2f1.org/en/news/blog/bbsoas-grandparent-support-group,0,3,0,4
after,https://www.nr2f1.org/en/news/blog/celebrating-launch-of-bbsoas-clinic,0,18,0,27.1
after,https://www.nr2f1.org/en/news/blog/charly,0,6,0,33.7
after,https://www.nr2f1.org/en/news/blog/ebony,0,50,0,9.6
after,https://www.nr2f1.org/en/news/blog/edith-one-familys-story-with-bbsoas,0,22,0,7.5
after,https://www.nr2f1.org/en/news/blog/executive-director-opening,0,8,0,4.2
after,https://www.nr2f1.org/en/news/blog/first-bbsoas-cvi-clinic,0,5,0,6.8
after,https://www.nr2f1.org/en/news/blog/henry,0,4,0,8.8
after,https://www.nr2f1.org/en/news/blog/host-fundraiser-for-the-nr2f1-foundation,0,26,0,18.1
after,https://www.nr2f1.org/en/news/blog/leadership-updates,0,5,0,4.8
after,https://www.nr2f1.org/en/news/blog/meet-3-yr-old-aydn,0,16,0,11.4
after,https://www.nr2f1.org/en/news/blog/meet-simon-from-chile,0,70,0,26.1
after,https://www.nr2f1.org/en/news/blog/meet-student-volunteer-abigayle-nafus,0,23,0,9.2
after,https://www.nr2f1.org/en/news/blog/nr2f1-foundation-chicago-marathon-fundraising-results,0,40,0,28
after,https://www.nr2f1.org/en/news/blog/nr2f1-foundation-grant-for-research,0,1,0,6
after,https://www.nr2f1.org/en/news/blog/nr2f1-foundation-issues-bioinformatics-analysis-grant-to-dr-laugsch,0,13,0,4.8
after,https://www.nr2f1.org/en/news/blog/nr2f1-foundation-looks-back-at-2022,0,73,0,9.6
after,https://www.nr2f1.org/en/news/blog/nr2f1-foundation-receives-matching-grant,0,21,0,10.3
after,https://www.nr2f1.org/en/news/blog/nr2f1-president-heads-to-d-c-for-2024-nord-conference,0,18,0,12.2
after,https://www.nr2f1.org/en/news/blog/nr2f1-research-fundraising-campaign,0,54,0,10.7
after,https://www.nr2f1.org/en/news/blog/nr2f1-scientific-conference-for-families-was-a-success,0,13,0,7.5
after,https://www.nr2f1.org/en/news/blog/patient-count-update-Nov-2025,0,225,0,9.0
after,https://www.nr2f1.org/en/news/blog/research-strategy-goals,0,4,0,12.5
after,https://www.nr2f1.org/en/organization#board-members,0,21,0,7.6
after,https://www.nr2f1.org/en/organization#executive-director,0,10,0,7.6
after,https://www.nr2f1.org/en/organization#scientific-advisory-board,0,21,0,7.6
after,https://www.nr2f1.org/en/organization#volunteers,0,21,0,7.6
after,https://www.nr2f1.org/en/partnerships,0,109,0,20.3
after,https://www.nr2f1.org/en/patient-count,0,33,0,6.8
after,https://www.nr2f1.org/en/privacy-policy,0,22,0,11.4
after,https://www.nr2f1.org/es/conference,0,159,0,8.2
after,https://www.nr2f1.org/es/contact-us,0,48,0,34.5
after,https://www.nr2f1.org/es/donate,0,45,0,27.1
after,https://www.nr2f1.org/es/fundraise,0,11,0,17.9
after,https://www.nr2f1.org/es/living-with-bbsoas,0,13,0,6.5
after,https://www.nr2f1.org/es/news,0,4,0,11.8
after,https://www.nr2f1.org/es/news/blog/2022-report-on-rare-disease-genetic-testing,0,3,0,9
after,https://www.nr2f1.org/es/news/blog/2023-million-dollar-bike-ride-fundraising-nr2f1-foundation,0,15,0,5.3
after,https://www.nr2f1.org/es/news/blog/2023-the-year-in-review-nr2f1-foundation,0,67,0,13.5
after,https://www.nr2f1.org/es/news/blog/2024-family-scientific-conference-a-resounding-success,0,17,0,18.7
after,https://www.nr2f1.org/es/news/blog/2025-BioRepository-Dates-and-Locations,0,10,0,53.5
after,https://www.nr2f1.org/es/news/blog/Celebrating-Contentful-Contribution-to-New-Website,0,10,0,8.6
after,https://www.nr2f1.org/es/news/blog/baking-a-big-impact,0,33,0,9.0
after,https://www.nr2f1.org/es/news/blog/bbsoas-and-bioinformatics-analysis-discovery-update,0,142,0,42.9
after,https://www.nr2f1.org/es/news/blog/bbsoas-grandparent-support-group,0,7,0,91.1
after,https://www.nr2f1.org/es/news/blog/bbsoas-grief-resilience-and-wonderment,0,21,0,12.8
after,https://www.nr2f1.org/es/news/blog/celebrating-launch-of-bbsoas-clinic,0,4,0,7
after,https://www.nr2f1.org/es/news/blog/charly,0,35,0,17.3
after,https://www.nr2f1.org/es/news/blog/emma,0,569,0,10.1
after,https://www.nr2f1.org/es/news/blog/exclusive-interview-with-zeb,0,8,0,16.2
after,https://www.nr2f1.org/es/news/blog/executive-director-opening,0,17,0,11.7
after,https://www.nr2f1.org/es/news/blog/first-international-bbsoas-awareness-day,0,7,0,5.6
after,https://www.nr2f1.org/es/news/blog/fruit-fly-drug-repurposing-project,0,3,0,3.3
after,https://www.nr2f1.org/es/news/blog/fruit-fly-drug-repurposing-update,0,73,0,20.7
after,https://www.nr2f1.org/es/news/blog/host-fundraiser-for-the-nr2f1-foundation,0,40,0,20.1
after,https://www.nr2f1.org/es/news/blog/introducing-molly-carrow,0,14,0,35.9
after,https://www.nr2f1.org/es/news/blog/introducing-the-nr2f1-research-advisory-council,0,12,0,14
after,https://www.nr2f1.org/es/news/blog/irish-para-athlete-diagnosed-with-bbsoas,0,34,0,7.6
after,https://www.nr2f1.org/es/news/blog/jennifer-coughlin-new-nr2f1-foundation-board-president,0,10,0,5.7
after,https://www.nr2f1.org/es/news/blog/leadership-updates,0,6,0,7.3
after,https://www.nr2f1.org/es/news/blog/meet-3-yr-old-aydn,0,248,0,9.1
after,https://www.nr2f1.org/es/news/blog/meet-simon-from-chile,0,19,0,6.5
after,https://www.nr2f1.org/es/news/blog/meet-student-volunteer-abigayle-nafus,0,289,0,25.9
after,https://www.nr2f1.org/es/news/blog/my-56-year-old-Daughter-Has-Just-Been-Diagnosed,0,75,0,8.5
after,https://www.nr2f1.org/es/news/blog/nr2f1-foundation-chicago-marathon-fundraising-results,0,11,0,16.3
after,https://www.nr2f1.org/es/news/blog/nr2f1-foundation-is-a-new-member-of-the-rare-epilepsy-network,0,40,0,19.8
after,https://www.nr2f1.org/es/news/blog/nr2f1-foundation-looks-back-at-2022,0,14,0,8.4
after,https://www.nr2f1.org/es/news/blog/nr2f1-foundation-receives-matching-grant,0,6,0,14.7
after,https://www.nr2f1.org/es/news/blog/nr2f1-foundation-strategic-planning-meeting,0,5,0,6.2
after,https://www.nr2f1.org/es/news/blog/nr2f1-president-heads-to-d-c-for-2024-nord-conference,0,13,0,26.9
after,https://www.nr2f1.org/es/news/blog/nr2f1-research-fundraising-campaign,0,8,0,7.1
after,https://www.nr2f1.org/es/news/blog/nr2f1-scientific-conference-for-families-was-a-success,0,2,0,4
after,https://www.nr2f1.org/es/news/blog/nr2f1-to-host-strategic-research-mtg-oct-2025,0,20,0,27.9
after,https://www.nr2f1.org/es/news/blog/patient-count-update-Nov-2025,0,6,0,6.8
after,https://www.nr2f1.org/es/news/blog/research-strategy-goals,0,9,0,14.1
after,https://www.nr2f1.org/es/news/blog/research-update-2025,0,1,0,3
after,https://www.nr2f1.org/es/news/blog/sarah-rogillio,0,19,0,55.5
after,https://www.nr2f1.org/es/news/blog/sassy-intuitive-determined-meet-6-yr-old-brooklyn-from-florida,0,104,0,14.1
after,https://www.nr2f1.org/es/news/blog/update-from-our-bbsosas-full-time-researcher-dr-wassmer,0,23,0,20.3
after,https://www.nr2f1.org/es/news/blog/welcome-leora-westbrook,0,4,0,9.5
after,https://www.nr2f1.org/es/organization,0,744,0,17.9
after,https://www.nr2f1.org/es/our-financials,0,40,0,38.5
after,https://www.nr2f1.org/es/patient-count,0,16,0,13.2
after,https://www.nr2f1.org/es/privacy-policy,0,2,0,7
after,https://www.nr2f1.org/es/register-a-patient,0,44,0,48.7
after,https://www.nr2f1.org/es/resources-available-to-researchers,0,25,0,8.3
after,https://www.nr2f1.org/es/strategic-plan,0,12,0,11.8
after,https://www.nr2f1.org/es/support-groups,0,16,0,8.9
after,https://www.nr2f1.org/es/support-us,0,23,0,14.1
after,https://www.nr2f1.org/es/volunteer,0,3,0,9.3
after,https://www.nr2f1.org/es/what-is-bbsoas#los-sntomas-varan-entre-individuos,0,14,0,10.4
after,https://www.nr2f1.org/es/what-is-bbsoas#los-sntomas-varan-entre-lose-individuos,0,245,0,4.9
after,https://www.nr2f1.org/es/what-is-bbsoas#sntomas-de-bbsoas,0,14,0,10.4
after,https://www.nr2f1.org/fr/contact-us,0,9,0,6.2
after,https://www.nr2f1.org/fr/donate,0,5,0,22.2
after,https://www.nr2f1.org/fr/fundraise,0,8,0,9.2
after,https://www.nr2f1.org/fr/get-involved-in-bbsoas-research,0,16,0,9.6
after,https://www.nr2f1.org/fr/living-with-bbsoas#comprendre-les-guides-bbsoas,0,161,0,8.0
after,https://www.nr2f1.org/fr/living-with-bbsoas#tests-et-thrapies,0,161,0,8.0
after,https://www.nr2f1.org/fr/news,0,1,0,41
after,https://www.nr2f1.org/fr/news/blog/2022-report-on-rare-disease-genetic-testing,0,139,0,9.2
after,https://www.nr2f1.org/fr/news/blog/2023-million-dollar-bike-ride-fundraising-nr2f1-foundation,0,66,0,15.9
after,https://www.nr2f1.org/fr/news/blog/2023-the-year-in-review-nr2f1-foundation,0,123,0,19.5
after,https://www.nr2f1.org/fr/news/blog/2024-family-scientific-conference-a-resounding-success,0,82,0,19.9
after,https://www.nr2f1.org/fr/news/blog/Celebrating-Contentful-Contribution-to-New-Website,0,1,0,10
after,https://www.nr2f1.org/fr/news/blog/a-siblings-perspective-on-rare-disease,0,57,0,17.3
after,https://www.nr2f1.org/fr/news/blog/baking-a-big-impact,0,81,0,30.0
after,https://www.nr2f1.org/fr/news/blog/bbsoas-and-bioinformatics-analysis-discovery-update,0,17,0,10.1
after,https://www.nr2f1.org/fr/news/blog/bbsoas-grandparent-support-group,0,2,0,6
after,https://www.nr2f1.org/fr/news/blog/bbsoas-grief-resilience-and-wonderment,0,8,0,8.1
after,https://www.nr2f1.org/fr/news/blog/charly,0,2,0,35.5
after,https://www.nr2f1.org/fr/news/blog/drug-repurposing-observational-study-aug2026-update,0,4,0,7.8
after,https://www.nr2f1.org/fr/news/blog/emma,0,508,0,12.9
after,https://www.nr2f1.org/fr/news/blog/every-diagnosis-matters,0,16,0,13.6
after,https://www.nr2f1.org/fr/news/blog/exclusive-interview-with-zeb,0,15,0,10.3
after,https://www.nr2f1.org/fr/news/blog/fruit-fly-drug-repurposing-project,0,2,0,11.5
after,https://www.nr2f1.org/fr/news/blog/fruit-fly-drug-repurposing-update,0,17,0,10.5
after,https://www.nr2f1.org/fr/news/blog/henry,0,1,0,25
after,https://www.nr2f1.org/fr/news/blog/holiday-guides-for-bbsoas-families-and-their-supporters,0,1,0,29
after,https://www.nr2f1.org/fr/news/blog/host-fundraiser-for-the-nr2f1-foundation,0,7,0,24.3
after,https://www.nr2f1.org/fr/news/blog/introducing-molly-carrow,0,2,0,4.5
after,https://www.nr2f1.org/fr/news/blog/introducing-the-nr2f1-research-advisory-council,0,28,0,10.2
after,https://www.nr2f1.org/fr/news/blog/irish-para-athlete-diagnosed-with-bbsoas,0,121,0,16.7
after,https://www.nr2f1.org/fr/news/blog/jennifer-coughlin-new-nr2f1-foundation-board-president,0,1,0,18
after,https://www.nr2f1.org/fr/news/blog/leadership-updates,0,13,0,14.2
after,https://www.nr2f1.org/fr/news/blog/meet-student-volunteer-abigayle-nafus,0,11,0,8
after,https://www.nr2f1.org/fr/news/blog/nr2f1-foundation-chicago-marathon-fundraising-results,0,76,0,19.4
after,https://www.nr2f1.org/fr/news/blog/nr2f1-foundation-issues-bioinformatics-analysis-grant-to-dr-laugsch,0,28,0,21.7
after,https://www.nr2f1.org/fr/news/blog/nr2f1-foundation-strategic-planning-meeting,0,121,0,17.9
after,https://www.nr2f1.org/fr/news/blog/nr2f1-president-heads-to-d-c-for-2024-nord-conference,0,41,0,15.7
after,https://www.nr2f1.org/fr/news/blog/nr2f1-to-host-strategic-research-mtg-oct-2025,0,14,0,22.9
after,https://www.nr2f1.org/fr/news/blog/patient-count-update-Nov-2025,0,18,0,18.2
after,https://www.nr2f1.org/fr/news/blog/sarah-rogillio,0,35,0,10.4
after,https://www.nr2f1.org/fr/news/blog/tri4albert-raises-23k-for-the-nr2f1-foundation,0,10,0,13.1
after,https://www.nr2f1.org/fr/news/blog/two-year-post-doc,0,3,0,5.3
after,https://www.nr2f1.org/fr/news/blog/welcome-leora-westbrook,0,43,0,64.8
after,https://www.nr2f1.org/fr/news/podcast,0,10,0,31.1
after,https://www.nr2f1.org/fr/organization,0,1040,0,22.2
after,https://www.nr2f1.org/fr/our-financials,0,3,0,4.3
after,https://www.nr2f1.org/fr/partnerships,0,135,0,8.4
after,https://www.nr2f1.org/fr/privacy-policy,0,106,0,29.2
after,https://www.nr2f1.org/fr/strategic-plan,0,12,0,23.8
after,https://www.nr2f1.org/fr/volunteer,0,1,0,4
after,https://www.nr2f1.org/fr/what-is-bbsoas#les-symptmes-varient-fortement-dun-individu--lautre,0,649,0,2.8
after,https://www.nr2f1.org/fr/what-is-bbsoas#mode-de-transmission,0,639,0,2.8
after,https://www.nr2f1.org/fr/what-is-bbsoas#modle-dhritage,0,10,0,4.9
after,https://www.nr2f1.org/get-involved-in-bbsoas-research,0,4167,0,2.7
after,https://www.nr2f1.org/it/contact-us,0,2,0,5.5
after,https://www.nr2f1.org/it/donate,0,29,0,8.4
after,https://www.nr2f1.org/it/fundraise,0,11,0,18.4
after,https://www.nr2f1.org/it/get-involved-in-bbsoas-research,0,50,0,55.1
after,https://www.nr2f1.org/it/news,0,1,0,2
after,https://www.nr2f1.org/it/news/blog/10th-annual-million-dollar-bike-ride-was-a-success,0,21,0,9.3
after,https://www.nr2f1.org/it/news/blog/2022-report-on-rare-disease-genetic-testing,0,35,0,6.8
after,https://www.nr2f1.org/it/news/blog/2023-the-year-in-review-nr2f1-foundation,0,39,0,9.6
after,https://www.nr2f1.org/it/news/blog/Celebrating-Contentful-Contribution-to-New-Website,0,14,0,33.9
after,https://www.nr2f1.org/it/news/blog/a-siblings-perspective-on-rare-disease,0,11,0,9.8
after,https://www.nr2f1.org/it/news/blog/baking-a-big-impact,0,50,0,13.3
after,https://www.nr2f1.org/it/news/blog/bbsoas-and-bioinformatics-analysis-discovery-update,0,25,0,9.1
after,https://www.nr2f1.org/it/news/blog/chicago-marathon-fundraiser-for-nr2f1-foundation-research,0,71,0,9.2
after,https://www.nr2f1.org/it/news/blog/dont-worry-that-you-dont-know-you-will,0,136,0,9.1
after,https://www.nr2f1.org/it/news/blog/drug-repurposing-observational-study-aug2026-update,0,2,0,6
after,https://www.nr2f1.org/it/news/blog/edith-one-familys-story-with-bbsoas,0,36,0,16.4
after,https://www.nr2f1.org/it/news/blog/every-diagnosis-matters,0,29,0,65.4
after,https://www.nr2f1.org/it/news/blog/exclusive-interview-with-zeb,0,20,0,5.5
after,https://www.nr2f1.org/it/news/blog/introducing-molly-carrow,0,10,0,10.9
after,https://www.nr2f1.org/it/news/blog/introducing-the-nr2f1-research-advisory-council,0,17,0,13.6
after,https://www.nr2f1.org/it/news/blog/meet-3-yr-old-aydn,0,46,0,7.6
after,https://www.nr2f1.org/it/news/blog/meet-simon-from-chile,0,43,0,9.9
after,https://www.nr2f1.org/it/news/blog/my-56-year-old-Daughter-Has-Just-Been-Diagnosed,0,96,0,8.1
after,https://www.nr2f1.org/it/news/blog/nr2f1-foundation-is-a-new-member-of-the-rare-epilepsy-network,0,12,0,7.6
after,https://www.nr2f1.org/it/news/blog/nr2f1-foundation-looks-back-at-2022,0,35,0,12.8
after,https://www.nr2f1.org/it/news/blog/nr2f1-scientific-conference-for-families-was-a-success,0,16,0,13.1
after,https://www.nr2f1.org/it/news/blog/patient-count-update-Nov-2025,0,1,0,2
after,https://www.nr2f1.org/it/news/blog/research-strategy-goals,0,66,0,10.3
after,https://www.nr2f1.org/it/news/blog/sarah-rogillio,0,42,0,9.4
after,https://www.nr2f1.org/it/news/blog/sassy-intuitive-determined-meet-6-yr-old-brooklyn-from-florida,0,29,0,12.9
after,https://www.nr2f1.org/it/news/blog/tri4albert-raises-23k-for-the-nr2f1-foundation,0,20,0,10.9
after,https://www.nr2f1.org/it/privacy-policy,0,8,0,34.6
after,https://www.nr2f1.org/it/register-a-patient,0,14,0,8.1
after,https://www.nr2f1.org/it/research,0,117,0,10.4
after,https://www.nr2f1.org/it/resources-available-to-researchers,0,7,0,7.6
after,https://www.nr2f1.org/it/strategic-plan,0,3,0,12.3
after,https://www.nr2f1.org/it/support-us,0,54,0,26.8
after,https://www.nr2f1.org/it/what-is-bbsoas#cosa-causa-il-bbsoas,0,76,0,2.1
after,https://www.nr2f1.org/it/what-is-bbsoas#i-sintomi-variano-tra-gli-individui,0,74,0,2.1
after,https://www.nr2f1.org/news,0,28,0,2.8
after,https://www.nr2f1.org/news/blog/bbsoas-grandparent-support-group,0,1,0,3
after,https://www.nr2f1.org/news/blog/bbsoas-grief-resilience-and-wonderment,0,9,0,7
after,https://www.nr2f1.org/news/blog/drug-repurposing-observational-study-aug2026-update,0,28,0,2.9
after,https://www.nr2f1.org/news/blog/edith-one-familys-story-with-bbsoas,0,6,0,5.7
after,https://www.nr2f1.org/news/blog/nr2f1-foundation-is-a-new-member-of-the-rare-epilepsy-network,0,10,0,7
after,https://www.nr2f1.org/news/blog/nr2f1-to-host-strategic-research-mtg-oct-2025,0,4,0,10.2
after,https://www.nr2f1.org/news/blog/tri4albert-raises-23k-for-the-nr2f1-foundation,0,19,0,22.1
after,https://www.nr2f1.org/news?page=1,0,3,0,5
after,https://www.nr2f1.org/organization#board-members,0,2,0,9
after,https://www.nr2f1.org/organization#scientific-advisory-board,0,2,0,9
after,https://www.nr2f1.org/organization#volunteers,0,2,0,9
after,https://www.nr2f1.org/partnerships,0,14,0,5.5
after,https://www.nr2f1.org/pt-BR/contact-us,0,2,0,2.5
after,https://www.nr2f1.org/pt-BR/donate,0,2,0,3.5
after,https://www.nr2f1.org/pt-BR/fundraise,0,12,0,7.6
after,https://www.nr2f1.org/pt-BR/get-involved-in-bbsoas-research,0,3,0,7
after,https://www.nr2f1.org/pt-BR/living-with-bbsoas,0,14,0,5.6
after,https://www.nr2f1.org/pt-BR/news,0,1,0,48
after,https://www.nr2f1.org/pt-BR/news/blog/10th-annual-million-dollar-bike-ride-was-a-success,0,10,0,15.7
after,https://www.nr2f1.org/pt-BR/news/blog/2021-research-update,0,10,0,8.1
after,https://www.nr2f1.org/pt-BR/news/blog/2022-report-on-rare-disease-genetic-testing,0,86,0,9.6
after,https://www.nr2f1.org/pt-BR/news/blog/2023-million-dollar-bike-ride-fundraising-nr2f1-foundation,0,23,0,7
after,https://www.nr2f1.org/pt-BR/news/blog/2023-the-year-in-review-nr2f1-foundation,0,22,0,12.7
after,https://www.nr2f1.org/pt-BR/news/blog/2024-family-scientific-conference-a-resounding-success,0,14,0,30.1
after,https://www.nr2f1.org/pt-BR/news/blog/BBSOAS-research-2026-collection-dates,0,5,0,8
after,https://www.nr2f1.org/pt-BR/news/blog/Celebrating-Contentful-Contribution-to-New-Website,0,8,0,10.9
after,https://www.nr2f1.org/pt-BR/news/blog/bbsoas-and-bioinformatics-analysis-discovery-update,0,14,0,10.4
after,https://www.nr2f1.org/pt-BR/news/blog/bbsoas-grandparent-support-group,0,17,0,58.1
after,https://www.nr2f1.org/pt-BR/news/blog/bbsoas-grief-resilience-and-wonderment,0,37,0,19.9
after,https://www.nr2f1.org/pt-BR/news/blog/celebrating-launch-of-bbsoas-clinic,0,1,0,14
after,https://www.nr2f1.org/pt-BR/news/blog/charly,0,18,0,11.2
after,https://www.nr2f1.org/pt-BR/news/blog/dont-worry-that-you-dont-know-you-will,0,70,0,7.9
after,https://www.nr2f1.org/pt-BR/news/blog/drug-repurposing-observational-study-aug2026-update,0,44,0,3.8
after,https://www.nr2f1.org/pt-BR/news/blog/ebony,0,87,0,9.9
after,https://www.nr2f1.org/pt-BR/news/blog/edith-one-familys-story-with-bbsoas,0,5,0,7.8
after,https://www.nr2f1.org/pt-BR/news/blog/every-diagnosis-matters,0,3,0,18.3
after,https://www.nr2f1.org/pt-BR/news/blog/exclusive-interview-with-zeb,0,11,0,32.5
after,https://www.nr2f1.org/pt-BR/news/blog/first-bbsoas-cvi-clinic,0,54,0,7.8
after,https://www.nr2f1.org/pt-BR/news/blog/fruit-fly-drug-repurposing-project,0,4,0,88.8
after,https://www.nr2f1.org/pt-BR/news/blog/henry,0,41,0,64.4
after,https://www.nr2f1.org/pt-BR/news/blog/host-fundraiser-for-the-nr2f1-foundation,0,4,0,37
after,https://www.nr2f1.org/pt-BR/news/blog/introducing-the-nr2f1-research-advisory-council,0,17,0,6.6
after,https://www.nr2f1.org/pt-BR/news/blog/irish-para-athlete-diagnosed-with-bbsoas,0,26,0,9.2
after,https://www.nr2f1.org/pt-BR/news/blog/leadership-updates,0,46,0,59.6
after,https://www.nr2f1.org/pt-BR/news/blog/meet-simon-from-chile,0,79,0,9.8
after,https://www.nr2f1.org/pt-BR/news/blog/meet-student-volunteer-abigayle-nafus,0,9,0,5.6
after,https://www.nr2f1.org/pt-BR/news/blog/my-56-year-old-Daughter-Has-Just-Been-Diagnosed,0,23,0,9.6
after,https://www.nr2f1.org/pt-BR/news/blog/nr2f1-foundation-chicago-marathon-fundraising-results,0,7,0,5.9
after,https://www.nr2f1.org/pt-BR/news/blog/nr2f1-foundation-grant-for-research,0,26,0,7.0
after,https://www.nr2f1.org/pt-BR/news/blog/nr2f1-foundation-is-a-new-member-of-the-rare-epilepsy-network,0,4,0,6.2
after,https://www.nr2f1.org/pt-BR/news/blog/nr2f1-foundation-issues-bioinformatics-analysis-grant-to-dr-laugsch,0,7,0,4.6
after,https://www.nr2f1.org/pt-BR/news/blog/nr2f1-foundation-looks-back-at-2022,0,55,0,9.6
after,https://www.nr2f1.org/pt-BR/news/blog/nr2f1-foundation-receives-matching-grant,0,8,0,6
after,https://www.nr2f1.org/pt-BR/news/blog/nr2f1-foundation-strategic-planning-meeting,0,6,0,7
after,https://www.nr2f1.org/pt-BR/news/blog/nr2f1-president-heads-to-d-c-for-2024-nord-conference,0,40,0,10.7
after,https://www.nr2f1.org/pt-BR/news/blog/nr2f1-research-fundraising-campaign,0,8,0,19.4
after,https://www.nr2f1.org/pt-BR/news/blog/nr2f1-to-host-strategic-research-mtg-oct-2025,0,33,0,13.6
after,https://www.nr2f1.org/pt-BR/news/blog/research-strategy-goals,0,34,0,28.0
after,https://www.nr2f1.org/pt-BR/news/blog/sarah-rogillio,0,33,0,8.8
after,https://www.nr2f1.org/pt-BR/news/blog/sassy-intuitive-determined-meet-6-yr-old-brooklyn-from-florida,0,10,0,7.8
after,https://www.nr2f1.org/pt-BR/news/blog/tri4albert-raises-23k-for-the-nr2f1-foundation,0,13,0,9.2
after,https://www.nr2f1.org/pt-BR/news/blog/update-from-our-bbsosas-full-time-researcher-dr-wassmer,0,3,0,5.7
after,https://www.nr2f1.org/pt-BR/organization,0,214,0,14.2
after,https://www.nr2f1.org/pt-BR/our-financials,0,29,0,55.7
after,https://www.nr2f1.org/pt-BR/partnerships,0,6,0,4.8
after,https://www.nr2f1.org/pt-BR/privacy-policy,0,3,0,6.3
after,https://www.nr2f1.org/pt-BR/publications,0,62,0,9.5
after,https://www.nr2f1.org/pt-BR/register-a-patient,0,45,0,57.0
after,https://www.nr2f1.org/pt-BR/research,0,20,0,7.0
after,https://www.nr2f1.org/pt-BR/strategic-plan,0,18,0,8.3
after,https://www.nr2f1.org/pt-BR/support-us,0,2,0,11.5
after,https://www.nr2f1.org/pt-BR/volunteer,0,17,0,25.6
after,https://www.nr2f1.org/pt-BR/what-is-bbsoas#o-que-causa-o-bbsoas,0,2,0,3.5
after,https://www.nr2f1.org/pt-BR/what-is-bbsoas#os-sintomas-variam-entre-os-indivduos,0,2,0,3.5
after,https://www.nr2f1.org/pt-BR/what-is-bbsoas#sintomas-do-bbsoas,0,2,0,3.5
after,https://www.nr2f1.org/publications,0,3274,0,3.4
after,https://www.nr2f1.org/register-a-patient,0,10,0,5
after,https://www.nr2f1.org/resources-available-to-researchers,0,2659,0,3.0
after,https://www.nr2f1.org/volunteer,0,14,0,6.3
after,https://www.nr2f1.org/what-is-bbsoas#symptoms-vary-among-individuals,0,634,0,3.0
after,https://www.nr2f1.org/what-is-bbsoas/,0,1,0,1
after,https://www.nr2f1.org/zh-CN/get-involved-in-bbsoas-research,0,64,0,18.2
after,https://www.nr2f1.org/zh-CN/living-with-bbsoas,0,182,0,24.8
after,https://www.nr2f1.org/zh-CN/news,0,21,0,18.7
after,https://www.nr2f1.org/zh-CN/news/blog/2023-the-year-in-review-nr2f1-foundation,0,107,0,15.9
after,https://www.nr2f1.org/zh-CN/news/blog/2024-family-scientific-conference-a-resounding-success,0,2,0,7
after,https://www.nr2f1.org/zh-CN/news/blog/2025-BioRepository-Dates-and-Locations,0,28,0,33.1
after,https://www.nr2f1.org/zh-CN/news/blog/BBSOAS-research-2026-collection-dates,0,30,0,12.1
after,https://www.nr2f1.org/zh-CN/news/blog/Celebrating-Contentful-Contribution-to-New-Website,0,38,0,13.3
after,https://www.nr2f1.org/zh-CN/news/blog/a-siblings-perspective-on-rare-disease,0,1225,0,10.7
after,https://www.nr2f1.org/zh-CN/news/blog/baking-a-big-impact,0,29,0,42.4
after,https://www.nr2f1.org/zh-CN/news/blog/bbsoas-grandparent-support-group,0,4,0,108
after,https://www.nr2f1.org/zh-CN/news/blog/bbsoas-grief-resilience-and-wonderment,0,145,0,13.6
after,https://www.nr2f1.org/zh-CN/news/blog/chicago-marathon-fundraiser-for-nr2f1-foundation-research,0,28,0,35.1
after,https://www.nr2f1.org/zh-CN/news/blog/dont-worry-that-you-dont-know-you-will,0,876,0,12.2
after,https://www.nr2f1.org/zh-CN/news/blog/ebony,0,70,0,40.7
after,https://www.nr2f1.org/zh-CN/news/blog/edith-one-familys-story-with-bbsoas,0,18,0,26.8
after,https://www.nr2f1.org/zh-CN/news/blog/every-diagnosis-matters,0,72,0,16.5
after,https://www.nr2f1.org/zh-CN/news/blog/exclusive-interview-with-zeb,0,31,0,27.8
after,https://www.nr2f1.org/zh-CN/news/blog/executive-director-opening,0,362,0,22.0
after,https://www.nr2f1.org/zh-CN/news/blog/first-bbsoas-cvi-clinic,0,15,0,42.2
after,https://www.nr2f1.org/zh-CN/news/blog/first-international-bbsoas-awareness-day,0,68,0,36.2
after,https://www.nr2f1.org/zh-CN/news/blog/fruit-fly-drug-repurposing-project,0,35,0,28.0
after,https://www.nr2f1.org/zh-CN/news/blog/introducing-molly-carrow,0,51,0,65.9
after,https://www.nr2f1.org/zh-CN/news/blog/jennifer-coughlin-new-nr2f1-foundation-board-president,0,81,0,17.1
after,https://www.nr2f1.org/zh-CN/news/blog/meet-student-volunteer-abigayle-nafus,0,199,0,20.8
after,https://www.nr2f1.org/zh-CN/news/blog/nr2f1-foundation-grant-for-research,0,13,0,38.2
after,https://www.nr2f1.org/zh-CN/news/blog/nr2f1-to-host-strategic-research-mtg-oct-2025,0,4,0,6.2
after,https://www.nr2f1.org/zh-CN/news/blog/research-strategy-goals,0,52,0,64.4
after,https://www.nr2f1.org/zh-CN/news/blog/research-update-2025,0,17,0,60.4
after,https://www.nr2f1.org/zh-CN/news/blog/sarah-rogillio,0,55,0,10.7
after,https://www.nr2f1.org/zh-CN/news/blog/sassy-intuitive-determined-meet-6-yr-old-brooklyn-from-florida,0,23,0,16.3
after,https://www.nr2f1.org/zh-CN/news/blog/welcome-leora-westbrook,0,9,0,76.1
after,https://www.nr2f1.org/zh-CN/news/newsletter,0,55,0,47.9
after,https://www.nr2f1.org/zh-CN/organization,0,646,0,12.4
after,https://www.nr2f1.org/zh-CN/patient-count,0,64,0,37.5
after,https://www.nr2f1.org/zh-CN/register-a-patient,0,36,0,17.4
after,https://www.nr2f1.org/zh-CN/research,0,34,0,13
after,https://www.nr2f1.org/zh-CN/resources-available-to-researchers,0,46,0,16.8
after,https://www.nr2f1.org/zh-CN/support-us,0,10,0,26.7
after,https://www.nr2f1.org/zh-CN/volunteer,0,57,0,22.4
