"Givebutter Contact ID","Contact External ID","Contact Since","Prefix","First Name","Preferred First Name","Middle Name","Last Name","Suffix","Date of Birth","Gender","Pronouns","Employer","Title","Primary Email","Additional Emails","Primary Phone","Additional Phones","Address Line 1","Address Line 2","City","State","Postal Code","Country","Additional Addresses","Website","Twitter","LinkedIn","Facebook","TikTok","Instagram","Recurring Contributions","Total Contributions","Last Donation Amount","Total Soft Credits","Engage Email Subscribed","Engage SMS Subscribed","Engage Mail Subscribed","Tags","Notes","Household ID","Household","Household Primary Contact","Date Created (UTC)","Last Modified (UTC)","BBSOAS Child Name (First & Last)","Patient Registry Notes","Completed Additional Patient Registry Surveys (exc.Health&Dev)","Uploaded Genetic Report","Completed Health & Development survey (1st survey)","Child's Birthday","ARCHIVED Patient Number","Patient Number"
"44920821","","2026-09-11 00:00:00","","Una","","","Hills-Gunn","","","","","","","unaehills@gmail.com","","","","11","","aa","CT","00000","USA","","","","","","","","$0.00","$0.00","","$0.00","TRUE","FALSE","TRUE","Parent, Newsletter Signup - Top, BBSOAS Parent and/or Patient","","","","FALSE","2026-09-11 11:11:47","2026-09-11 11:11:47","Judah","","No","No","No","","",""
"44871073","","2026-09-10 00:00:00","","Alexandra","","","Fortes Ribeiro Rousselet","","","","","","","alexandra.f.rousselet@gmail.com","","","","","","","","","","","","","","","","","$0.00","$0.00","","$0.00","TRUE","FALSE","TRUE","Parent","","","","FALSE","2026-09-10 12:36:01","2026-09-10 12:36:01","Mãe/ Alexandra","","No","No","No","","",""
"44813779","","2026-09-08 00:00:00","","Corina","","","Lacort","","","","","","","corihugo2012@gmail.com","","","","7152 Regent Court","7152 Regent Court","Flowery Branch","GA","30542","USA","","","","","","","","$0.00","$0.00","","$0.00","TRUE","FALSE","TRUE","Parent","","","","FALSE","2026-09-08 22:53:17","2026-09-08 22:53:17","Emilia","","No","No","No","","",""
"44720115","","2026-09-05 00:00:00","","Benjamin","","","Cattau","","","","","Best Choice Test Prep","","bcattau@gmail.com","","+17724868914","","18520 SE Wood Haven Ln","Apt H","Jupiter","FL","33469","USA","","","","","","","","$0.00","$500.00","$500.00","$0.00","TRUE","TRUE","TRUE","","","","","FALSE","2026-09-05 15:57:11","2026-09-05 15:57:18","","","No","No","No","","",""
"44610114","","2026-09-03 00:00:00","","Sarah","","","Adrian","","","","","","","sadrian07@hotmail.com","","","","","","","","","","","","","","","","","$0.00","$0.00","","$0.00","TRUE","FALSE","TRUE","Parent","","","","FALSE","2026-09-03 16:20:55","2026-09-03 16:20:55","Blake","","No","No","No","","",""
"44562736","","2026-09-02 00:00:00","","Eva","","","Dupin","","","","","","","evadupin247@gmail.com","","","","","","","","","","","","","","","","","$0.00","$0.00","","$0.00","TRUE","FALSE","TRUE","Parent","","","","FALSE","2026-09-02 10:09:33","2026-09-02 10:09:33","Lily","","No","No","No","","",""
"44509462","","2026-09-01 00:00:00","","Jay","","","Farr","","","","","Production Process","","bvigrass@gmail.com","","+19176785841","","1902 2nd Avenue North","","Jacksonville Beach","FL","32250","USA","","","","","","","","$0.00","$1,000.00","$1,000.00","$0.00","FALSE","FALSE","TRUE","","","","","FALSE","2026-09-01 16:47:38","2026-09-01 16:47:45","","","No","No","No","","",""
"44491130","","2026-09-01 00:00:00","","Lilli","","","Stingel","","","","","","","lilli.stingel@gmx.de","","","","11","","aa","00","00000","DEU","","","","","","","","$0.00","$0.00","","$0.00","TRUE","FALSE","TRUE","Parent","","","","FALSE","2026-09-01 16:17:38","2026-09-01 16:17:38","Simon","","No","No","No","","",""
"44387487","","2026-08-31 00:00:00","","Matt","","","Grech","","","","","","","mgrech1@hotmail.com","","","","52 signal circuit Aintree","52 signal circuit Aintree","Melbourne","Melbourne vic","3336","AUS","","","","","","","","$0.00","$0.00","","$0.00","TRUE","FALSE","TRUE","Parent","","","","FALSE","2026-08-31 09:19:24","2026-08-31 09:19:24","Arianna","","No","No","No","","",""
"44307786","","2026-08-30 00:00:00","","Me","","","Me","","","","","","","nzaniasanderson@soudertonsd.org","","+12673375834","","313 S Third St","","Perkasie","PA","18944","USA","","","","","","","","$0.00","$200.00","$200.00","$0.00","FALSE","FALSE","TRUE","","","","","FALSE","2026-08-30 18:07:12","2026-08-30 18:07:18","","","No","No","No","","",""
"44267757","","2026-08-28 00:00:00","","Sarah","Sarah","","Rogillio","","","female","","","","sarah@rogillio.com","","","","","","","","","","","","","","","","","$0.00","$0.00","","$0.00","TRUE","FALSE","FALSE","Researchers/Clinicians","","","","FALSE","2026-08-28 20:36:27","2026-08-28 20:36:27","","","No","No","No","","",""
"44053896","","2026-08-24 00:00:00","","Kelli","","","Reece","","","","","","","kellireece22@gmail.com","","","","11","","aa","KS","00000","USA","","","","","","","","$0.00","$0.00","","$0.00","TRUE","FALSE","TRUE","Newsletter Signup, BBSOAS Parent and/or Patient","","","","FALSE","2026-08-24 20:13:47","2026-08-24 20:13:48","","","No","No","No","","",""
"44020460","","2026-08-24 00:00:00","","Leeta","","","Behera","","","","","","","leetahome2@gmaik.com","","","","11","","a","TX","00000","USA","","","","","","","","$0.00","$0.00","","$0.00","TRUE","FALSE","TRUE","Parent, Newsletter Signup - Top, BBSOAS Parent and/or Patient","","","","FALSE","2026-08-24 15:37:51","2026-08-24 15:37:51","Yas","","No","No","No","","",""
"43938562","","2026-08-21 00:00:00","","Darren","","","Vanek","","","","","","","darren.m.vanek@jpmorgan.com","","+18327255036","","6260 Olympia Dr","","Houston","TX","77057","USA","","","","","","","","$0.00","$500.00","$500.00","$0.00","TRUE","TRUE","TRUE","","","","","FALSE","2026-08-21 19:24:47","2026-08-21 19:24:52","","","No","No","No","","",""
"43922627","","2026-08-21 00:00:00","","Stacey","","","Pollack","","","","","","","spollack25@gmail.com","","","","","","","","","","","","","","","","","$0.00","$0.00","","$0.00","TRUE","FALSE","TRUE","","","","","FALSE","2026-08-21 03:07:52","2026-08-21 03:07:52","","","No","No","No","","",""
"43917883","","2026-08-21 00:00:00","","Glenn","","","Lane","","","","","","","wlane24@gmail.com","","","","","","","","","","","","","","","","","$0.00","$0.00","","$0.00","TRUE","FALSE","TRUE","Parent","","","","FALSE","2026-08-21 00:12:50","2026-08-21 00:12:50","Dylan","","No","No","No","","","567"
"43798319","","2026-08-17 00:00:00","","Barbara","","","Galgano","","","","","","","bgalgano@cherrycreekschools.org","","","","","","","","","","","","","","","","","$0.00","$0.00","","$0.00","TRUE","FALSE","TRUE","","","","","FALSE","2026-08-17 21:33:38","2026-08-17 21:33:38","","","No","No","No","","",""
"43747465","","2026-08-17 00:00:00","","Melanie","","","Oberhauser","","","","","","","oberhauser.melanie@gmx.de","","","","","","","","","","","","","","","","","$0.00","$0.00","","$0.00","TRUE","FALSE","TRUE","Parent","","","","FALSE","2026-08-17 19:18:49","2026-08-17 19:18:49","Leon","","No","No","No","","","566"
"43648017","","2026-08-15 00:00:00","","Mies","","","van der Lely","","","","","","","arymies@lely.nu","","","","Nieuwegracht 11","Nieuwegracht 11","Utrecht","Utrecht","3512 LC","NLD","","","","","","","","$0.00","$0.00","","$0.00","TRUE","FALSE","TRUE","Parent","","","","FALSE","2026-08-15 07:16:39","2026-08-15 07:16:40","Tom","","No","No","No","","","565"
"43597749","","2026-08-13 00:00:00","","Amy","","","Zimmerman","","","","","","","amyzimmerman@hotmail.co.uk","","","","","","","","","","","","","","","","","$0.00","$0.00","","$0.00","TRUE","FALSE","TRUE","Parent","","","","FALSE","2026-08-13 19:31:32","2026-08-13 19:31:32","Archie","","No","No","No","","","564"
"43461864","","2026-08-10 00:00:00","","Sarah","","","Rogillio","","","","","","","sarah.rogillio@nr2f1.org","","+15125750513","","","","","","","","","","","","","","","$0.00","$0.00","","$0.00","TRUE","TRUE","TRUE","","","","","FALSE","2026-08-10 15:50:45","2026-08-10 15:50:45","","","No","No","No","","",""
"43378968","","2026-08-07 00:00:00","","William","","","Reed-Simons","","","","","","","w.reed-simons@outlook.com","","+447515444613","","50 Cornfield Road","","Reigate","Surrey","RH2 7HE","GBR","","","","","","","","$0.00","$100.00","$100.00","$0.00","TRUE","TRUE","TRUE","","","","","FALSE","2026-08-07 15:58:15","2026-08-07 15:58:21","","","No","No","No","","",""
"43353052","","2026-08-07 00:00:00","","Veera","","","Rantala","","","","","","","veera.ho@hotmail.com","","","","11","","aa","aa","00000","FIN","","","","","","","","$0.00","$0.00","","$0.00","TRUE","FALSE","TRUE","Parent","","","","FALSE","2026-08-07 04:13:48","2026-08-07 04:13:48","Jooa","","No","No","No","","","563"
"43193885","","2026-08-03 00:00:00","","Tenia","","","Finlayson","","","","","","","teniabaker82@gmail.com","","","","00","","aa","000","ab10 6dn","GBR","","","","","","","","$0.00","$0.00","","$0.00","TRUE","FALSE","TRUE","Newsletter Signup - Top, BBSOAS Parent and/or Patient","","","","FALSE","2026-08-03 14:36:28","2026-08-03 14:36:28","Jude","","No","No","No","","","562"
"43155231","","2026-08-01 00:00:00","","Jessica","","","Cochrane","","","","","","","jessica.a.cochrane@gmail.com","","","","00","","ll","VA","00000","USA","","","","","","","","$0.00","$0.00","","$0.00","TRUE","FALSE","TRUE","Parent","","","","FALSE","2026-08-01 15:23:21","2026-08-01 15:23:21","C","","No","No","No","","","561"
"43150879","","2026-08-01 00:00:00","","Guy","","","Aston-Noone","","","","","","","guyastonnoone@gmail.com","","","","","","","","","","","","","","","","","$0.00","$0.00","","$0.00","TRUE","FALSE","TRUE","Parent","","","","FALSE","2026-08-01 05:47:11","2026-08-01 05:47:11","Frederick","","No","No","No","","","560"
"43052311","","2026-07-29 00:00:00","","Douglas","","","Lessing","","","","","","","doug@phinforgood.com","","+15163566633","","PO Box 104","","Blue Point","NY","11715","USA","","","","","","","","$0.00","$62.44","$62.44","$0.00","FALSE","FALSE","TRUE","","","","","FALSE","2026-07-29 12:39:46","2026-07-29 12:39:53","","","No","No","No","","",""
"42648538","","2026-07-16 00:00:00","","Graham","","","Kerr","","","","","","","glkerr@fastmail.fm","","+447833315642","","18 Roman Road","","Stockbridge","Hampshire","SO20 6HA","GBR","","","","","","","","$0.00","$100.00","$100.00","$0.00","TRUE","TRUE","TRUE","","","","","FALSE","2026-07-16 10:32:17","2026-07-16 10:32:23","","","No","No","No","","",""
"42647642","","2026-07-16 00:00:00","","PUTERI NUUR","","","AT-TERAWIS","","","","","","","puterinuur@yahoo.com","","","","No 16 Jln P14D2/1","No 16 Jln P14D2/1","Putrajaya","Wilayah Persekutuan","62050","MYS","","","","","","","","$0.00","$0.00","","$0.00","TRUE","FALSE","TRUE","Parent","","","","FALSE","2026-07-16 03:52:21","2026-07-16 03:52:21","MEGAT IDRIS NAQUIYUDDIN","","No","No","No","","","559"
"42576634","","2026-07-14 00:00:00","","Arnetta","","","Ironshirt","","","","","","","arnettafaye1@hotmail.com","","","","63 Fonda Dr SE","63 Fonda Dr SE","Calgary","Alberta","T2A 6E4","CAN","","","","","","","","$0.00","$0.00","","$0.00","TRUE","FALSE","TRUE","Parent, Newsletter Signup - Top, BBSOAS Parent and/or Patient","","","","FALSE","2026-07-14 04:30:16","2026-07-14 04:30:16","Jadea","","No","No","No","","","558"
"42508188","","2026-07-12 00:00:00","","Gloria Clemencia","","","Garcia Murillo","","","","","","","garciaclemencia@hotmail.com","","","","00","","ss","swe","00000","SWE","","","","","","","","$0.00","$0.00","","$0.00","TRUE","FALSE","TRUE","Parent, Newsletter Signup - Top, BBSOAS Parent and/or Patient","","","","FALSE","2026-07-12 22:10:11","2026-07-12 22:10:12","Ángela Maria García Murillo","","No","No","No","","","557"
"42499076","","2026-07-12 00:00:00","","Mohammad","","","Mango","","","","","","","moe.mango@windowslive.com","","","","","","","","","","","","","","","","","$0.00","$0.00","","$0.00","TRUE","FALSE","TRUE","Parent","","","","FALSE","2026-07-12 07:49:24","2026-07-12 07:49:24","Gianna Mohammad Mango","","No","No","No","","","556"
"42499050","","2026-07-12 00:00:00","","Diana","","","Mejia","","","","","","","emeluz85@gmail.com","","","","","","","","","","","","","","","","","$0.00","$0.00","","$0.00","TRUE","FALSE","TRUE","Parent","","","","FALSE","2026-07-12 07:19:59","2026-07-12 07:19:59","Luz Duarte","","No","No","No","","","555"
"42449105","","2026-07-10 00:00:00","","Sara","","","Puisto","","","","","","","spuisto@outlook.com","","","","","","","","","","","","","","","","","$0.00","$0.00","","$0.00","TRUE","FALSE","TRUE","Parent","","","","FALSE","2026-07-10 18:29:25","2026-07-10 18:29:25","Lucas","","No","No","No","","","554"
"42306187","","2026-07-09 00:00:00","","Diana","","","Lay","","","","","","","cherrydevilau79@gmail.com","","","","23 Elsie St","23 Elsie St","Boronia","VIC","3155","AUS","","","","","","","","$0.00","$0.00","","$0.00","TRUE","FALSE","TRUE","Parent, Newsletter Signup - Top, BBSOAS Parent and/or Patient","","","","FALSE","2026-07-09 03:44:52","2026-07-09 03:44:52","Joshua","","No","No","No","","","553"
"42130287","","2026-07-06 00:00:00","","Thomas","","","Reynolds","","","","","","","tom.s.reynolds@hotmail.co.uk","","+447891115908","","Flat 601 Arum House","46 Rodney Road","London","","SE17 1FJ","GBR","","","","","","","","$0.00","$250.00","$250.00","$0.00","TRUE","TRUE","TRUE","","","","","FALSE","2026-07-06 19:51:43","2026-07-06 19:51:48","","","No","No","No","","",""
"42116175","","2026-07-06 00:00:00","","Marina","","","Hladkova","","","","","","","gladkova1284@gmail.com","","","","Ушакова","Ушакова","Валки","Харківська","63002","UKR","","","","","","","","$0.00","$0.00","","$0.00","TRUE","FALSE","TRUE","Parent","","","","FALSE","2026-07-06 03:48:44","2026-07-06 03:48:44","Anastasia","","No","No","No","","","552"
"42102997","","2026-07-04 00:00:00","","Rosemary","","","David","","","","","","","rosemary@davidfamily.net","","","","Wimbold Lodge, Hatt Common","East Woodhay","Newbury","Hampshire","RG20 0NH","GBR","","","","","","","","$0.00","$200.00","$200.00","$0.00","TRUE","FALSE","TRUE","","","","","FALSE","2026-07-04 22:54:59","2026-07-04 22:55:05","","","No","No","No","","",""
"42041871","","2026-07-02 00:00:00","","Samuel","","","Velez","","","","","","","svq123@gmail.com","","","","La Dolores c.Argentina #630","La Dolores c.Argentina #630","Rio Grande","PR","00745","USA","","","","","","","","$0.00","$0.00","","$0.00","TRUE","FALSE","TRUE","Parent","","","","FALSE","2026-07-02 01:41:53","2026-07-02 01:41:53","Emma Velez","","No","No","No","","","551"
"42037841","","2026-07-01 00:00:00","","Krystal","","","C","","","","","","","kncc.crespo25@gmail.com","","","","","","","","","","","","","","","","","$0.00","$0.00","","$0.00","TRUE","FALSE","TRUE","Parent","","","","FALSE","2026-07-01 21:27:15","2026-07-01 21:27:15","Emma","","No","No","No","","","551"
"41955826","","2026-06-29 00:00:00","","Mrs H M C","","","Pullinger","","","","","","","ettapullinger@aol.com","","+447738567601","","Polhampton House","Overton","Basingstoke","Hampshire","RG25 3ED","GBR","","","","","","","","$0.00","$100.00","$100.00","$0.00","FALSE","FALSE","TRUE","","","","","FALSE","2026-06-29 22:28:33","2026-06-29 22:28:39","","","No","No","No","","",""
"41932710","","2026-06-29 00:00:00","","Mr Alexander Peter","","","Hicks","","","","","","","alhicks89@gmail.com","","+447751409503","","5 Lower Farm Close","","Aylesbury","","HP18 9HG","GBR","","","","","","","","$0.00","$100.00","$100.00","$0.00","FALSE","FALSE","TRUE","","","","","FALSE","2026-06-29 07:26:01","2026-06-29 07:26:08","","","No","No","No","","",""
"41825732","","2026-06-26 00:00:00","","Deborah","","","Mazza Kirby (Kirby Foundation)","","","","","","","dkirby82@gmail.com","","","","","","","","","","","","","","","","","$0.00","$20,000.00","$20,000.00","$0.00","TRUE","FALSE","TRUE","","","","","FALSE","2026-06-26 00:37:13","2026-06-26 00:37:20","","","No","No","No","","",""
"41795433","","2026-06-25 00:00:00","","laura","","","kenny","","","","","","","laurarose.xx@hotmail.co.uk","","","","00","","aa","aa","EH12 5XH","GBR","","","","","","","","$0.00","$0.00","","$0.00","TRUE","FALSE","TRUE","Parent, Newsletter Signup - Top, BBSOAS Parent and/or Patient","","","","FALSE","2026-06-25 12:26:08","2026-06-25 12:26:08","roger kenny","","No","No","No","","","550"
"41795002","","2026-06-25 00:00:00","","Oliver","","","Hicks","","","","","","","ollyhicks@gmail.com","","+447919417845","","Preston Farm","","Taunton","","Ta43qq","GBR","","","","","","","","$0.00","$20.00","$20.00","$0.00","TRUE","TRUE","TRUE","","","","","FALSE","2026-06-25 10:54:02","2026-06-25 10:54:08","","","No","No","No","","",""
"41794995","","2026-06-25 00:00:00","","Sophia","","","Hicks","","","","","","","sophiamofire@gmail.com","","+447723524507","","92 Highdown Road","","Hove","East sussex","BN3 6EA","GBR","","","","","","","","$0.00","$10.00","$10.00","$0.00","FALSE","FALSE","TRUE","","","","","FALSE","2026-06-25 10:51:55","2026-06-25 10:52:00","","","No","No","No","","",""
"41679036","","2026-06-23 00:00:00","","Geraldine","","","Bubb","","","","","","","mail@clarebubb.co.uk","","+447900808801","","36 oakington Road","","Cottenham","Cambridge","Cb24 8tw","GBR","","","","","","","","$0.00","$100.00","$100.00","$0.00","TRUE","TRUE","TRUE","","","","","FALSE","2026-06-23 15:14:50","2026-06-23 15:14:56","","","No","No","No","","",""
"41664539","","2026-06-22 00:00:00","","Nazira","","","Ibrahim","","","","","","","nursenaz91@yahoo.com","","","","","","","","","","","","","","","","","$0.00","$0.00","","$0.00","TRUE","FALSE","TRUE","Parent","","","","FALSE","2026-06-22 21:31:58","2026-06-22 21:31:58","Kyce","","No","No","No","","",""
"41661856","","2026-06-22 00:00:00","","Jessica","","","Medina","","","","","","","jessmedina1289@gmail.com","","","","11768 mesquite circle","11768 mesquite circle","Weslaco","TX","78599","USA","","","","","","","","$0.00","$0.00","","$0.00","TRUE","FALSE","TRUE","Parent","","","","FALSE","2026-06-22 19:47:42","2026-06-22 19:47:42","Zya","","No","No","No","","","549"
"41651402","","2026-06-22 00:00:00","","Marina","","","Elliott","","","","","","","marina.elliott67@gmail.com","","+447789956720","","2 brooks meadow poringland","","Norwich","Norfolk","NR147TP","GBR","","","","","","","","$0.00","$20.00","$20.00","$0.00","TRUE","TRUE","TRUE","","","","","FALSE","2026-06-22 17:11:23","2026-06-22 17:11:29","","","No","No","No","","",""
"41646737","","2026-06-22 00:00:00","","Jake","","","Holmes","","","","","","","jakeholmes368@gmail.com","","+447719056366","","7 The Oaks","","Cirencester","England","GL7 6BH","GBR","","","","","","","","$0.00","$75.00","$75.00","$0.00","TRUE","TRUE","TRUE","","","","","FALSE","2026-06-22 15:32:15","2026-06-22 15:32:22","","","No","No","No","","",""
"41644635","","2026-06-22 00:00:00","","Karen","","","Tritton","","","","","","","munchkin2302@hotmail.co.uk","","+447825542956","","59 Aylsham Rd","","North Walsham","England","NR28 0BL","GBR","","","","","","","","$0.00","$25.00","$25.00","$0.00","FALSE","FALSE","TRUE","","","","","FALSE","2026-06-22 11:29:01","2026-06-22 11:29:06","","","No","No","No","","",""
"41644522","","2026-06-22 00:00:00","","John","","","Garrett","","","","","","","johncbgarrett@gmail.com","","+447876570257","","112 Rosendale Road","","London","Greater London","SE21 8LF","GBR","","","","","","","","$0.00","$20.00","$20.00","$0.00","TRUE","TRUE","TRUE","","","","","FALSE","2026-06-22 10:11:38","2026-06-22 10:11:44","","","No","No","No","","",""
"41644429","","2026-06-22 00:00:00","","Robert","","","Talbot","","","","","","","iantalbot4895@gmial.com","","+447796505096","","Vine Cottage, 58 Barrow Road","","Shippon","Oxfordshire","OX13 6JQ","GBR","","","","","","","","$0.00","$50.00","$50.00","$0.00","TRUE","TRUE","TRUE","","","","","FALSE","2026-06-22 07:49:35","2026-06-22 07:49:43","","","No","No","No","","",""
"41639171","","2026-06-21 00:00:00","","Anita","","","Preece","","","","","","","anita.preece@outlook.com","","+447814939519","","38 Michael Drive","","Birmingham","West Midlands","B15 2EL","GBR","","","","","","","","$0.00","$50.00","$50.00","$0.00","FALSE","FALSE","TRUE","","","","","FALSE","2026-06-21 19:10:49","2026-06-21 19:10:56","","","No","No","No","","",""
"41632824","","2026-06-20 00:00:00","","Finlay","","","Richardson","","","","","","","finlay.richardson@icloud.com","","+447480229105","","Main Road","Fernbank","North Queensferry","FifE","KY111HB","GBR","","","","","","","","$0.00","$25.00","$25.00","$0.00","FALSE","FALSE","TRUE","","","","","FALSE","2026-06-20 23:02:37","2026-06-20 23:02:44","","","No","No","No","","",""
"41631084","","2026-06-20 00:00:00","","David Kenneth","","","Brunker","","","","","","","david.brunker@gmail.com","","","","14 Wyndham Rd","1","London","","SE5 0BS","GBR","","","","","","","","$0.00","$100.00","$100.00","$0.00","TRUE","FALSE","TRUE","","","","","FALSE","2026-06-20 21:21:30","2026-06-20 21:21:37","","","No","No","No","","",""
"41625762","","2026-06-20 00:00:00","","Emma","","","Preece","","","","","","","preece.e.j@gmail.com","","+447429598117","","5 Almond Close","","London","England","SE15 4UH","GBR","","","","","","","","$0.00","$150.00","$150.00","$0.00","FALSE","FALSE","TRUE","","","","","FALSE","2026-06-20 17:14:54","2026-06-20 17:14:59","","","No","No","No","","",""
"41612355","","2026-06-20 00:00:00","","William","","","Utting","","","","","","","willutting@icloud.com","","+447557330940","","5 St Edmund Cl","","Caistor Saint Edmund","England","NR14 8RJ","GBR","","","","","","","","$0.00","$15.00","$15.00","$0.00","TRUE","TRUE","TRUE","","","","","FALSE","2026-06-20 00:21:55","2026-06-20 00:22:01","","","No","No","No","","",""
"41605292","","2026-06-19 00:00:00","","Hannah","","","Gordon","","","","","","","sutcliffehg@gmail.com","","+447760515497","","2 Laburnum","","Tavistock","England","PL19 0HN","GBR","","","","","","","","$0.00","$100.00","$100.00","$0.00","TRUE","TRUE","TRUE","","","","","FALSE","2026-06-19 19:53:08","2026-06-19 19:53:14","","","No","No","No","","",""
"41600387","","2026-06-19 00:00:00","","Megan N","","","Dahling","","","","","","","megandahling85@gmail.com","","+15074217594","","719 1st St Nw","","PLAINVIEW","MN","55964","USA","","","","","","","","$0.00","$25.00","$25.00","$0.00","TRUE","TRUE","TRUE","","","","","FALSE","2026-06-19 17:01:40","2026-06-19 17:01:47","","","No","No","No","","",""
"41592886","","2026-06-19 00:00:00","","Liam","","","Scully","","","","","","","ljscully@live.com","","+447845815229","","Drybyrne","Glengowan Road","Bridge of Weir","","PA11 3PL","GBR","","","","","","","","$0.00","$25.00","$25.00","$0.00","TRUE","TRUE","TRUE","","","","","FALSE","2026-06-19 12:42:32","2026-06-19 12:42:38","","","No","No","No","","",""
"41592180","","2026-06-19 00:00:00","","Joanne","","","Willson","","","","","","","willsondj@btinternet.com","","","","Church Rd","","Norwich","England","NR 14 7 PB","GBR","","","","","","","","$0.00","$25.00","$25.00","$0.00","FALSE","FALSE","TRUE","","","","","FALSE","2026-06-19 10:01:24","2026-06-19 10:01:29","","","No","No","No","","",""
"41592132","","2026-06-19 00:00:00","","Sally-Ann","","","Wilson","","","","","","","sallyannmeadows@gmail.com","","+447770948016","","The Old Rectory","Bramerton","Norwich","Norfolk","Nr147DW","GBR","","","","","","","","$0.00","$200.00","$200.00","$0.00","TRUE","TRUE","TRUE","","","","","FALSE","2026-06-19 09:31:24","2026-06-19 09:31:31","","","No","No","No","","",""
"41591859","","2026-06-19 00:00:00","","Angus","","","OBrien","","","","","","","angussrobrien@gmail.com","","+447545097453","","10 Lowther glen","","Penrith","","CA10 2BP","GBR","","","","","","","","$0.00","$30.00","$30.00","$0.00","FALSE","FALSE","TRUE","","","","","FALSE","2026-06-19 06:09:39","2026-06-19 06:09:46","","","No","No","No","","",""
"41559186","","2026-06-18 00:00:00","","Louise","","","Vaux","","","","","","","louise_vaux@hotmail.com","","+447711416488","","9 Watlington Court","","Great Missenden","Buckinghamshire","HP16 9AG","GBR","","","","","","","","$0.00","$250.00","$250.00","$0.00","FALSE","FALSE","TRUE","","","","","FALSE","2026-06-18 06:16:19","2026-06-18 06:16:27","","","No","No","No","","",""
"41552313","","2026-06-17 00:00:00","","Jessica","","","Drummond Smith","","","","","","","jdrummondsmith@gmail.com","","+447909963755","","Newhouse Farmhouse","Kilmington","Warminster","Wiltshire","BA12 6QU","GBR","","","","","","","","$0.00","$50.00","$50.00","$0.00","FALSE","FALSE","TRUE","","","","","FALSE","2026-06-17 20:40:43","2026-06-17 20:40:49","","","No","No","No","","",""
"41550990","","2026-06-17 00:00:00","","Jennifer","","","Creery","","","","","","","creeryjennifer@gmail.com","","+447494272288","","38 Redcliffe Gardens","Flat 1","London","England","SW10 9HA","GBR","","","","","","","","$0.00","$20.00","$20.00","$0.00","FALSE","FALSE","TRUE","","","","","FALSE","2026-06-17 19:45:50","2026-06-17 19:45:55","","","No","No","No","","",""
"41543433","","2026-06-17 00:00:00","","Rebecca","","","Noble","","","","","","","becks_smile@hotmail.co.uk","","+447711778439","","4 Wensley Avenue","","Leeds","Yorkshire","LS7 3qx","GBR","","","","","","","","$0.00","$40.00","$40.00","$0.00","FALSE","FALSE","TRUE","","","","","FALSE","2026-06-17 14:57:25","2026-06-17 14:57:32","","","No","No","No","","",""
"41542255","","2026-06-17 00:00:00","","Andrew","","","Clyde","","","","","","","ollieclyde@hotmail.co.uk","","+447771290850","","21 Godolphin Rd","","London","London","W12 8JE","GBR","","","","","","","","$0.00","$15.00","$15.00","$0.00","FALSE","FALSE","TRUE","","","","","FALSE","2026-06-17 13:32:24","2026-06-17 13:32:30","","","No","No","No","","",""
"41541346","","2026-06-17 00:00:00","","Yvonne","","","Cole","","","","","","","yvonne-cole@hotmail.co.uk","","+447833710205","","The Malt House","West Woodhay","Newbury","Berkshire","RG20 0BJ","GBR","","","","","","","","$0.00","$50.00","$50.00","$0.00","TRUE","TRUE","TRUE","","","","","FALSE","2026-06-17 11:25:28","2026-06-17 11:25:35","","","No","No","No","","",""
"41541118","","2026-06-17 00:00:00","","Stephen","","","IT Waters","","","","","","","sitwaters@gmail.com","","+447711716468","","59 Woodwarde Rd","","London","England","SE22 8UN","GBR","","","","","","","","$0.00","$50.00","$50.00","$0.00","FALSE","FALSE","TRUE","","","","","FALSE","2026-06-17 10:08:15","2026-06-17 10:08:23","","","No","No","No","","",""
"41541080","","2026-06-17 00:00:00","","Mardi","","","MacGregor","","","","","","","chocolatemardi@hotmail.com","","+447956745460","","163 Waller Road","","London","","SE14 5LX","GBR","","","","","","","","$0.00","$30.00","$30.00","$0.00","FALSE","FALSE","TRUE","","","","","FALSE","2026-06-17 09:46:33","2026-06-17 09:46:39","","","No","No","No","","",""
"41541053","","2026-06-17 00:00:00","","Eluned","","","Jones-Bright","","","","","","","eluned.jones-bright@hotmail.com","","+447778271246","","Groes y Garreg","Berriew","Welshpool","Powys","Sy21 8au","GBR","","","","","","","","$0.00","$55.00","$55.00","$0.00","FALSE","FALSE","TRUE","","","","","FALSE","2026-06-17 09:06:06","2026-06-17 09:06:13","","","No","No","No","","",""
"41526744","","2026-06-16 00:00:00","","Mr","","","R Carrow","","","","","","","r.j.carrow@btinternet.com","","+447806335527","","Laundry House","Adbury","Newbury","Berks","RG20 4HD","GBR","","","","","","","","$0.00","$670.00","$670.00","$0.00","TRUE","TRUE","TRUE","","","","","FALSE","2026-06-16 18:31:07","2026-06-16 18:31:13","","","No","No","No","","",""
"41522842","","2026-06-16 00:00:00","","Susannah","","","Rolph","","","","","","","susannah.leigh@btinternet.com","","","","Dukes Head The Street","","Shotesham All Saints","Norfolk","NR15 1AP","GBR","","","","","","","","$0.00","$25.00","$25.00","$0.00","FALSE","FALSE","TRUE","","","","","FALSE","2026-06-16 17:07:06","2026-06-16 17:07:12","","","No","No","No","","",""
"41503798","","2026-06-16 00:00:00","","Mariana","","","Pease","","","","","","","mariana@upperwoodcott.co.uk","","+441635267804","","Upper Woodcott Farm","Upper Woodcott","Whitchurch","Hants ","RG28 7PY","GBR","","","","","","","","$0.00","$250.00","$250.00","$0.00","FALSE","FALSE","TRUE","","","","","FALSE","2026-06-16 07:50:02","2026-06-16 07:50:07","","","No","No","No","","",""
"41503777","","2026-06-16 00:00:00","","David","","","Gordon","","","","","","","davidpgordon@hotmail.co.uk","","","","18 North Road","Berkhamsted","Herts","Herts","hp43dx","GBR","","","","","","","","$0.00","$100.00","$100.00","$0.00","TRUE","FALSE","TRUE","","","","","FALSE","2026-06-16 07:27:56","2026-06-16 07:28:03","","","No","No","No","","",""
"41493123","","2026-06-15 00:00:00","","Hilary","","","Tate","","","","","","","hilary@madhatsilver.co.uk","","","","31 Rectory Lane","","Poringland","Norfolk","NR14 7ST","GBR","","","","","","","","$0.00","$25.00","$25.00","$0.00","FALSE","FALSE","TRUE","","","","","FALSE","2026-06-15 19:36:10","2026-06-15 19:36:16","","","No","No","No","","",""
"41481504","","2026-06-15 00:00:00","","Adam","","","Salam","","","","","","","teebo318@aol.com","","","","00","","aa","LA","00000","USA","","","","","","","","$0.00","$0.00","","$0.00","TRUE","FALSE","TRUE","Newsletter Signup - Top, BBSOAS Parent and/or Patient","","","","FALSE","2026-06-15 15:41:06","2026-06-15 15:41:06","Kyce Salam","","No","No","No","","","548"
"41481479","","2026-06-15 00:00:00","","Nazira","","","Ibrahim Salam","","","","","","","nurseaz91@yahoo.com","","","","00","","aa","LA","00000","USA","","","","","","","","$0.00","$0.00","","$0.00","FALSE","FALSE","TRUE","Newsletter Signup - Top, BBSOAS Parent and/or Patient","","","","FALSE","2026-06-15 15:39:40","2026-06-26 21:18:15","Kyce Salam","","No","No","No","","","548"
"41478952","","2026-06-15 00:00:00","","Angus Cerdin","","","Reynolds","","","","","","","anguscerdinreynolds@gmail.com","","+447720566480","","20 Gubyon Avenue","","London","","SE24 0DX","GBR","","","","","","","","$0.00","$25.00","$25.00","$0.00","TRUE","TRUE","TRUE","","","","","FALSE","2026-06-15 12:56:14","2026-06-15 12:56:19","","","No","No","No","","",""
"41478228","","2026-06-15 00:00:00","","Hugh","","","Rowntree","","","","","","","hughrowntree@googlemail.com","","+447980287606","","66 Bankhurst Road","Bankhurst Rd","London","LONDON","SE6 4XN","GBR","","","","","","","","$0.00","$25.00","$25.00","$0.00","FALSE","FALSE","TRUE","","","","","FALSE","2026-06-15 07:25:51","2026-06-15 07:25:56","","","No","No","No","","",""
"41473556","","2026-06-14 00:00:00","","Julia","","","Rowntree","","","","","","","jrown@dircon.co.uk","","+447906783561","","43 Admiral Street","","london","London","se8 4hz","GBR","","","","","","","","$0.00","$25.00","$25.00","$0.00","TRUE","TRUE","TRUE","","","","","FALSE","2026-06-14 21:04:45","2026-06-14 21:04:51","","","No","No","No","","",""
"41473422","","2026-06-14 00:00:00","","Tom","","","Reynolds","","","","","","","tom.s.reynolds@hotmail.co.uk","","+447891115908","","","","","","","","","","","","","","","$0.00","$0.00","","$0.00","TRUE","TRUE","TRUE","","","","","FALSE","2026-06-14 20:58:31","2026-06-14 20:58:31","","","No","No","No","","",""
"41453676","","2026-06-13 00:00:00","","John","","","Mill","","","","","","","johncmill12@gmail.com","","+447836759726","","Heather close","","Kingswood","Surrey","KT20 6NY","GBR","","","","","","","","$0.00","$135.00","$135.00","$0.00","FALSE","FALSE","TRUE","","","","","FALSE","2026-06-13 17:58:29","2026-06-13 17:58:34","","","No","No","No","","",""
"41451549","","2026-06-13 00:00:00","","George","","","Hill","","","","","","","hilgeorge@hotmail.co.uk","","+447748483444","","Gravesend","12b Church Street","Burghead","Moary","IV30 5XH","GBR","","","","","","","","$0.00","$25.00","$25.00","$0.00","FALSE","FALSE","TRUE","","","","","FALSE","2026-06-13 16:47:36","2026-06-13 16:47:44","","","No","No","No","","",""
"41442588","","2026-06-13 00:00:00","","Ffion","","","Rolph","","","","","","","ffionrolph@gmail.com","","+447808020689","","69 Cheneys Road","","Londo","London","E11 3LL","GBR","","","","","","","","$0.00","$55.00","$55.00","$0.00","FALSE","FALSE","TRUE","","","","","FALSE","2026-06-13 13:56:36","2026-06-13 13:56:42","","","No","No","No","","",""
"41425145","","2026-06-12 00:00:00","","Henrietta","","","Fenton","","","","","","","h.fenton172@btinternet.com","","+447980010368","","Elmswell Hall","Green Lane","Elmswell","East yorks","YO25 3EL","GBR","","","","","","","","$0.00","$55.00","$55.00","$0.00","TRUE","TRUE","TRUE","","","","","FALSE","2026-06-12 19:24:27","2026-06-12 19:24:33","","","No","No","No","","",""
"41405196","","2026-06-12 00:00:00","","Robert","","","Sawers","","","","","","","bobsawers@hotmail.com","","+447973270878","","69 John Aird Court","","London","","W2 1UZ","GBR","","","","","","","","$0.00","$40.00","$40.00","$0.00","FALSE","FALSE","TRUE","","","","","FALSE","2026-06-12 12:20:11","2026-06-12 12:20:18","","","No","No","No","","",""
"41404468","","2026-06-12 00:00:00","","Frances","","","Pack","","","","","","","francespack@hotmail.com","","","","Plantation Cottage Westridge","Highclere","Newbury","Hampshire","RG20 9RY","GBR","","","","","","","","$0.00","$40.00","$40.00","$0.00","TRUE","FALSE","TRUE","","","","","FALSE","2026-06-12 07:54:55","2026-06-12 07:55:01","","","No","No","No","","",""
"41404442","","2026-06-12 00:00:00","","Clare","","","Macinnes","","","","","","","macinneses@gmail.com","","+447973878613","","WillowFarm","Bridlepath","Inkpen","Berks","Rg17 9QU","GBR","","","","","","","","$0.00","$40.00","$40.00","$0.00","TRUE","TRUE","TRUE","","","","","FALSE","2026-06-12 07:21:46","2026-06-12 07:21:54","","","No","No","No","","",""
"41404359","","2026-06-12 00:00:00","","Janie","","","Harris","","","","","","","janemaclellan@gmail.com","","+447730801683","","15 Halsey Street","","London","","SW3 2QH","GBR","","","","","","","","$0.00","$250.00","$250.00","$0.00","FALSE","FALSE","TRUE","","","","","FALSE","2026-06-12 06:21:16","2026-06-12 06:21:23","","","No","No","No","","",""
"41390374","","2026-06-11 00:00:00","","Elizabeth","","","Andrews","","","","","","","andrews.liz@btopenworld.com","","+447719794911","","18 Highland","Poringland","Norwich","Norfolk","NR14 7QU","GBR","","","","","","","","$0.00","$25.00","$25.00","$0.00","TRUE","TRUE","TRUE","","","","","FALSE","2026-06-11 20:41:10","2026-06-11 20:41:17","","","No","No","No","","",""
"41371499","","2026-06-11 00:00:00","","Guy","","","Richardson","","","","","","","guy@eigerperformance.com","","+447411363463","","Fernbank, Main Road","North Queensferry","Inverkeithing","Fife","KY11 1HB","GBR","","","","","","","","$0.00","$55.00","$55.00","$0.00","FALSE","FALSE","TRUE","","","","","FALSE","2026-06-11 19:41:04","2026-06-11 19:41:10","","","No","No","No","","",""
"41353068","","2026-06-11 00:00:00","","Mor","","","Hazan","","","","","","","mor.lancry@gmail.com","","","","","","","","","","","","","","","","","$0.00","$0.00","","$0.00","TRUE","FALSE","TRUE","Parent","","","","FALSE","2026-06-11 18:20:45","2026-06-11 18:20:45","Yinon","","No","No","No","","","547"
"41351871","","2026-06-11 00:00:00","","Archie","","","Mackay-James","","","","","","","archiemj@hotmail.co.uk","","+447492402400","","2 Sheephouse Drive","","Bruton","Somerset","BA10 0FE","GBR","","","","","","","","$0.00","$25.00","$25.00","$0.00","TRUE","TRUE","TRUE","","","","","FALSE","2026-06-11 17:25:43","2026-06-11 17:25:50","","","No","No","No","","",""
"41340682","","2026-06-11 00:00:00","","Fiona","","","Coulthard","","","","","","","coulthardfiona@gmail.com","","+447708029182","","Church Lane","Cley","Holt","Norfolk","NR25 7UD","GBR","","","","","","","","$0.00","$150.00","$150.00","$0.00","TRUE","TRUE","TRUE","","","","","FALSE","2026-06-11 13:15:04","2026-06-11 13:15:11","","","No","No","No","","",""
"41322490","","2026-06-10 00:00:00","","Anne","","","Gittins","","","","","","","briannhage@aol.com","","+447979936992","","17 Cherrywood","Alpington","Norwich","Norfolk","Nr14 7NJ","GBR","","","","","","","","$0.00","$25.00","$25.00","$0.00","FALSE","FALSE","TRUE","","","","","FALSE","2026-06-10 18:47:43","2026-06-10 18:47:48","","","No","No","No","","",""
"41276591","","2026-06-09 00:00:00","","Robin","","","Brims","","","","","","","robinbrims@gmail.com","","+447791571562","","The Old School","Dalton","Newcastle Upon Tyne","Northumberland","NE18 0AA","GBR","","","","","","","","$0.00","$100.00","$100.00","$0.00","TRUE","TRUE","TRUE","","","","","FALSE","2026-06-09 14:25:58","2026-06-09 14:26:03","","","No","No","No","","",""
"41274722","","2026-06-09 00:00:00","","Gail","","","Keen","","","","","","","gailkeen@live.co.uk","","","","Chiltern Cottage","Bottom road","Tring","Herts","HP23 6LJ","GBR","","","","","","","","$0.00","$5.00","$5.00","$0.00","TRUE","FALSE","TRUE","","","","","FALSE","2026-06-09 10:38:28","2026-06-09 10:38:33","","","No","No","No","","",""
"41254364","","2026-06-08 00:00:00","","Graham","","","Knights","","","","","","","graham.knights2@talktalk.net","","+447770784888","","24 Charles Close","","Wroxham","Norfolk","NR128TU","GBR","","","","","","","","$0.00","$100.00","$100.00","$0.00","TRUE","TRUE","TRUE","","","","","FALSE","2026-06-08 16:27:33","2026-06-08 16:27:38","","","No","No","No","","",""
"41253772","","2026-06-08 00:00:00","","Klod","","","Slman","","","","","","","klood9552@gmail.com","","","","11","","aa","aa","00000","SAU","","","","","","","","$0.00","$0.00","","$0.00","TRUE","FALSE","TRUE","Newsletter Signup - Top, BBSOAS Parent and/or Patient","","","","FALSE","2026-06-08 15:49:59","2026-06-08 15:49:59","Sara","","No","No","No","","","546"
"41239047","","2026-06-07 00:00:00","","William","","","Maltby","","","","","","","sarahmaltby10@gmail.com","","+447776481866","","Haughurst House","","Tadley","Hampshire","RG26 5JS","GBR","","","","","","","","$0.00","$60.00","$60.00","$0.00","FALSE","FALSE","TRUE","","","","","FALSE","2026-06-07 18:11:28","2026-06-07 18:11:34","","","No","No","No","","",""
"41239027","","2026-06-07 00:00:00","","Leslie","","","Pratt","","","","","","","lesliehpratt@gmail.com","","+447778568367","","Cricket House","","Wolverton ","England","RG26 5SX","GBR","","","","","","","","$0.00","$100.00","$100.00","$0.00","TRUE","TRUE","TRUE","","","","","FALSE","2026-06-07 18:10:15","2026-06-07 18:10:21","","","No","No","No","","",""
"41228184","","2026-06-07 00:00:00","","Mrs D L","","","Patrick-Smith","","","","","","","dana@dreadnought-tiles.co.uk","","+447775663116","","Malthouse","Burghclere","Newbury","Berks","RG20 9HL","GBR","","","","","","","","$0.00","$25.00","$25.00","$0.00","FALSE","FALSE","TRUE","","","","","FALSE","2026-06-07 07:48:04","2026-06-07 07:48:09","","","No","No","No","","",""
"41228027","","2026-06-07 00:00:00","","Courtenay","","","Crow","","","","","","","courtenaycrow@gmail.com","","+447454939056","","41 Airedale Ave","","London","England","W4 2NW","GBR","","","","","","","","$0.00","$55.00","$55.00","$0.00","FALSE","FALSE","TRUE","","","","","FALSE","2026-06-07 06:02:01","2026-06-07 06:02:08","","","No","No","No","","",""
"41212749","","2026-06-06 00:00:00","","Harriet","","","Batey","","","","","","","hbatey13@gmail.com","","","","39","Burmester Road","London","London","SW17 0JN","GBR","","","","","","","","$0.00","$25.00","$25.00","$0.00","FALSE","FALSE","TRUE","","","","","FALSE","2026-06-06 13:48:45","2026-06-06 13:48:51","","","No","No","No","","",""
"41212377","","2026-06-06 00:00:00","","Harry","","","Mill","","","","","","","harry.j.b.mill@gmail.com","","","","65 Hambalt Road","Clapham","London","London","Sw4 9EQ","GBR","","","","","","","","$0.00","$250.00","$250.00","$0.00","TRUE","FALSE","TRUE","","","","","FALSE","2026-06-06 13:25:15","2026-06-06 13:25:22","","","No","No","No","","",""
"41212009","","2026-06-06 00:00:00","","Jonathan","","","Swift","","","","","","","jonathan.ms.swift@gmail.com","","+447774046890","","18 Cassland Rd","Flat 1","London","England","E9 7AN","GBR","","","","","","","","$0.00","$25.00","$25.00","$0.00","FALSE","FALSE","TRUE","","","","","FALSE","2026-06-06 13:00:56","2026-06-06 13:01:02","","","No","No","No","","",""
"41174224","","2026-06-05 00:00:00","","Victoria","","","Donald","","","","","","","victoriadonald17@gmail.com","","+447797764117","","Les Champs","La Rue du Puits Mahaut","Grouville","Jersey","JE3 9BU","JEY","","","","","","","","$0.00","$100.00","$100.00","$0.00","TRUE","TRUE","TRUE","","","","","FALSE","2026-06-05 08:04:53","2026-06-05 08:04:58","","","No","No","No","","",""
"41164831","","2026-06-04 00:00:00","","Deborah","","","Tett","","","","","","","deborah_tett@hotmail.com","","+447797716370","","Le Feugerel House","La Rue Du Feugerel","St John","Jersey","JE3 4FX","GBR","","","","","","","","$0.00","$25.00","$25.00","$0.00","TRUE","TRUE","TRUE","","","","","FALSE","2026-06-04 21:20:33","2026-06-04 21:20:39","","","No","No","No","","",""
"41152002","","2026-06-04 00:00:00","","E N","","","Herbert","","","","","","","nickherbert6@gmail.com","","","","Church Lane","Church Lane House","Ripe","E.Sussex","BN8 6AU","GBR","","","","","","","","$0.00","$100.00","$100.00","$0.00","FALSE","FALSE","TRUE","","","","","FALSE","2026-06-04 09:37:32","2026-06-04 09:37:38","","","No","No","No","","",""
"41151668","","2026-06-04 00:00:00","","Rebecca","","","Thomas","","","","","","","rebeccafrancesthomas@gmail.com","","+447891559945","","74 Islip Road","","Oxford","","OX2 7SW","GBR","","","","","","","","$0.00","$25.00","$25.00","$0.00","FALSE","FALSE","TRUE","","","","","FALSE","2026-06-04 05:53:33","2026-06-04 05:53:39","","","No","No","No","","",""
"41142818","","2026-06-03 00:00:00","","David","","","Coral","","","","","","","davidcoral@hotmail.co.uk","","+447736063434","","37 Greyhound Parade","503 millwards Court","London","England","SW17 0JQ","GBR","","","","","","","","$0.00","$35.00","$35.00","$0.00","FALSE","FALSE","TRUE","","","","","FALSE","2026-06-03 21:35:04","2026-06-03 21:35:40","","","No","No","No","","",""
"41092703","","2026-06-03 00:00:00","","Andrea","","","Kerr","","","","","","","andrea.kerr5@hotmail.com","","+447971682797","","Hastridge House","","Newbury","England","Rg20 9HS","GBR","","","","","","","","$0.00","$100.00","$100.00","$0.00","FALSE","FALSE","TRUE","","","","","FALSE","2026-06-03 17:20:05","2026-06-03 17:20:11","","","No","No","No","","",""
"41090922","","2026-06-03 00:00:00","","Lewis","","","Cronin","","","","","","","lewis.cronin@icloud.com","","+447733055028","","7 Mawson Court ","","London ","","N1 5HN","GBR","","","","","","","","$0.00","$55.00","$55.00","$0.00","FALSE","FALSE","TRUE","","","","","FALSE","2026-06-03 16:09:32","2026-06-03 16:09:40","","","No","No","No","","",""
"41086180","","2026-06-03 00:00:00","","Toni","","","Hovey","","","","","","","toni@hoveyfamily.co.uk","","+447932680890","","80, High Street,","","CORSHAM","Wiltshire","SN13 0HF","GBR","","","","","","","","$0.00","$130.00","$130.00","$0.00","TRUE","TRUE","TRUE","","","","","FALSE","2026-06-03 13:08:25","2026-06-03 13:08:53","","","No","No","No","","",""
"41086177","","2026-06-03 00:00:00","","Harry","","","M","","","","","","","harry.j.b.mill@gmail.com","","+447917676270","","","","","","","","","","","","","","","$0.00","$0.00","","$0.00","TRUE","TRUE","TRUE","","","","","FALSE","2026-06-03 13:08:05","2026-06-03 13:08:05","","","No","No","No","","",""
"41085285","","2026-06-03 00:00:00","","Ed","","","Marchant","","","","","","","eddmarchant@hotmail.com","","+447982123867","","NW1 1EP","Flat 56","Kings Cross, London","Alabama","NW1 1EP","GBR","","","","","","","","$0.00","$50.00","$50.00","$0.00","TRUE","TRUE","TRUE","","","","","FALSE","2026-06-03 11:10:14","2026-06-03 11:10:19","","","No","No","No","","",""
"41085136","","2026-06-03 00:00:00","","Mrs Stephanie","","","Hovey","","","","","","","hovey.steph@gmail.com","","+447837556757","","Walton Street","The Old School","Walton In Gordano","","BS21 7AW","GBR","","","","","","","","$0.00","$25.00","$25.00","$0.00","FALSE","FALSE","TRUE","","","","","FALSE","2026-06-03 10:15:40","2026-06-03 10:15:47","","","No","No","No","","",""
"41046309","","2026-06-02 00:00:00","","Sarah","","","Leventhorpe","","","","","","","sarahleventhorpe@btinternet.com","","+447796434827","","Limetree Cottage","North End","Newbury","Hampshire","RG20 0BA","GBR","","","","","","","","$0.00","$100.00","$100.00","$0.00","FALSE","FALSE","TRUE","","","","","FALSE","2026-06-02 09:35:52","2026-06-02 09:35:58","","","No","No","No","","",""
"41040976","","2026-06-02 00:00:00","","Robert","","","Devaney","","","","","","","robert_devaney@outlook.com","","+14158608646","","Flat 6 Teignmouth Court","35 Mapesbury Road","Kilburn","London","NW2 4HL","USA","","","","","","","","$0.00","$100.00","$100.00","$0.00","FALSE","FALSE","TRUE","","","","","FALSE","2026-06-02 00:47:07","2026-06-02 00:47:12","","","No","No","No","","",""
"41011014","","2026-06-01 00:00:00","","Emily","","","Toms","","","","","","","emmtoms@gmail.com","","+447572825726","","95 Pottergate","","Norwich","England","NR2 1DZ","GBR","","","","","","","","$0.00","$25.00","$25.00","$0.00","FALSE","FALSE","TRUE","","","","","FALSE","2026-06-01 15:34:24","2026-06-01 15:34:31","","","No","No","No","","",""
"41008932","","2026-06-01 00:00:00","","Charles","","","Holroyd","","","","","","","holroydcja@aol.com","","+447990570620","","Gables House, Church Street","Upton Grey","Basingstoke","Hampshire","RG25 2RA","GBR","","","","","","","","$0.00","$140.00","$140.00","$0.00","TRUE","TRUE","TRUE","","","","","FALSE","2026-06-01 14:53:43","2026-06-01 14:53:48","","","No","No","No","","",""
"41006308","","2026-06-01 00:00:00","","Jos","","","Lovegrove-Fielden","","","","","","","j.lovegrovefielden@gmail.com","","","","Middle Farm","Longden","Shrewsbury","Shropshire","SY5 8EX","GBR","","","","","","","","$0.00","$50.00","$50.00","$0.00","FALSE","FALSE","TRUE","","","","","FALSE","2026-06-01 13:06:06","2026-06-01 13:06:12","","","No","No","No","","",""
"41004244","","2026-06-01 00:00:00","","Rodolphe","","","CIULLA","","","","","","","rodo1839@yahoo.fr","","","","11","","aa","aa","00000","FRA","","","","","","","","$0.00","$0.00","","$0.00","TRUE","FALSE","TRUE","Parent","","","","FALSE","2026-06-01 09:48:22","2026-06-01 09:48:22","Paolo","","No","No","No","","","545"
"41004243","","2026-06-01 00:00:00","","Élisabeth","","","MORISSON","","","","","","","morissone@orange.fr","","","","","","","","","","","","","","","","","$0.00","$0.00","","$0.00","TRUE","FALSE","TRUE","Parent","","","","FALSE","2026-06-01 09:47:29","2026-06-01 09:47:30","Paolo","","No","No","No","","","545"
"40991312","","2026-05-31 00:00:00","","Tim","","","Lodge","","","","","","","tim.lodge1@btinternet.com","","+447798837317","","The Shallows          Water Lane","Itchen Stoke","Alresford","Hampshire","SO24 0QZ","GBR","","","","","","","","$0.00","$250.00","$250.00","$0.00","FALSE","FALSE","TRUE","","","","","FALSE","2026-05-31 21:39:36","2026-05-31 21:39:41","","","No","No","No","","",""
"40990492","","2026-05-31 00:00:00","","Lucy","","","Berwick","","","","","","","lucyberwick@hotmail.com","","","","109 the street","","Costessey","NORFOLK","NR85DF","GBR","","","","","","","","$0.00","$30.00","$30.00","$0.00","FALSE","FALSE","TRUE","","","","","FALSE","2026-05-31 20:45:01","2026-05-31 20:45:07","","","No","No","No","","",""
"40985064","","2026-05-31 00:00:00","","Helena","","","Fox","","","","","","","helenacafox@gmail.com","","","","Drift House","The Street","Dockenfield, Farnham","Surrey","GU10 4HX","GBR","","","","","","","","$0.00","$25.00","$25.00","$0.00","FALSE","FALSE","TRUE","","","","","FALSE","2026-05-31 15:36:14","2026-05-31 15:36:19","","","No","No","No","","",""
"40983448","","2026-05-31 00:00:00","","Nienke","","","Vogel","","","","","","","nienkeabma@web.de","","","","Langewerther Landstraße 29","Langewerther Landstraße 29","Wilhelmshaven","Niedersachsen","26389","DEU","","","","","","","","$0.00","$0.00","","$0.00","TRUE","FALSE","TRUE","Parent","","","","FALSE","2026-05-31 13:25:25","2026-05-31 13:25:25","Claas","","No","No","No","","","544"
"40979076","","2026-05-31 00:00:00","","Jazmine","","","Butcher","","","","","","","jazmine@butchergroup.co.uk","","+447850507624","","8 Levens Close","","Poulton","England","FY6 8NJ","GBR","","","","","","","","$0.00","$55.00","$55.00","$0.00","FALSE","FALSE","TRUE","","","","","FALSE","2026-05-31 10:58:25","2026-05-31 10:58:31","","","No","No","No","","",""
"40979006","","2026-05-31 00:00:00","","Elizabeth","","","Shaw","","","","","","","lizzzy.s@hotmail.co.uk","","+447984060551","","4 Tasker Way","Continue Address If Required","Haverfordwest","Pembrokeshire","SA61 1FB","GBR","","","","","","","","$0.00","$15.00","$15.00","$0.00","TRUE","TRUE","TRUE","","","","","FALSE","2026-05-31 09:48:50","2026-05-31 09:48:57","","","No","No","No","","",""
"40978957","","2026-05-31 00:00:00","","Susan","","","Matthews","","","","","","","susandmatthews@btinternet.com","","+447919901500","","Earlstone common","Clerestone house","Burghclere, newbury","Berks","Rg209hn","GBR","","","","","","","","$0.00","$55.00","$55.00","$0.00","FALSE","FALSE","TRUE","","","","","FALSE","2026-05-31 08:21:07","2026-05-31 08:21:14","","","No","No","No","","",""
"40970635","","2026-05-30 00:00:00","","Thomas","","","Holroyd","","","","","","","tharho@googlemail.com","","","","53 Westwick Gardens","","London","England","W14 0BS","GBR","","","","","","","","$0.00","$250.00","$250.00","$0.00","FALSE","FALSE","TRUE","","","","","FALSE","2026-05-30 21:02:57","2026-05-30 21:03:03","","","No","No","No","","",""
"40967768","","2026-05-30 00:00:00","","Sonia","","","Shaw","","","","","","","shawsonia1@gmail.com","","+447803139305","","Salisbury Road","The Farmhouse Stubwood Farm","Hungerford","West Berkshire","RG17 0RD","GBR","","","","","","","","$0.00","$25.00","$25.00","$0.00","FALSE","FALSE","TRUE","","","","","FALSE","2026-05-30 19:05:15","2026-05-30 19:05:21","","","No","No","No","","",""
"40957854","","2026-05-30 00:00:00","","Susan","","","MacDonald","","","","","","","susan@macdonaldhome.co.uk","","+447769973869","","Warren Kiln","Kintbury","Hungerford","Berkshire","RG17 9SX","GBR","","","","","","","","$0.00","$100.00","$100.00","$0.00","FALSE","FALSE","TRUE","","","","","FALSE","2026-05-30 15:12:04","2026-05-30 15:12:09","","","No","No","No","","",""
"40954573","","2026-05-30 00:00:00","","Simon","","","Bromfield","","","","","","","charlesbromfield@gmail.com","","+447555674231","","Wield Manor","","Upper Wield","Hampshire","SO24 9RU","GBR","","","","","","","","$0.00","$50.00","$50.00","$0.00","FALSE","FALSE","TRUE","","","","","FALSE","2026-05-30 11:54:17","2026-05-30 11:54:23","","","No","No","No","","",""
"40953915","","2026-05-30 00:00:00","","Julian","","","Roskill","","","","","","","julian@roskillfamily.com","","+447831229122","","Heatherfield, Newtown Common","","Newbury","Berkshire","RG20 9DB","GBR","","","","","","","","$0.00","$150.00","$150.00","$0.00","FALSE","FALSE","TRUE","","","","","FALSE","2026-05-30 09:41:17","2026-05-30 09:41:22","","","No","No","No","","",""
"40902085","","2026-05-29 00:00:00","","Fiona","","","Almond","","","","","","","fiona.almond2@gmail.com","","+447976308593","","3 Chester close","","Wyton","Cambridgeshire","PE282HZ","GBR","","","","","","","","$0.00","$350.00","$350.00","$0.00","TRUE","TRUE","TRUE","","","","","FALSE","2026-05-29 18:45:59","2026-05-29 18:46:06","","","No","No","No","","",""
"40889676","","2026-05-29 00:00:00","","Liv","","","Lacey","","","","","","","olivia.lacey3@gmail.com","","+447414132223","","7 Penda Road ","","Buckingham","England","MK18 1YT","GBR","","","","","","","","$0.00","$30.00","$30.00","$0.00","TRUE","TRUE","TRUE","","","","","FALSE","2026-05-29 12:04:05","2026-05-29 12:04:12","","","No","No","No","","",""
"40887946","","2026-05-29 00:00:00","","Paris","","","Back","","","","","","","parisback14@gmail.com","","+447900683617","","Washingford House, Cookes Road","Bergh Apton","NORWICH","Norfolk","NR15 1AA","GBR","","","","","","","","$0.00","$350.00","$100.00","$0.00","TRUE","TRUE","TRUE","","","","","FALSE","2026-05-29 09:02:03","2026-06-08 21:38:29","","","No","No","No","","",""
"40878919","","2026-05-28 00:00:00","","Melanie","","","Wilks","","","","","","","melakhurst@aol.com","","+447769704526","","Old Pines House","Ball Hill","Newbury","Berkshire","Rg200nn","GBR","","","","","","","","$0.00","$200.00","$200.00","$0.00","TRUE","TRUE","TRUE","","","","","FALSE","2026-05-28 20:09:40","2026-05-28 20:11:36","","","No","No","No","","",""
"40877871","","2026-05-28 00:00:00","","Sue","","","Morris","","","","","","","susie248@me.com","","+447899861048","","Gorsefield House","Newtown Common","Newbury","Berkshire","RG20 9BE","GBR","","","","","","","","$0.00","$100.00","$100.00","$0.00","TRUE","TRUE","TRUE","","","","","FALSE","2026-05-28 19:39:41","2026-05-28 19:39:48","","","No","No","No","","",""
"40860346","","2026-05-28 00:00:00","","Bridget","","","Mainwaring-Burton","","","","","","","bridget@thembs.co.uk","","+447801813287","","La Malzarderie, Rue des Chataigniers, St. John","","JERSEY","State or Region","JE3 4DL","GBR","","","","","","","","$0.00","$65.00","$65.00","$0.00","TRUE","TRUE","TRUE","","","","","FALSE","2026-05-28 14:43:18","2026-05-28 14:43:23","","","No","No","No","","",""
"40859431","","2026-05-28 00:00:00","","Andrew","","","Lindsay","","","","","","","a.lindsay1988@gmail.com","","+447982630459","","32 Great Norwood Street","","Cheltenham ","","Gl502BH","GBR","","","","","","","","$0.00","$100.00","$100.00","$0.00","FALSE","FALSE","TRUE","","","","","FALSE","2026-05-28 14:04:29","2026-05-28 14:04:36","","","No","No","No","","",""
"40848044","","2026-05-28 00:00:00","","Louise","","","Carter","","","","","","","louiseacarter@icloud.com","","+447887894242","","188 Tytherington","","Warminster","Wiltshire","BA12  7AD","GBR","","","","","","","","$0.00","$55.00","$55.00","$0.00","TRUE","TRUE","TRUE","","","","","FALSE","2026-05-28 12:00:56","2026-05-28 12:01:02","","","No","No","No","","",""
"40847837","","2026-05-28 00:00:00","","Janet","","","Coleman","","","","","","","janet@coleman.uk.com","","+447831233140","","Kennet House","111 Marsh Benham","Newbury","Berkshire","RG20 8LY","GBR","","","","","","","","$0.00","$200.00","$200.00","$0.00","TRUE","TRUE","TRUE","","","","","FALSE","2026-05-28 11:29:45","2026-05-28 11:32:13","","","No","No","No","","",""
"40847744","","2026-05-28 00:00:00","","Mark","","","Coldrey","","","","","","","markcoldrey@icloud.com","","","","Knights Cottage","Knights cottage","Newbury","Newbury","RG20 0NP","GBR","","","","","","","","$0.00","$100.00","$100.00","$0.00","TRUE","FALSE","TRUE","","","","","FALSE","2026-05-28 11:11:45","2026-05-28 11:11:54","","","No","No","No","","",""
"40847718","","2026-05-28 00:00:00","","William","","","Buckley","","","","","","","tregewoldkea@gmail.com","","+447748936869","","26 Wellesley Rd","","London","England","W4 4BN","GBR","","","","","","","","$0.00","$110.00","$110.00","$0.00","FALSE","FALSE","TRUE","","","","","FALSE","2026-05-28 11:06:56","2026-05-28 11:07:01","","","No","No","No","","",""
"40847530","","2026-05-28 00:00:00","","Katie","","","Back","","","","","","","katie.w.back@gmail.com","","+447976609273","","14 Old Library Mews","","Norwich","Norfolk","NR1 1ET","GBR","","","","","","","","$0.00","$270.00","$270.00","$0.00","FALSE","FALSE","TRUE","","","","","FALSE","2026-05-28 10:09:36","2026-05-28 10:09:43","","","No","No","No","","",""
"40847443","","2026-05-28 00:00:00","","Davina","","","Phillips","","","","","","","davinaphillips6@gmail.com","","+447880710783","","Wells in the Field Farm","Wells-in-the-Field Lane, Wells-in-t","Whitchurch","Hampshire","RG28 7NQ","GBR","","","","","","","","$0.00","$100.00","$100.00","$0.00","TRUE","TRUE","TRUE","","","","","FALSE","2026-05-28 08:49:36","2026-05-28 08:49:42","","","No","No","No","","",""
"40847431","","2026-05-28 00:00:00","","Margaret","","","Hesketh","","","","","","","maggiehesketh@btinternet.com","","+44163546857","","The Coach House","AdburyPark","Newbury","Berks","RG204HB","GBR","","","","","","","","$0.00","$55.00","$55.00","$0.00","TRUE","TRUE","TRUE","","","","","FALSE","2026-05-28 08:43:38","2026-05-28 08:43:43","","","No","No","No","","",""
"40847430","","2026-05-28 00:00:00","","Bridget","","","Wheeler","","","","","","","bridget.ultimate@btopenworld.com","","+447812240210","","Meadowbank","Hamstead Marshall","Newbury","Berkshire","RG20 0HN","GBR","","","","","","","","$0.00","$30.00","$30.00","$0.00","FALSE","TRUE","TRUE","","","","","FALSE","2026-05-28 08:43:27","2026-05-31 07:53:31","","","No","No","No","","",""
"40847422","","2026-05-28 00:00:00","","David","","","Brown","","","","","","","brown.oman@hormail.com","","","","Bleak Street","Bleak Farm","Wincanton","Somerset","BA9 8LZ","GBR","","","","","","","","$0.00","$20.00","$20.00","$0.00","FALSE","FALSE","TRUE","","","","","FALSE","2026-05-28 08:36:32","2026-05-28 08:36:38","","","No","No","No","","",""
"40847411","","2026-05-28 00:00:00","","Jack","","","Blackmore","","","","","","","jack.blackmore01@gmail.com","","+447970874691","","Manor House ","","Hampshire ","England","So323nu","GBR","","","","","","","","$0.00","$100.00","$100.00","$0.00","TRUE","TRUE","TRUE","","","","","FALSE","2026-05-28 08:25:05","2026-05-28 08:25:11","","","No","No","No","","",""
"40847407","","2026-05-28 00:00:00","","Catherine","","","Lovell","","","","","","","catherine@monksmead.co.uk","","+447778179852","","Monksmead House","Upper Woolhampton","Reading","Berkshire","RG7 5TA","GBR","","","","","","","","$0.00","$250.00","$250.00","$0.00","TRUE","TRUE","TRUE","","","","","FALSE","2026-05-28 08:20:51","2026-05-28 08:20:58","","","No","No","No","","",""
"40847217","","2026-05-28 00:00:00","","Matthew","","","Hutton","","","","","","","mcahutton@gmail.com","","","","Broom Farm","","Chedgrave","Norfolk","NR14 6BQ","GBR","","","","","","","","$0.00","$250.00","$250.00","$0.00","TRUE","FALSE","TRUE","","","","","FALSE","2026-05-28 07:08:16","2026-05-28 07:08:21","","","No","No","No","","",""
"40847209","","2026-05-28 00:00:00","","George","","","Carter","","","","","","","george.carter8032@gmail.com","","+447947941604","","8C Tanza Road","","London","","NW3 2UB","GBR","","","","","","","","$0.00","$250.00","$250.00","$0.00","FALSE","FALSE","TRUE","","","","","FALSE","2026-05-28 07:06:21","2026-05-28 07:06:26","","","No","No","No","","",""
"40839458","","2026-05-27 00:00:00","","Camilla","","","Ponsonby","","","","","","","millie@lemhill.com","","","","GREAT LEMHILL FARM","","LECHLADE","GLOUCESTERSHIRE","GL7 3EA","GBR","","","","","","","","$0.00","$100.00","$100.00","$0.00","TRUE","FALSE","TRUE","","","","","FALSE","2026-05-27 21:28:16","2026-05-27 21:28:22","","","No","No","No","","",""
"40839162","","2026-05-27 00:00:00","","Caroline","","","Rolfe","","","","","","","tukelet@aol.com","","+447729470808","","Horseshoe Barn","Adbury","Newbury","Berkshire","RG20 4HE","GBR","","","","","","","","$0.00","$25.00","$25.00","$0.00","FALSE","FALSE","TRUE","","","","","FALSE","2026-05-27 21:11:36","2026-05-27 21:11:42","","","No","No","No","","",""
"40822857","","2026-05-27 00:00:00","","Jonathan","","","Bendall","","","","","","","bendalljon@gmail.com","","+447775772761","","76 Plumstead Rd E","","Norwich","England","NR7 9NF","GBR","","","","","","","","$0.00","$55.00","$55.00","$0.00","TRUE","TRUE","TRUE","","","","","FALSE","2026-05-27 14:29:16","2026-05-27 14:29:21","","","No","No","No","","",""
"40821882","","2026-05-27 00:00:00","","Eloise","","","Carrow","","","","","","","e.w.m.c@hotmail.co.uk","","","","Laundry House","Adbury","Newbury","Newbury","RG20 4HD","GBR","","","","","","","","$0.00","$100.00","$100.00","$0.00","FALSE","FALSE","TRUE","","","","","FALSE","2026-05-27 13:28:01","2026-05-27 13:28:08","","","No","No","No","","",""
"40821682","","2026-05-27 00:00:00","","Harriet","","","And Richard","","","","","","","hacarrow@gmail.com","","+447970959893","","","","","","","","","","","","","","","$0.00","$0.00","","$0.00","TRUE","TRUE","TRUE","","","","","FALSE","2026-05-27 13:10:20","2026-05-27 13:10:20","","","No","No","No","","",""
"40799067","","2026-05-26 00:00:00","","Stephanie","","","Hicks","","","","","","","steph.hicks16@gmail.com","","","","5 Lower Farm Close","Shabbington","Aylesbury","BUCKINGHAMSHIRE","HP18 9HG","GBR","","","","","","","","$0.00","$50.00","$50.00","$0.00","FALSE","FALSE","TRUE","","","","","FALSE","2026-05-26 20:31:08","2026-05-26 20:31:13","","","No","No","No","","",""
"40773149","","2026-05-26 00:00:00","","Matt","","","Ingram","","","","","","","matt.ingram@insightifa.com","","+447979812030","","Gallows House, Gallows Lane","Eccles","Norwich","Norfolk","NR16 2JJ","GBR","","","","","","","","$0.00","$25.00","$25.00","$0.00","TRUE","TRUE","TRUE","","","","","FALSE","2026-05-26 12:12:21","2026-05-26 12:12:28","","","No","No","No","","",""
"40767064","","2026-05-25 00:00:00","","Al","","","Hicks","","","","","","","alhicks89@gmail.com","","+447751409503","","","","","","","","","","","","","","","$0.00","$0.00","","$0.00","FALSE","TRUE","TRUE","","","","","FALSE","2026-05-25 20:06:21","2026-06-29 07:26:02","","","No","No","No","","",""
"40758730","","2026-05-25 00:00:00","","Jeremy","","","Richardson","","","","","","","jeremy.richardson2020@outlook.com","","+447802439689","","The Corner House","Hill Road","Gullane","East Lothian","EH31 2BE","GBR","","","","","","","","$0.00","$150.00","$150.00","$0.00","FALSE","FALSE","TRUE","","","","","FALSE","2026-05-25 11:04:19","2026-05-25 11:04:25","","","No","No","No","","",""
"40746426","","2026-05-24 00:00:00","","Michael","","","Murray","","","","","","","mike-murray@comcast.net","","","","","","","","","","","","","","","","","$0.00","$0.00","","$0.00","TRUE","FALSE","TRUE","Parent","","","","FALSE","2026-05-24 18:30:38","2026-05-24 18:30:38","Carlyn","","No","No","No","","","543"
"40741194","","2026-05-24 00:00:00","","Rosie","","","Twogood","","","","","","","rosie_2gd@hotmail.co.uk","","+447415801711","","2 Chestnut End","","Halton","Bucks","HP22 5PD","GBR","","","","","","","","$0.00","$55.00","$55.00","$0.00","TRUE","TRUE","TRUE","","","","","FALSE","2026-05-24 06:47:59","2026-05-24 06:48:07","","","No","No","No","","",""
"40721860","","2026-05-22 00:00:00","","Evelyn","","","Brooks","","","","","","","","","","","","","","","","","","","","","","","","$0.00","$200.00","$200.00","$0.00","FALSE","FALSE","TRUE","","","","","FALSE","2026-05-22 22:03:34","2026-05-22 22:03:40","","","No","No","No","","",""
"40721821","","2026-05-22 00:00:00","","Marcia","","","Zech","","","","","","","","","","","","","","","","","","","","","","","","$0.00","$1,000.00","$1,000.00","$0.00","FALSE","FALSE","TRUE","","","","","FALSE","2026-05-22 22:00:36","2026-05-22 22:00:42","","","No","No","No","","",""
"40701264","","2026-05-22 00:00:00","","Katharine","","","Richardson","","","","","","","katie@thequies.com","","","","Hydon Wood House, Feathercombe Lane","","Godalming","Surrey","GU8 4DP","GBR","","","","","","","","$0.00","$250.00","$250.00","$0.00","FALSE","FALSE","TRUE","","","","","FALSE","2026-05-22 16:26:35","2026-05-22 16:26:40","","","No","No","No","","",""
"40696649","","2026-05-22 00:00:00","","Elkin","","","Florez Benavides","","","","","","","eflorez93@hotmail.com","","","","00","","aa","0","110111","COL","","","","","","","","$0.00","$0.00","","$0.00","TRUE","FALSE","TRUE","Newsletter Signup - Top, BBSOAS Parent and/or Patient","","","","FALSE","2026-05-22 15:27:48","2026-05-22 15:27:49","Emma Florez","","No","No","No","","","542"
"40695036","","2026-05-22 00:00:00","","Victoria","","","Maymon","","","","","","","vickymaymon@hotmail.co.uk","","+447919134643","","Coach House Farm","","Broadway","Worcestershire","WR12 7BY","GBR","","","","","","","","$0.00","$55.00","$55.00","$0.00","TRUE","TRUE","TRUE","","","","","FALSE","2026-05-22 13:41:07","2026-05-22 13:41:14","","","No","No","No","","",""
"40665526","","2026-05-21 00:00:00","","Ian","","","Sawers","","","","","","","iansawers@btinternet.com","","+447779134356","","30 Belvidere Road","","Shrewsbury","Shropshire","SY2 5LS","GBR","","","","","","","","$0.00","$55.00","$55.00","$0.00","TRUE","TRUE","TRUE","","","","","FALSE","2026-05-21 10:47:39","2026-05-21 10:47:46","","","No","No","No","","",""
"40655333","","2026-05-20 00:00:00","","Roger","","","Erickson","","","","","","","rerickson77@gmail.com","","","","2600 S Ocean Blvd, 401N","2600 S Ocean Blvd, 401N","Palm Beach","FL","33480","USA","","","","","","","","$0.00","$0.00","","$0.00","TRUE","FALSE","TRUE","Parent","","","","FALSE","2026-05-20 21:10:01","2026-05-20 21:10:01","Nicole","","No","No","No","","","541"
"40640207","","2026-05-20 00:00:00","","Tom","","","Butler","","","","","","","clare.tom@btinternet.com","","","","Whitehouse Farm","Edward Seago Place","Brooke, Norwich","Norfolk","NR15 1HL","GBR","","","","","","","","$0.00","$30.00","$30.00","$0.00","TRUE","FALSE","TRUE","","","","","FALSE","2026-05-20 14:22:35","2026-05-20 14:22:41","","","No","No","No","","",""
"40623559","","2026-05-19 00:00:00","","Honor","","","Richardson","","","","","","","honor.grace@hotmail.com","","+447789778916","","35F Belsize Avenue","","London","London","NW34BN","GBR","","","","","","","","$0.00","$30.00","$30.00","$0.00","FALSE","FALSE","TRUE","","","","","FALSE","2026-05-19 20:33:04","2026-05-19 20:33:11","","","No","No","No","","",""
"40600904","","2026-05-19 00:00:00","","Kenneth","","","Huber","","","","","","","members3825@gmail.com","","","","","","","","","","","","","","","","","$0.00","$0.00","","$0.00","TRUE","FALSE","TRUE","","","","","FALSE","2026-05-19 13:37:27","2026-05-19 13:37:28","","","No","No","No","","",""
"40593440","","2026-05-18 00:00:00","","Oliver","","","Wadlow","","","","","Aliena Advisory Limited","","owadlow@alineacf.co.uk","","+447904362984","","Millington Lodge","Lodge Road","Donnington","County","TF2 7QL","GBR","","","","","","","","$0.00","$100.00","$100.00","$0.00","TRUE","TRUE","TRUE","","","","","FALSE","2026-05-18 21:51:12","2026-05-18 21:52:10","","","No","No","No","","",""
"40555567","","2026-05-18 00:00:00","","Daniel","","","Mermina","","","","","","","dxm776@protonmail.com","","+447854005797","","Flat 2","8 Sinclair Road","London","England","W14 0NH","GBR","","","","","","","","$0.00","$20.00","$20.00","$0.00","TRUE","TRUE","TRUE","","","","","FALSE","2026-05-18 17:06:48","2026-05-18 17:06:53","","","No","No","No","","",""
"40553463","","2026-05-18 00:00:00","","Alexander","","","Friend","","","","","","","ajhfriend@hotmail.co.uk","","+447792910014","","105 Blore Road","","Market Drayton","","TF9 2PR","GBR","","","","","","","","$0.00","$25.00","$25.00","$0.00","FALSE","FALSE","TRUE","","","","","FALSE","2026-05-18 16:44:50","2026-05-18 16:44:58","","","No","No","No","","",""
"40542483","","2026-05-18 00:00:00","","Roderik","","","Jansen","","","","","","","roderikpjansen@gmail.com","","","","Jacob Obrechtstraat 67","","Amsterdam,","Amsterdam,","1071KJ","NLD","","","","","","","","$0.00","$25.00","$25.00","$0.00","FALSE","FALSE","TRUE","","","","","FALSE","2026-05-18 14:32:29","2026-05-18 14:32:36","","","No","No","No","","",""
"40541795","","2026-05-18 00:00:00","","helena","","","money","","","","","","","helena.money@norfolk.gov.uk","","","","","","","","","","","","","","","","","$0.00","$0.00","","$0.00","TRUE","FALSE","TRUE","","","","","FALSE","2026-05-18 13:44:35","2026-05-18 13:44:35","","","No","No","No","","",""
"40541094","","2026-05-18 00:00:00","","Carola","","","Iusi","","","","","","","carola.bi@icloud.com","","","","22 Beethoven Drive","22 Beethoven Drive","Aylesbury","Buckinghamshire","HP21 9FQ","GBR","","","","","","","","$0.00","$0.00","","$0.00","TRUE","FALSE","TRUE","Parent","","","","FALSE","2026-05-18 12:49:04","2026-05-18 12:49:04","Ginevra","","No","No","No","","","540"
"40540258","","2026-05-18 00:00:00","","Christine","","","Ryding","","","","","","","cmlryding@gmail.com","","+447582305301","","16 The Street","The Willows","Norwich","Norfolk","NR14 7AJ","GBR","","","","","","","","$0.00","$25.00","$25.00","$0.00","TRUE","TRUE","TRUE","","","","","FALSE","2026-05-18 10:57:18","2026-05-18 10:57:25","","","No","No","No","","",""
"40540146","","2026-05-18 00:00:00","","Tom","","","Barnes","","","","","","","tom.c.b.barnes@gmail.com","","+447834558410","","48 Weir Rd","","London","England","SW12 0NA","GBR","","","","","","","","$0.00","$100.00","$100.00","$0.00","FALSE","FALSE","TRUE","","","","","FALSE","2026-05-18 10:07:05","2026-05-18 10:07:11","","","No","No","No","","",""
"40540129","","2026-05-18 00:00:00","","Katrina","","","Matthews","","","","","","","katrinarye3@hotmail.co.uk","","+447577993130","","35 Hill Rise","Woodhouse Eaves","Woodhouse Eaves, Loughborough","Leicestershire","LE12 8QX","GBR","","","","","","","","$0.00","$30.00","$30.00","$0.00","FALSE","FALSE","TRUE","","","","","FALSE","2026-05-18 09:50:05","2026-05-18 09:50:11","","","No","No","No","","",""
"40540122","","2026-05-18 00:00:00","","Cheryl","","","Valentine","","","","","","","chevalentine@yahoo.co.uk","","+447843309460","","53 swan spring avenue","","Edinburgh","Scotland","EH106ND","GBR","","","","","","","","$0.00","$30.00","$30.00","$0.00","FALSE","FALSE","TRUE","","","","","FALSE","2026-05-18 09:47:49","2026-05-18 09:47:55","","","No","No","No","","",""
"40537196","","2026-05-18 00:00:00","","Hamish","","","Richardson","","","","","","","hamishrichardson180@outlook.com","","+447774242352","","85 Elgin Crescent","","London","England","W112JF","GBR","","","","","","","","$0.00","$25.00","$25.00","$0.00","FALSE","FALSE","TRUE","","","","","FALSE","2026-05-18 07:54:40","2026-05-18 07:54:46","","","No","No","No","","",""
"40520706","","2026-05-17 00:00:00","","Harry","","","Sawers","","","","","","","sawershml@gmail.com","","+447791508770","","","","","","","","","","","","","","","$0.00","$0.00","","$0.00","FALSE","TRUE","TRUE","","","","","FALSE","2026-05-17 15:09:40","2026-06-29 14:06:13","","","No","No","No","","",""
"40495293","","2026-05-16 00:00:00","","Jennifer","","","Young","","","","","","","subridere@gmail.com","","","","White House, 58, Coniston Road","Brooke","Norwich","Norfolk","NR15 1HX","GBR","","","","","","","","$0.00","$25.00","$25.00","$0.00","FALSE","FALSE","TRUE","","","","","FALSE","2026-05-16 10:20:42","2026-05-16 10:20:47","","","No","No","No","","",""
"40441794","","2026-05-14 00:00:00","","Barry","","","Cosel-Pieper","","","","","","","bcp1048@gmail.com","","","","4 Ring Neck Ridge","","Lloyd Harbor","NY","11743","USA","","","","","","","","$0.00","$500.00","$500.00","$0.00","FALSE","FALSE","TRUE","","","","","FALSE","2026-05-14 21:08:33","2026-05-14 21:08:41","","","No","No","No","","",""
"40420310","","2026-05-14 00:00:00","","Emma","","","Fenton","","","","","","","emma.fenton.ef@gmail.com","","","","The Wilderness","Loddon Road","Broome","NORFOLK","NR35 2RJ","GBR","","","","","","","","$0.00","$25.00","$25.00","$0.00","TRUE","FALSE","TRUE","","","","","FALSE","2026-05-14 10:17:39","2026-05-14 10:17:45","","","No","No","No","","",""
"40362429","","2026-05-13 00:00:00","","Eliana","","","Marzell","","","","","","","marzeliana@icloud.com","","+447427516771","","St Mary Magdalene Vicarage, Harlow","Harlow Common","Harlow","Essex","CM17 9ND","GBR","","","","","","","","$0.00","$30.00","$30.00","$0.00","TRUE","TRUE","TRUE","","","","","FALSE","2026-05-13 18:55:49","2026-05-13 18:55:57","","","No","No","No","","",""
"40309063","","2026-05-12 00:00:00","","Karen","","","Wilson","","","","","","","foggywilson@hotmail.co.uk","","+447356143707","","Poplar Hall","Frostenden Corner","Beccles","Suffolk","NR34 7JA","GBR","","","","","","","","$0.00","$25.00","$25.00","$0.00","TRUE","TRUE","TRUE","","","","","FALSE","2026-05-12 17:31:48","2026-05-12 17:31:55","","","No","No","No","","",""
"40287688","","2026-05-12 00:00:00","","Lana","","","Mosbey","","","","","","","lana@jbshospitality.com.au","","","","","","","","","","","","","","","","","$0.00","$0.00","","$0.00","TRUE","FALSE","TRUE","Parent","","","","FALSE","2026-05-12 01:08:47","2026-05-12 01:08:47","Blair Mosbey","","No","No","No","","","539"
"40275735","","2026-05-11 00:00:00","","Ali","","","Lamont","","","","","","","ali.lamont@btinternet.com","","+447976264469","","","","","","","","","","","","","","","$0.00","$0.00","","$0.00","TRUE","TRUE","TRUE","","","","","FALSE","2026-05-11 19:11:50","2026-05-11 19:11:50","","","No","No","No","","",""
"40263037","","2026-05-11 00:00:00","","Lis","","","Beltrán","","","","","","","lisbelederra@gmail.com","","","","","","","","","","","","","","","","","$0.00","$0.00","","$0.00","TRUE","FALSE","TRUE","Parent","","","","FALSE","2026-05-11 13:49:18","2026-05-11 13:49:18","Lipsy","","No","No","No","","","538"
"40258932","","2026-05-11 00:00:00","","William (Bill)","","","Minter","","","","","","","wminter@gmail.com","","","","246 Kendal Drive","","Oberlin","OH","44074","USA","","","","","","","","$100.00","$500.00","$100.00","$0.00","TRUE","FALSE","TRUE","Grandparent","","","","FALSE","2026-05-11 01:18:07","2026-09-11 21:38:01","","","No","No","No","","",""
"40249296","","2026-05-10 00:00:00","","Ann","","","Grace","","","","","","","rospletha@gmail.com","","+19788494760","","10 Phoenix Drive","","Kingston","NH","03848","USA","","","","","","","","$0.00","$25.00","$25.00","$0.00","TRUE","TRUE","TRUE","","","","","FALSE","2026-05-10 11:02:37","2026-05-10 11:02:43","","","No","No","No","","",""
"39899326","","2026-05-02 00:00:00","","Callum","","","Ryan","","","","","","","c.ryan747@gmail.com","","+447427597853","","28 Turpins Chase","","Welwyn","","AL6 0RA","GBR","","","","","","","","$0.00","$255.00","$255.00","$0.00","TRUE","TRUE","TRUE","","","","","FALSE","2026-05-02 22:00:39","2026-05-02 22:00:45","","","No","No","No","","",""
"39873876","","2026-05-02 00:00:00","","Cynthia","","","Minter","","","","","","","cynminter@gmail.com","","+14168388079","","12 RAVINA CRES","12 RAVINA CRES","TORONTO","ON","M4J 3M1","CAN","12 Ravina Crescent, Toronto, ON, M4J 3M1, CAN","","","","","","","$100.00","$100.00","$100.00","$0.00","TRUE","TRUE","TRUE","Parent","","","","FALSE","2026-05-02 01:19:26","2026-08-18 17:13:43","Dylan","","No","No","No","","","537"
"39836059","","2026-05-01 00:00:00","","Mikki","","","Fish","","","","","","","mrf62000@yahoo.com","","","","00","","ll","IN","00000","USA","","","","","","","","$0.00","$0.00","","$0.00","TRUE","FALSE","TRUE","Newsletter Signup - Top, BBSOAS Parent and/or Patient","","","","FALSE","2026-05-01 14:04:10","2026-05-01 14:04:11","Onnahlei","","No","No","No","","","536"
"39748692","","2026-04-30 00:00:00","","Ira","","","Riser","","","","","","","","","","","","","","","","","","","","","","","","$0.00","$200.00","$200.00","$0.00","FALSE","FALSE","TRUE","","","","","FALSE","2026-04-30 14:05:09","2026-04-30 14:05:14","","","No","No","No","","",""
"39621706","","2026-04-28 00:00:00","","Fanni","","","Beringer-Kibédi","","","","","","","kibedifanni@gmail.com","","","","","","","","","","","","","","","","","$0.00","$0.00","","$0.00","TRUE","FALSE","TRUE","Parent","","","","FALSE","2026-04-28 19:36:01","2026-04-28 19:36:01","Hédi","","No","No","No","","","530"
"39609474","","2026-04-28 00:00:00","","Beringer","","","Fanni","","","","","","","kibedifanni@gmail.com","","","","00","","aa","abc","0000","HUN","","","","","","","","$0.00","$0.00","","$0.00","TRUE","FALSE","TRUE","Newsletter Signup - Top, BBSOAS Parent and/or Patient","","","","FALSE","2026-04-28 15:37:21","2026-04-28 15:37:21","Hedi","","No","No","No","","","530"
"39598361","","2026-04-28 00:00:00","","ALETI","","","GAGAN","","","","","","","a.mallesh5733@gmail.com","","","","20-191/96/2043 Old Gabbilalapet jawahar nagar dammaiguda","20-191/96/2043 Old Gabbilalapet jawahar nagar dammaiguda","Dammaiguda ECIL hyderabad , medchal Malkajgiri","Telangana","500087","IND","","","","","","","","$0.00","$0.00","","$0.00","TRUE","FALSE","TRUE","Parent","","","","FALSE","2026-04-28 09:48:07","2026-04-28 09:48:07","ALETI GAGAN","","No","No","No","","","529"
"39598260","","2026-04-28 00:00:00","","Katherine","","","Waters","","","","","","","waters.kat@gmail.com","","+447909049131","","31 Mill Street","","London","London","SE1 2AX","GBR","","","","","","","","$0.00","$25.00","$25.00","$0.00","FALSE","TRUE","TRUE","","","","","FALSE","2026-04-28 08:20:30","2026-05-17 20:04:14","","","No","No","No","","",""
"39598165","","2026-04-28 00:00:00","","Miss Sophie A E","","","Waters","","","","","","","sophie.a.e.waters@gmail.com","","+447584721332","","59 Woodwarde Road","","London","","SE22 8UN","GBR","","","","","","","","$0.00","$55.00","$55.00","$0.00","TRUE","TRUE","TRUE","","","","","FALSE","2026-04-28 06:39:47","2026-04-28 06:39:52","","","No","No","No","","",""
"39597961","","2026-04-28 00:00:00","","Richard","","","Gillies","","","","","","","rg9989@my.bristol.ac.uk","","","","10 Windsor Road","Levenshulme","Manchester","GREATER MANCHESTER","M19 2EB","GBR","","","","","","","","$0.00","$40.00","$40.00","$0.00","TRUE","FALSE","TRUE","","","","","FALSE","2026-04-28 05:56:39","2026-04-28 05:56:46","","","No","No","No","","",""
"39580240","","2026-04-27 00:00:00","","Tom","","","Goulston","","","","","","","tlg1990@hotmail.com","","+447717387548","","36 Thistledene","","Thames Ditton","Surrey","KT7 0YJ","GBR","","","","","","","","$0.00","$70.00","$70.00","$0.00","TRUE","TRUE","TRUE","","","","","FALSE","2026-04-27 20:09:41","2026-04-27 20:09:46","","","No","No","No","","",""
"39578598","","2026-04-27 00:00:00","","Rob","","","Cohen","","","","","Core Priorities Ltd","","rob.p.cohen@gmail.com","","+447824877987","","8 Kennoldes Croxted Road","","London","England","SE21 8SS","GBR","","","","","","","","$0.00","$55.00","$55.00","$0.00","TRUE","TRUE","TRUE","","","","","FALSE","2026-04-27 19:05:52","2026-04-27 19:05:58","","","No","No","No","","",""
"39570892","","2026-04-27 00:00:00","","Nick","","","Waters","","","","","","","watnic03@hotmail.com","","+447952183823","","","","","","","","","","","","","","","$0.00","$0.00","","$0.00","TRUE","TRUE","TRUE","","","","","FALSE","2026-04-27 17:16:56","2026-04-27 17:16:56","","","No","No","No","","",""
"39426288","","2026-04-24 00:00:00","","Angelica Gabriela","","","Uta","","","","","","","angelicagabrielauta@gmail.com","","","","Calle Juan de Silva n122","Calle Juan de Silva n122","Marbella","Andalucia","29603","ESP","","","","","","","","$0.00","$0.00","","$0.00","TRUE","FALSE","TRUE","Parent","","","","FALSE","2026-04-24 10:15:47","2026-04-24 10:15:47","Vicențiu Andrei Turbatu","","No","No","No","","","528"
"39259149","","2026-04-21 00:00:00","","Jay","","","Parkinson","","","","","","","jpnoble36@gmail.com","","","","00","","aa","PA","00000","USA","","","","","","","","$0.00","$0.00","","$0.00","TRUE","FALSE","TRUE","Newsletter Signup - Top, BBSOAS Parent and/or Patient","","","","FALSE","2026-04-21 16:06:56","2026-04-21 16:06:56","","","No","No","No","","",""
"39248469","","2026-04-21 00:00:00","","Molly","","","Carrow","","","","","","","molly.carrow@nr2f1.org","molly.carrow@icloud.com","+447546520346","","1 Valentine Cottages","Petworth Road","Godalming","Surrey","GU8 5LS","GBR","","","","","","","","$0.00","$10.00","$10.00","$0.00","TRUE","TRUE","TRUE","","","","","FALSE","2026-04-21 08:19:06","2026-07-03 07:56:59","","","No","No","No","","",""
"39159149","","2026-04-18 00:00:00","","Marisol","","","Blanco Primo","","","","","","","solbp73@gmail.com","","","","Calle Churruca,27 3A","Calle Churruca,27 3A","Zamora","Zamora","49023","ESP","","","","","","","","$0.00","$0.00","","$0.00","TRUE","FALSE","TRUE","Parent","","","","FALSE","2026-04-18 14:43:23","2026-04-18 14:43:23","Unai","","No","No","No","","","527"
"38663430","","2026-04-15 00:00:00","","Kari","","","Crabtree","","","","","","","karijocrabtree@hotmail.com","","","","1211 Townsend Drive","1211 Townsend Drive","Heavener","OK","74937","USA","","","","","","","","$0.00","$0.00","","$0.00","TRUE","FALSE","TRUE","Parent, Newsletter Signup - Top, BBSOAS Parent and/or Patient","","","","FALSE","2026-04-15 16:09:22","2026-04-15 16:09:22","Ashby","","No","No","No","","","526"
"38653592","","2026-04-15 00:00:00","","Eva","","","Dupin","","","","","","","evadup1@hotmail.fr","","","","","","","","","","","","","","","","","$0.00","$0.00","","$0.00","TRUE","FALSE","TRUE","Parent","","","","FALSE","2026-04-15 08:48:03","2026-04-15 08:48:03","Lily","","No","No","No","","","525"
"38402848","","2026-04-10 00:00:00","","Robert","","","Luck","","","","","Heidelberg University","","robert.luck@medma.uni-heidelberg.de","","","","","","","","","","","","","","","","","$0.00","$0.00","","$0.00","TRUE","FALSE","TRUE","Researchers/Clinicians","","","","FALSE","2026-04-10 13:49:04","2026-04-10 13:49:04","","","No","No","No","","",""
"38224886","","2026-04-09 00:00:00","","Angelica","","","Mitchell","","","","","","","angelicamitchellrn@gmail.com","","","","","","","","","","","","","","","","","$0.00","$114.00","","$0.00","TRUE","FALSE","TRUE","","","","","FALSE","2026-04-09 15:48:01","2026-04-09 15:48:18","","","No","No","No","","",""
"38138353","","2026-04-09 00:00:00","","Yayoi","","","Sawae","","","","","","","sat0ou0305@gmail.com","","+819079777006","","","","","","","","","","","","","","","$0.00","$0.00","","$0.00","TRUE","FALSE","TRUE","","","","","FALSE","2026-04-09 03:30:29","2026-04-09 03:30:29","","","No","No","No","","",""
"38135506","","2026-04-09 00:00:00","","Rachel","","","Hammerton","","","","","","","bradstreet.sydney@gmail.com","","","","00","","Sydney","NSW","2000","AUS","","","","","","","","$0.00","$0.00","","$0.00","TRUE","FALSE","TRUE","Parent, Newsletter Signup - Top, BBSOAS Parent and/or Patient","","","","FALSE","2026-04-09 02:16:26","2026-04-09 02:16:26","Maeve","","No","No","No","","","524"
"38083748","","2026-04-09 00:00:00","","Linda","","","Rose","","","","","","","john.rose@windstream.net","","+19406311339","","","","","","","","","","","","","","","$0.00","$0.00","","$0.00","TRUE","FALSE","TRUE","","","","","FALSE","2026-04-09 00:48:57","2026-04-09 00:48:57","","","No","No","No","","",""
"38022148","","2026-04-08 00:00:00","","Kathryn","","","Spitzer Kim","","","","","","","kimbrynmawr@gmail.com","","+16508471347","","","","","","","","","","","","","","","$0.00","$0.00","","$0.00","TRUE","FALSE","TRUE","","","","","FALSE","2026-04-08 22:14:55","2026-04-08 22:14:55","","","No","No","No","","",""
"37958092","","2026-04-08 00:00:00","","Michael","","","Rose","","","","","","","mikerose2008@gmail.com","","+19407045168","","","","","","","","","","","","","","","$0.00","$0.00","","$0.00","TRUE","FALSE","TRUE","","","","","FALSE","2026-04-08 15:35:12","2026-04-08 15:35:12","","","No","No","No","","",""
"37951274","","2026-04-08 00:00:00","","Alexandria","","","Minasi","","","","","","","alexandria.kay14@gmail.com","","+13157176840","","","","","","","","","","","","","","","$0.00","$0.00","","$0.00","TRUE","FALSE","TRUE","","","","","FALSE","2026-04-08 13:22:50","2026-04-08 13:22:51","","","No","No","No","","",""
"37949075","","2026-04-08 00:00:00","","Sarah","","","Corleys","","","","","","","ssr741@hotmail.co.uk","","+447860617937","","","","","","","","","","","","","","","$0.00","$0.00","","$0.00","TRUE","FALSE","TRUE","","","","","FALSE","2026-04-08 11:53:03","2026-04-08 11:53:03","","","No","No","No","","",""
"37948859","","2026-04-08 00:00:00","","Faith","","","Petersen","","","","","","","faithpetersen@me.com","","","","","","","","","","","","","","","","","$0.00","$0.00","","$0.00","TRUE","FALSE","TRUE","","","","","FALSE","2026-04-08 11:16:58","2026-04-08 11:16:58","","","No","No","No","","",""
"37948366","","2026-04-08 00:00:00","","Normunds","","","Pless","","","","","","","normunds.pless@gmail.com","","+37129275208","","","","","","","","","","","","","","","$0.00","$0.00","","$0.00","TRUE","FALSE","TRUE","","","","","FALSE","2026-04-08 06:29:04","2026-04-08 06:29:04","","","No","No","No","","",""
"37900022","","2026-04-07 00:00:00","","Nicolas","","","Georgiou","","","","","","","nicgeorgiou@gmail.com","","+35797870765","","","","","","","","","","","","","","","$0.00","$0.00","","$0.00","TRUE","FALSE","TRUE","","","","","FALSE","2026-04-07 17:09:26","2026-04-07 17:09:26","","","No","No","No","","",""
"37668432","","2026-04-06 00:00:00","","Adelina","","","Delcambre","","","","","","","adedelcambre@gmail.com","","+13375193752","","1501 N Freyou Rd","1501 N Freyou Rd","New Iberia","LA","70560","USA","","","","","","","","$0.00","$0.00","","$0.00","TRUE","FALSE","TRUE","Parent","","","","FALSE","2026-04-06 14:01:35","2026-04-06 14:01:35","John","","No","No","No","","","531"
"37474520","","2026-04-03 00:00:00","","Lutfiya","","","Mohammed","","","","","","","l.mohammed@hotmail.com","","+447950244831","","","","","","","","","","","","","","","$0.00","$0.00","","$0.00","TRUE","FALSE","TRUE","","","","","FALSE","2026-04-03 16:31:41","2026-04-03 16:31:41","","","No","No","No","","",""
"37473419","","2026-04-03 00:00:00","","Lennart","","","Greve","","","","","","","lennart@aabyskovvej.dk","","","","00","","aa","denmark","0000","DNK","","","","","","","","$0.00","$0.00","","$0.00","TRUE","FALSE","TRUE","Newsletter Signup - Top, BBSOAS Parent and/or Patient","Foster Parent","","","FALSE","2026-04-03 15:34:43","2026-04-03 15:34:43","Gaius","Foster Parent","No","No","No","","","521"
"37468073","","2026-04-03 00:00:00","","Valentin","","","Robin","","","","","","","valtien35@hotmail.com","","+33607104900","","11 Rue Jean Pierre Calloc H","","Rennes","Britanny","35000","FRA","","","","","","","","$0.00","$55.00","","$0.00","TRUE","TRUE","TRUE","","","","","FALSE","2026-04-03 08:44:50","2026-04-03 08:44:50","","","No","No","No","","",""
"37467955","","2026-04-03 00:00:00","","Holly","","","Wilson","","","","","","","holwilson@yahoo.com.au","","+61418210438","","","","","","","","","","","","","","","$0.00","$0.00","","$0.00","TRUE","FALSE","TRUE","","","","","FALSE","2026-04-03 06:41:16","2026-04-03 06:41:16","","","No","No","No","","",""
"37467954","","2026-04-03 00:00:00","","Karina","","","O’Connor","","","","","","","kkerr1985@hotmail.com","","+61422933451","","","","","","","","","","","","","","","$0.00","$0.00","","$0.00","TRUE","FALSE","TRUE","","","","","FALSE","2026-04-03 06:41:15","2026-04-03 06:41:15","","","No","No","No","","",""
"37464289","","2026-04-03 00:00:00","","Regitze","","","Juul-Lassen","","","","","","","rkjl93@gmail.com","","","","Sadelmagertoften 158","Sadelmagertoften 158","Hojbjerg","Aarhus","8270","DNK","","","","","","","","$0.00","$0.00","","$0.00","TRUE","FALSE","TRUE","Parent","","","","FALSE","2026-04-03 00:45:06","2026-04-03 00:45:06","","","No","No","No","","",""
"37383224","","2026-04-02 00:00:00","","Teri","","","Grothe","","","","","","","teri.grothe@gmail.com","","+16512103886","","16327 Duskwood Trail","16327 Duskwood Trail","Lakeville","MN","55044","USA","","","","","","","","$0.00","$0.00","","$0.00","TRUE","FALSE","TRUE","Parent","","","","FALSE","2026-04-02 14:26:09","2026-04-02 14:26:09","Logan","","No","No","No","","","532"
"37251715","","2026-03-30 00:00:00","","Kati-Mari","","","Pekkala","","","","","","","kmpekkala@outlook.com","","","","00","","aa","finland","00000","FIN","","","","","","","","$0.00","$0.00","","$0.00","TRUE","FALSE","TRUE","Newsletter Signup - Top, BBSOAS Parent and/or Patient","","","","FALSE","2026-03-30 14:51:59","2026-03-30 14:51:59","Viv","","No","No","No","","","520"
"37235886","","2026-03-29 00:00:00","","Maria","","","Vescio","","","","","","","mark.vescio30102@gmail.com","","+16788952631","","","","","","","","","","","","","","","$0.00","$0.00","","$0.00","TRUE","FALSE","TRUE","","","","","FALSE","2026-03-29 16:09:21","2026-03-29 16:09:21","","","No","No","No","","",""
"37235885","","2026-03-29 00:00:00","","Ana","","","Vescio","","","","","","","ana.vescio@outlook.com","","+16788142545","","","","","","","","","","","","","","","$0.00","$35.00","","$0.00","TRUE","TRUE","TRUE","","","","","FALSE","2026-03-29 16:09:21","2026-04-09 21:10:54","","","No","No","No","","",""
"37235882","","2026-03-29 00:00:00","","Mark","","","Vescio","","","","","","","mark.vescio30102@gmail.com","","+16788952631","","2127 Grand Brook Cir","Apt 1424A","Orlando","FL","32810","USA","","","","","","","","$0.00","$250.00","","$0.00","TRUE","TRUE","TRUE","","","","","FALSE","2026-03-29 16:09:18","2026-03-29 16:09:19","","","No","No","No","","",""
"37205207","","2026-03-28 00:00:00","","Joanne","","","Mason","","","","","","","jo_mason@icloud.com","","+447949106061","","27 Falmouth Close","Monk Bretton","Barnsley","England","S71 2QQ","GBR","","","","","","","","$0.00","$0.00","","$0.00","TRUE","TRUE","TRUE","","","","","FALSE","2026-03-28 15:54:20","2026-03-28 15:54:20","","","No","No","No","","",""
"37189214","","2026-03-27 00:00:00","","Dave","","","Knaape","","","","","","","i_love_belgie@hotmail.com","","+31647545956","","","","","","","","","","","","","","","$0.00","$0.00","","$0.00","TRUE","FALSE","TRUE","","","","","FALSE","2026-03-27 22:42:21","2026-03-27 22:42:22","","","No","No","No","","",""
"37072185","","2026-03-25 00:00:00","","Robert","","","Campbell","","","","","","","campbell4665@gmail.com","","+17708614078","","PO Box 924375","","Norcorss","GA","30010","USA","","","","","","","","$0.00","$250.00","$250.00","$0.00","TRUE","TRUE","TRUE","","","","","FALSE","2026-03-25 20:07:51","2026-03-25 20:07:57","","","No","No","No","","",""
"37039027","","2026-03-25 00:00:00","","Gabriela","","","Angelica","","","","","","","utaangelicagabriela@gmail.com","","+34642988497","","","","","","","","","","","","","","","$0.00","$0.00","","$0.00","TRUE","FALSE","TRUE","","","","","FALSE","2026-03-25 15:24:22","2026-03-25 15:24:23","","","No","No","No","","",""
"37039025","","2026-03-25 00:00:00","","Angelica Gabriela","","","Uta","","","","","","","utaangelicagabriela@gmail.com","","+34642988497","","C. Cortada","122","Marbella","AN","29603","ESP","","","","","","","","$0.00","$55.00","","$0.00","TRUE","TRUE","TRUE","","","","","FALSE","2026-03-25 15:24:18","2026-03-25 15:24:18","","","No","No","No","","",""
"37038408","","2026-03-25 00:00:00","","Turbatu","","","Cosmin ionut","","","","","","","cosmin330ionut@gmail.com","","","","","","","","","","","","","","","","","$0.00","$0.00","","$0.00","TRUE","FALSE","TRUE","Parent","","","","FALSE","2026-03-25 14:55:39","2026-03-25 14:55:39","Vicențiu Andrei Turbatu","","No","No","No","","","522"
"37035902","","2026-03-25 00:00:00","","Verena","","","Spann","","","","","","","obermaierv.piusheim@gmail.com","","+491727570240","","","","","","","","","","","","","","","$0.00","$0.00","","$0.00","TRUE","FALSE","TRUE","","","","","FALSE","2026-03-25 13:19:55","2026-03-25 13:19:55","","","No","No","No","","",""
"37035900","","2026-03-25 00:00:00","","Verena","","","Obermaier","","","","","","","frenscho@gmail.com","","+491606830917","","Sonderdilching 2","","Weyarn","Weyarn","83629","DEU","","","","","","","","$0.00","$110.00","","$0.00","TRUE","TRUE","TRUE","","","","","FALSE","2026-03-25 13:19:51","2026-03-25 13:19:51","","","No","No","No","","",""
"37035830","","2026-03-25 00:00:00","","Heather","","","Cosel-Pieper","","","","","","","piepercosel@gmail.com","","+15168178704","","108 Beach Road","","Great Neck","NY","11023","USA","","","","","","","","$0.00","$100.00","$100.00","$0.00","TRUE","TRUE","TRUE","","","","","FALSE","2026-03-25 13:13:42","2026-03-25 13:13:47","","","No","No","No","","",""
"37030099","","2026-03-25 00:00:00","","Menouar","","","Maallemi","","","","","","","mnouarus6681@hotmail.com","","+12672666840","","1709 Snyder Avenue Apt 2R","","Philadelphia","PA","19145","USA","","","","","","","","$0.00","$55.00","","$0.00","TRUE","TRUE","TRUE","","","","","FALSE","2026-03-25 02:07:32","2026-03-25 02:07:32","","","No","No","No","","",""
"37004440","","2026-03-24 00:00:00","","Adam","","","Schott","","","","","","","archn2@gmail.com","","+15615747172","","","","","","","","","","","","","","","$0.00","$0.00","","$0.00","TRUE","FALSE","TRUE","","","","","FALSE","2026-03-24 17:18:04","2026-03-24 17:18:04","","","No","No","No","","",""
"37004439","","2026-03-24 00:00:00","","Thomas","","","Schott","","","","","","","archn2@gmail.com","","+15615747172","","","","","","","","","","","","","","","$0.00","$0.00","","$0.00","TRUE","FALSE","TRUE","","","","","FALSE","2026-03-24 17:18:04","2026-03-24 17:18:04","","","No","No","No","","",""
"37004438","","2026-03-24 00:00:00","","Moses","","","Schott","","","","","","","archn2@gmail.com","","+15615747172","","","","","","","","","","","","","","","$0.00","$0.00","","$0.00","TRUE","FALSE","TRUE","","","","","FALSE","2026-03-24 17:18:03","2026-03-24 17:18:03","","","No","No","No","","",""
"37004437","","2026-03-24 00:00:00","","Tiffany","","","Schott","","","","","","","archn2@gmail.com","","+15615747172","","","","","","","","","","","","","","","$0.00","$0.00","","$0.00","TRUE","FALSE","TRUE","","","","","FALSE","2026-03-24 17:18:03","2026-03-24 17:18:03","","","No","No","No","","",""
"37004436","","2026-03-24 00:00:00","","Diego","","","Schott","","","","","","","archn2@gmail.com","","+15615989522","","","","","","","","","","","","","","","$0.00","$0.00","","$0.00","TRUE","FALSE","TRUE","","","","","FALSE","2026-03-24 17:18:01","2026-03-24 17:18:02","","","No","No","No","","",""
"37004435","","2026-03-24 00:00:00","","Yolanda","","","Schott","","","","","","","archn2@gmail.com","","+15619340103","","","","","","","","","","","","","","","$0.00","$0.00","","$0.00","TRUE","FALSE","TRUE","","","","","FALSE","2026-03-24 17:18:01","2026-03-24 17:18:02","","","No","No","No","","",""
"37003352","","2026-03-24 00:00:00","","Stacy","","","Nelson-OConnell","","","","","","","ugogirl1021@yahoo.com","","+12182321288","","","","","","","","","","","","","","","$0.00","$0.00","","$0.00","TRUE","FALSE","TRUE","","","","","FALSE","2026-03-24 16:34:30","2026-03-24 16:34:30","","","No","No","No","","",""
"36934642","","2026-03-22 00:00:00","","Richard","","","MacCallum","","","","","","","rick@metalcurving.com","","+14165270620","","","","","","","","","","","","","","","$0.00","$0.00","","$0.00","TRUE","FALSE","TRUE","","","","","FALSE","2026-03-22 21:36:48","2026-03-22 21:36:48","","","No","No","No","","",""
"36934641","","2026-03-22 00:00:00","","Carolyn","","","MacCallum","","","","","","","carolyn@rimacfab.com","","+19057173356","","","","","","","","","","","","","","","$0.00","$0.00","","$0.00","TRUE","FALSE","TRUE","","","","","FALSE","2026-03-22 21:36:47","2026-03-22 21:36:47","","","No","No","No","","",""
"36918411","","2026-03-21 00:00:00","","CLAUDIA","","","CHIPATECUA","","","","","","","klausp95@hotmail.com","","","","","","","","","","","","","","","","","$0.00","$0.00","","$0.00","TRUE","FALSE","TRUE","Parent","","","","FALSE","2026-03-21 21:10:39","2026-03-21 21:10:39","","","No","No","No","","",""
"36900688","","2026-03-21 00:00:00","","Cosmin","","","Turbatu","","","","","","","cosmin330ionut@gmail.com","","","","Juan de silva 122","Juan de silva 122","Marbella","Málaga","29603","ESP","","","","","","","","$0.00","$0.00","","$0.00","TRUE","FALSE","TRUE","Parent","","","","FALSE","2026-03-21 11:26:46","2026-03-21 11:26:46","Vicențiu Andrei Turbatu","","No","No","No","","","522"
"36790344","","2026-03-19 00:00:00","","Amal","","","Baghat","","","","","","","amalbaghat88@gmail.com","","","","00","","aa","11","3075 NL","NLD","","","","","","","","$0.00","$0.00","","$0.00","TRUE","FALSE","TRUE","Newsletter Signup - Top, BBSOAS Parent and/or Patient","","","","FALSE","2026-03-19 16:17:16","2026-03-19 16:17:16","","","No","No","No","","",""
"36785037","","2026-03-19 00:00:00","","Kylee","","","Harrison","","","","","","","krystalharrison32@yahoo.com","","+13367915028","","","","","","","","","","","","","","","$0.00","$0.00","","$0.00","TRUE","FALSE","TRUE","","","","","FALSE","2026-03-19 13:27:10","2026-03-19 13:27:10","","","No","No","No","","",""
"36762871","","2026-03-18 00:00:00","","Daniel","","","Campos","","","","","","","dcampos37@gmail.com","","+351939988273","","","","","","","","","","","","","","","$0.00","$0.00","","$0.00","TRUE","FALSE","TRUE","","","","","FALSE","2026-03-18 19:51:49","2026-03-18 19:51:49","","","No","No","No","","",""
"36762870","","2026-03-18 00:00:00","","Daniel","","","Gonzalez Da Costa Campos","","","","","","","dcampos@hey.com","","+351939988273","","Rua Ilha de Sao Jorge 203","RC Esq","Carcavelos","Carcavelos","2775-801","PRT","","","","","","","","$0.00","$55.00","","$0.00","TRUE","TRUE","TRUE","","","","","FALSE","2026-03-18 19:51:45","2026-03-18 19:51:46","","","No","No","No","","",""
"36722948","","2026-03-17 00:00:00","","Destini","","","Powell","","","","","","","mimzysmusings@outlook.com","","+17064669664","","","","","","","","","","","","","","","$0.00","$0.00","","$0.00","TRUE","TRUE","TRUE","","","","","FALSE","2026-03-17 13:47:37","2026-04-10 17:55:22","","","No","No","No","","",""
"36722947","","2026-03-17 00:00:00","","Rachel","","","Edwards","","","","","","","mimzysmusings@outlook.com","","+17064669664","","","","","","","","","","","","","","","$0.00","$15.00","","$0.00","TRUE","TRUE","TRUE","","","","","FALSE","2026-03-17 13:47:37","2026-04-10 17:55:22","","","No","No","No","","",""
"36722946","","2026-03-17 00:00:00","","Kelly","","","Powell","","","","","","","mimzysmusings@outlook.com","","+17064669664","","","","","","","","","","","","","","","$0.00","$250.00","","$0.00","TRUE","TRUE","TRUE","","","","","FALSE","2026-03-17 13:47:34","2026-03-17 13:47:35","","","No","No","No","","",""
"36677598","","2026-03-15 00:00:00","","Roger","","","Dixon","","","","","","","rogerdixonsr@gmail.com","","+14077157472","","244 Teddy Rushing St","","DeBary","FL","32713-5200","USA","","","","","","","","$0.00","$265.00","$265.00","$0.00","TRUE","TRUE","TRUE","","","","","FALSE","2026-03-15 17:39:25","2026-03-15 17:39:32","","","No","No","No","","",""
"36659025","","2026-03-14 00:00:00","","Nicholas","","","Roda","","","","","","","katiarodacrna@gmail.com","","+13054969788","","","","","","","","","","","","","","","$0.00","$0.00","","$0.00","TRUE","FALSE","TRUE","","","","","FALSE","2026-03-14 15:38:37","2026-03-14 15:38:37","","","No","No","No","","",""
"36659023","","2026-03-14 00:00:00","","Aria","","","Roda","","","","","","","katiarodacrna@gmail.com","","+13054969788","","","","","","","","","","","","","","","$0.00","$0.00","","$0.00","TRUE","FALSE","TRUE","","","","","FALSE","2026-03-14 15:38:36","2026-03-14 15:38:37","","","No","No","No","","",""
"36618590","","2026-03-13 00:00:00","","Dave","","","Knaape","","","","","","","i_love-belgie@hotmail.com","","+31614142573","","","","","","","","","","","","","","","$0.00","$0.00","","$0.00","TRUE","FALSE","TRUE","","","","","FALSE","2026-03-13 14:24:37","2026-03-13 14:24:37","","","No","No","No","","",""
"36618587","","2026-03-13 00:00:00","","Dieneke","","","Middelwaart","","","","","","","e.sondervan@santepartners.nl","","+31647545956","","","","","","","","","","","","","","","$0.00","$0.00","","$0.00","TRUE","TRUE","TRUE","","","","","FALSE","2026-03-13 14:24:33","2026-03-13 14:24:33","","","No","No","No","","",""
"36585084","","2026-03-12 00:00:00","","Marcia","","","Boyer","","","","","","","kydney657@gmail.com","","+12154109439","","3213 Cecil B Moore","","Philadelphia","PA","19121","USA","","","","","","","","$0.00","$25.00","$25.00","$0.00","TRUE","TRUE","TRUE","","","","","FALSE","2026-03-12 15:29:47","2026-03-12 15:29:54","","","No","No","No","","",""
"36581297","","2026-03-12 00:00:00","","Anne","","","Cunningham","","","","","","","anne.cunningham@bigpond.com","","","","","","","","","","","","","","","","","$0.00","$0.00","","$0.00","TRUE","FALSE","TRUE","","","","","FALSE","2026-03-12 06:15:11","2026-03-12 06:15:11","","","No","No","No","","",""
"36563429","","2026-03-11 00:00:00","","Jordan","","","Byers","","","","","","","jordan.michelespray16@gmail.com","","","","107 Atlantic ct","107 Atlantic ct","Bardstown","KY","40004","USA","","","","","","","","$0.00","$0.00","","$0.00","TRUE","FALSE","TRUE","Parent","","","","FALSE","2026-03-11 21:17:26","2026-03-11 21:17:26","Annie","","No","No","No","","","519"
"36552362","","2026-03-11 00:00:00","","Kim","","","Connor","","","","","","","kim_connor@ymail.com","","","","00","","aa","aa","ec1a 1bb","GBR","","","","","","","","$0.00","$0.00","","$0.00","TRUE","FALSE","FALSE","Parent","","","","FALSE","2026-03-11 17:03:13","2026-03-12 14:57:44","Hannah","","No","No","No","","","518"
"36548002","","2026-03-11 00:00:00","","Sandra","","","Chretien","","","","","","","sandra.chretien@hotmail.fr","","","","00","","aa","00","00000","FRA","","","","","","","","$0.00","$0.00","","$0.00","TRUE","FALSE","TRUE","Parent","","","","FALSE","2026-03-11 14:07:08","2026-03-11 14:07:08","Agathe","","No","No","No","","","517"
"36505060","","2026-03-10 00:00:00","","Robert","","","Dixon","","","","","","","rob22bert@gmail.com","","","","N 22nd St","E","Philadelphia","PA","19121","USA","","","","","","","","$0.00","$15.00","$15.00","$0.00","TRUE","FALSE","TRUE","","","","","FALSE","2026-03-10 17:32:40","2026-03-10 17:32:46","","","No","No","No","","",""
"36504239","","2026-03-10 00:00:00","","Samiah","","","Dixon","","","","","","","samiahdixon@gmail.com","","+14075355800","","244","Teddy Rushing Street","Debary","FL","32713","USA","","","","","","","","$0.00","$50.00","$50.00","$0.00","TRUE","TRUE","TRUE","","","","","FALSE","2026-03-10 17:19:25","2026-03-10 17:19:31","","","No","No","No","","",""
"36500946","","2026-03-10 00:00:00","","Meggan","","","Rhine","","","","","","","meggan2975@gmail.com","","+12152759548","","3053 S Pike Avenue","Unit B","Allentown","PA","18103","USA","","","","","","","","$0.00","$25.00","$25.00","$0.00","TRUE","TRUE","TRUE","","","","","FALSE","2026-03-10 16:06:43","2026-03-10 16:06:48","","","No","No","No","","",""
"36498443","","2026-03-10 00:00:00","","Dawn","","","Tarantelli","","","","","","","dtarantell@yahoo.com","","","","00","","aa","OH","00000","USA","","","","","","","","$0.00","$0.00","","$0.00","TRUE","FALSE","TRUE","Newsletter Signup, BBSOAS Parent and/or Patient","","","","FALSE","2026-03-10 15:32:35","2026-03-10 15:32:35","Michael","","No","No","No","","","516"
"36497617","","2026-03-10 00:00:00","","Emilee","","","Hall","","","","","","","emileelhall@gmail.com","","","","00","","aa","NE","00000","USA","2923 Coronado Dr, 2923 Coronado Dr, Lincoln, NE 68516, USA","","","","","","","$0.00","$0.00","","$0.00","TRUE","FALSE","TRUE","Newsletter Signup - Top, BBSOAS Parent and/or Patient, Parent","","","","FALSE","2026-03-10 15:31:13","2026-03-10 15:31:14","Augustin Hall","","No","No","No","","","515"
"36495790","","2026-03-10 00:00:00","","Suzanne","","","Vaden","","","","","","","suevaden@gmail.com","","+14046687999","","","","","","","","","","","","","","","$0.00","$0.00","","$0.00","FALSE","FALSE","TRUE","","","","","FALSE","2026-03-10 15:28:19","2026-03-10 15:28:19","","","No","No","No","","",""
"36489466","","2026-03-10 00:00:00","","Torrie","","","Bell","","","","","","","taujae97@gmail.com","","+13024383326","","326 Skeet Ave","","Bear","DE","19701","USA","","","","","","","","$0.00","$10.00","$10.00","$0.00","TRUE","TRUE","TRUE","","","","","FALSE","2026-03-10 14:14:40","2026-03-10 14:14:45","","","No","No","No","","",""
"36488835","","2026-03-10 00:00:00","","Jamar","","","Boykins","","","","","","","jsboykins@gmail.com","","+12679811018","","100 Reiffs Mill Rd","D2","Ambler","PA","19002","USA","","","","","","","","$0.00","$40.00","$40.00","$0.00","TRUE","TRUE","TRUE","","","","","FALSE","2026-03-10 14:10:26","2026-03-10 14:10:33","","","No","No","No","","",""
"36486472","","2026-03-10 00:00:00","","Liz","","","Shaw","","","","","","","lizzzy.s@hotmail.co.uk","","+447984060551","","","","","","","","","","","","","","","$0.00","$0.00","","$0.00","TRUE","TRUE","TRUE","","","","","FALSE","2026-03-10 13:27:03","2026-05-31 09:48:51","","","No","No","No","","",""
"36481675","","2026-03-10 00:00:00","","Blair","","","Hardy","","","","","","","whardy@dermody.com","","+16783612997","","5565 Fort Fisher Way","","Norcross","GA","30092","USA","","","","","","","","$0.00","$100.00","$100.00","$0.00","TRUE","TRUE","TRUE","","","","","FALSE","2026-03-10 10:51:37","2026-03-10 10:51:42","","","No","No","No","","",""
"36481447","","2026-03-10 00:00:00","","MYRIAM","","","UCEDA","","","","","","","myriam_uo@hotmail.com","","","","","","","","","","","","","","","","","$0.00","$0.00","","$0.00","TRUE","FALSE","TRUE","Parent","","","","FALSE","2026-03-10 08:14:53","2026-03-10 08:14:53","Marco","","No","No","No","","","523"
"36476646","","2026-03-10 00:00:00","","Barry","","","Kryski","","","","","","","kryski@comcast.net","","","","4553 Cape Kure Ct","","Norcross","GA","30092","USA","","","","","","","","$0.00","$100.00","$100.00","$0.00","FALSE","FALSE","TRUE","","","","","FALSE","2026-03-10 01:18:43","2026-04-08 11:35:50","","","No","No","No","","",""
"36463124","","2026-03-09 00:00:00","","Marian","","","Andrioaie","","","","","","","marian.andrioaie@gmail.com","","+15012168279","","","","","","","","","","","","","","","$0.00","$50.00","$50.00","$0.00","FALSE","TRUE","TRUE","","","","","FALSE","2026-03-09 18:06:58","2026-05-18 12:12:08","","","No","No","No","","",""
"36457682","","2026-03-09 00:00:00","","Michael","","","Long","","","","","","","mslong2000@gmail.com","","+16232038642","","4105 Brookview Dr","","Cumming","GA","30040","USA","","","","","","","","$0.00","$55.00","$55.00","$0.00","TRUE","TRUE","TRUE","","","","","FALSE","2026-03-09 14:36:36","2026-03-09 14:36:41","","","No","No","No","","",""
"36455579","","2026-03-09 00:00:00","","Holly","","","Kprnegay","","","","","","","hckornegay@gmail.com","","+16785922438","","5624 Fort Fisher Way","","Norcross","GA","30092","USA","","","","","","","","$0.00","$25.00","$25.00","$0.00","TRUE","TRUE","TRUE","","","","","FALSE","2026-03-09 13:28:45","2026-03-09 13:28:50","","","No","No","No","","",""
"36454701","","2026-03-09 00:00:00","","Roberta","","","Solazzi","","","","","","","roberta.solazzi@istituto-besta.it","","","","","","","","","","","","","","","","","$0.00","$0.00","","$0.00","TRUE","FALSE","TRUE","","","","","FALSE","2026-03-09 11:43:27","2026-03-09 11:43:27","","","No","No","No","","",""
"36440054","","2026-03-08 00:00:00","","Amanda","","","Morgan","","","","","","","jmorgan@aexcellentinc.com","","+19805215079","","24469 Endy Rd","","Albemarle","NC","28001","USA","","","","","","","","$0.00","$50.00","$50.00","$0.00","TRUE","TRUE","TRUE","","","","","FALSE","2026-03-08 16:17:06","2026-03-08 16:17:11","","","No","No","No","","",""
"36370146","","2026-03-07 00:00:00","","Amy","","","Plummer","","","","","","","amyplummer@comcast.net","","+16784691022","","5594 Fort Fisher Way","","Peachtree Corners","GA","30092","USA","","","","","","","","$0.00","$100.00","$100.00","$0.00","TRUE","TRUE","TRUE","","","","","FALSE","2026-03-07 18:28:46","2026-03-07 18:28:53","","","No","No","No","","",""
"36363262","","2026-03-07 00:00:00","","Kathryn","","","Arnold","","","","","","","kathrynbriannaarnold@gmail.com","","","","4544 Cape Kure Ct","","Peachtree Corners","GA","30092","USA","","","","","","","","$0.00","$100.00","$100.00","$0.00","TRUE","FALSE","TRUE","","","","","FALSE","2026-03-07 15:51:33","2026-03-07 15:51:38","","","No","No","No","","",""
"36362580","","2026-03-07 00:00:00","","Andrea","","","DiBenardo","","","","","","","mapjoy22@gmail.com","","+16782326526","","4584 Cape Kure Court","","Peachtree Corners","GA","30092","USA","","","","","","","","$0.00","$40.00","$40.00","$0.00","TRUE","TRUE","TRUE","","","","","FALSE","2026-03-07 15:16:12","2026-03-07 15:16:18","","","No","No","No","","",""
"36360714","","2026-03-07 00:00:00","","Jordan","","","Eisner","","","","","","","jordaneisner89@gmail.com","","+14783905332","","4604 Cape Kure Ct","","Peachtree Corners","GA","30092","USA","","","","","","","","$0.00","$55.00","$55.00","$0.00","TRUE","TRUE","TRUE","","","","","FALSE","2026-03-07 13:13:49","2026-03-07 13:13:56","","","No","No","No","","",""
"36344426","","2026-03-07 00:00:00","","Cassidy Manseau","","","Toth","","","","","","","cassidyatoth@gmail.com","","+14042267005","","4322 Whitecap Lane","","Peachtree Corners","GA","30092","USA","","","","","","","","$0.00","$50.00","$50.00","$0.00","TRUE","TRUE","TRUE","","","","","FALSE","2026-03-07 03:10:12","2026-03-07 03:10:18","","","No","No","No","","",""
"36304809","","2026-03-06 00:00:00","","Janet","","","Detweiler","","","","","","","janet.detweiler8@gmail.com","","+14043680806","","2546 Briers N Dr","","Doraville","GA","30360","USA","","","","","","","","$0.00","$25.00","$25.00","$0.00","TRUE","TRUE","TRUE","","","","","FALSE","2026-03-06 17:16:41","2026-03-06 17:16:48","","","No","No","No","","",""
"36303643","","2026-03-06 00:00:00","","Halani","","","Dixon","","","","","","","tatianaldixon@gmail.com","","+14079274009","","","","","","","","","","","","","","","$0.00","$61.00","","$0.00","TRUE","TRUE","TRUE","","","","","FALSE","2026-03-06 16:25:12","2026-04-10 18:13:56","","","No","No","No","","",""
"36303641","","2026-03-06 00:00:00","","Tatiana","","","Dixon","","","","","","","ttndixon2@gmail.com","tatianaldixon@gmail.com","+14079274009","","552 conway rd","Apt G","Orlando","FL","32807","USA","","","","","","","","$0.00","$125.00","","$0.00","TRUE","TRUE","TRUE","","","","","FALSE","2026-03-06 16:25:08","2026-03-06 16:25:12","","","No","No","No","","",""
"36301704","","2026-03-06 00:00:00","","Courtney","","","Perez","","","","","","","calyce1@gmail.com","","+17706853260","","5972","Spalding Park Place","Peachtree Corners","GA","30092","USA","","","","","","","","$0.00","$25.00","$25.00","$0.00","TRUE","TRUE","TRUE","","","","","FALSE","2026-03-06 15:43:10","2026-03-06 15:43:15","","","No","No","No","","",""
"36301524","","2026-03-06 00:00:00","","Meredith","","","Kelly","","","","","","","meream1307@gmail.com","","+17707780130","","6166 Courtside Dr","","Peachtree Corners","GA","30092","USA","","","","","","","","$0.00","$50.00","$50.00","$0.00","TRUE","TRUE","TRUE","","","","","FALSE","2026-03-06 15:34:14","2026-03-06 15:34:19","","","No","No","No","","",""
"36299471","","2026-03-06 00:00:00","","John","","","Gore","","","","","","","johngorept@gmail.com","","","","903 Stack Rd.","","Monroe","NC","28112","USA","","","","","","","","$0.00","$25.00","$25.00","$0.00","TRUE","FALSE","TRUE","","","","","FALSE","2026-03-06 14:59:07","2026-03-06 14:59:14","","","No","No","No","","",""
"36294318","","2026-03-06 00:00:00","","Brooks","","","Kavanagh","","","","","","","carrieczaj@gmail.com","","+12253373486","","","","","","","","","","","","","","","$0.00","$0.00","","$0.00","FALSE","FALSE","TRUE","","","","","FALSE","2026-03-06 11:22:44","2026-03-06 11:22:44","","","No","No","No","","",""
"36294317","","2026-03-06 00:00:00","","Carrie","","","Kavanagh","","","","","","","carrieczaj@gmail.com","","+12253373486","","","","","","","","","","","","","","","$0.00","$0.00","","$0.00","FALSE","FALSE","TRUE","","","","","FALSE","2026-03-06 11:22:44","2026-03-06 11:22:44","","","No","No","No","","",""
"36294316","","2026-03-06 00:00:00","","Bradley","","","Kavanagh","","","","","","","bradley.s.kavanagh@gmail.com","","+12259556214","","","","","","","","","","","","","","","$0.00","$21.00","","$0.00","TRUE","TRUE","TRUE","","","","","FALSE","2026-03-06 11:22:44","2026-04-10 14:15:06","","","No","No","No","","",""
"36294315","","2026-03-06 00:00:00","","Carrie","","","M Czajkowski","","","","","","","carrieczaj@gmail.com","","+12253373486","","15433 Green Trails Blvd","","Baton Rouge","LA","70817","USA","","","","","","","","$0.00","$250.00","","$0.00","TRUE","TRUE","TRUE","","","","","FALSE","2026-03-06 11:22:40","2026-03-06 11:22:40","","","No","No","No","","",""
"36276430","","2026-03-05 00:00:00","","Jenna","","","Wilson","","","","","","","jennarosewilson7@gmail.com","","","","3709","Allenhurst Drive","Peachtree Corners","GA","30092","USA","","","","","","","","$0.00","$25.00","$25.00","$0.00","TRUE","FALSE","TRUE","","","","","FALSE","2026-03-05 20:45:01","2026-03-05 20:45:06","","","No","No","No","","",""
"36215708","","2026-03-04 00:00:00","","Janice","","","Rommes","","","","","","","janrommes@yahoo.com","","+15077253644","","218 N 2nd St","","Caledonia","MN","55921","USA","","","","","","","","$0.00","$55.00","$55.00","$0.00","TRUE","TRUE","TRUE","","","","","FALSE","2026-03-04 14:54:50","2026-03-04 14:54:56","","","No","No","No","","",""
"36213987","","2026-03-04 00:00:00","","Abby","","","Greenlee","","","","","","","greenleeaa@gmail.com","","+15074506057","","1807 Baxter Ave","","Orlando","FL","32806","USA","","","","","","","","$0.00","$25.00","$25.00","$0.00","TRUE","TRUE","TRUE","","","","","FALSE","2026-03-04 12:11:08","2026-03-04 12:11:15","","","No","No","No","","",""
"36202348","","2026-03-03 00:00:00","","Taylor","","","Hathcock","","","","","","","taylorhathcock15@gmail.com","","+17047185507","","16115 Substation Rd","","Locust","NC","28097","USA","","","","","","","","$0.00","$25.00","$25.00","$0.00","TRUE","TRUE","TRUE","","","","","FALSE","2026-03-03 22:27:28","2026-03-03 22:27:33","","","No","No","No","","",""
"36150395","","2026-03-03 00:00:00","","Holly","","","Marasco","","","","","","","hlmarasco@gmail.com","","+18152712721","","102 Oakton Street","","McHenry","IL","60050","USA","","","","","","","","$0.00","$25.00","$25.00","$0.00","TRUE","TRUE","TRUE","","","","","FALSE","2026-03-03 16:06:18","2026-03-03 16:06:25","","","No","No","No","","",""
"36127732","","2026-03-03 00:00:00","","Sara","","","Marasco","","","","","","","sara.m.marasco@gmail.com","","+12314091117","","1500 Argyle Crescent","","Ann Arbor","MI","48103","USA","","","","","","","","$0.00","$25.00","$25.00","$0.00","TRUE","TRUE","TRUE","","","","","FALSE","2026-03-03 00:33:55","2026-03-03 00:34:02","","","No","No","No","","",""
"36124785","","2026-03-02 00:00:00","","Yasmeen","","","Dees","","","","","","","minad012@yahoo.com","","+12694861313","","345 Wymore Rd. ","106","Altamonte Springs ","FL","32714","USA","","","","","","","","$0.00","$30.00","$30.00","$0.00","TRUE","TRUE","TRUE","","","","","FALSE","2026-03-02 22:15:00","2026-03-02 22:15:07","","","No","No","No","","",""
"36117616","","2026-03-02 00:00:00","","Victoria","","","Kornegay","","","","","","","victoriabrown1@hotmail.com","","+17049572280","","4712 Outer Bank Dr","","Peachtree Corners","GA","30092","USA","","","","","","","","$0.00","$100.00","$100.00","$0.00","TRUE","TRUE","TRUE","","","","","FALSE","2026-03-02 19:34:50","2026-03-02 19:34:56","","","No","No","No","","",""
"36101227","","2026-03-02 00:00:00","","Костянтин","","","Остапенко","","","","","","","ostap.kostia@icloud.com","","+380961755138","","Соборна 13","13 Кв 11","Ромни","Сумська","42000","UKR","","","","","","","","$0.00","$55.00","","$0.00","TRUE","TRUE","TRUE","","","","","FALSE","2026-03-02 17:43:51","2026-03-02 17:43:52","","","No","No","No","","",""
"36100014","","2026-03-02 00:00:00","","Joe","","","Peralta","","","","","","","armbender80@gmail.com","","","","00","","aa","KS","00000","USA","","","","","","","","$0.00","$0.00","","$0.00","TRUE","FALSE","TRUE","Newsletter Signup - Top, BBSOAS Parent and/or Patient","","","","FALSE","2026-03-02 17:05:59","2026-03-02 17:05:59","Cayson Hanners","","No","No","No","","","514"
"36096842","","2026-03-02 00:00:00","","Michael","","","McGuffee","","","","","","","mcguffee.michael@gmail.com","","+14048229586","","4581 Outer Bank Drive ","","Peachtree Corners","GA","30092","USA","","","","","","","","$0.00","$100.00","$100.00","$0.00","TRUE","TRUE","TRUE","","","","","FALSE","2026-03-02 14:43:14","2026-03-02 14:43:21","","","No","No","No","","",""
"36096728","","2026-03-02 00:00:00","","Laura","","","Taylor","","","","","","","lls0002@auburn.edu","","+14045838761","","5585 Fitzpatrick Terrace ","","Peachtree Corners","GA","30092","USA","","","","","","","","$0.00","$25.00","$25.00","$0.00","TRUE","TRUE","TRUE","","","","","FALSE","2026-03-02 14:36:27","2026-03-02 14:36:32","","","No","No","No","","",""
"36090564","","2026-03-01 00:00:00","","Bradley","","","Arnold","","","","","","","brad.arnold@agcocorp.com","","+14702429070","","6435 Halcyon Garden Drive","","Alpharetta ","GA","30005","USA","","","","","","","","$0.00","$500.00","$500.00","$0.00","TRUE","TRUE","TRUE","","","","","FALSE","2026-03-01 23:33:45","2026-03-01 23:33:52","","","No","No","No","","",""
"36062291","","2026-02-28 00:00:00","","Mary Jo","","","Marasco","","","","","","","mmarasco3@me.com","","+17043034755","","2940 McManus Rd","","Midland ","NC","28107","USA","","","","","","","","$0.00","$100.00","$100.00","$0.00","TRUE","TRUE","TRUE","","","","","FALSE","2026-02-28 18:36:59","2026-02-28 18:37:05","","","No","No","No","","",""
"36061846","","2026-02-28 00:00:00","","Amanda","","","Hanzly","","","","","","","amandarepp1@gmail.com","","+17165230816","","61 Keicher","","Depew","NY","14043","USA","","","","","","","","$0.00","$100.00","$100.00","$0.00","TRUE","TRUE","TRUE","","","","","FALSE","2026-02-28 18:21:01","2026-02-28 18:21:09","","","No","No","No","","",""
"36029163","","2026-02-27 00:00:00","","Raam","","","Arora","","","","","","","priyaa11@hotmail.co.uk","","+447523087591","","","","","","","","","","","","","","","$0.00","$0.00","","$0.00","TRUE","TRUE","TRUE","","","","","FALSE","2026-02-27 12:11:07","2026-04-10 13:02:25","","","No","No","No","","",""
"35989343","","2026-02-26 00:00:00","","Maria","","","Grancea","","","","","","","granceamaria403@gmail.com","","","","","","","","","","","","","","","","","$0.00","$0.00","","$0.00","TRUE","FALSE","TRUE","","","","","FALSE","2026-02-26 12:10:06","2026-02-26 12:10:06","","","No","No","No","","",""
"35982157","","2026-02-26 00:00:00","","Abigale","","","Smith","","","","","","","linley64@gmail.com","","+14233030966","","","","","","","","","","","","","","","$0.00","$0.00","","$0.00","TRUE","TRUE","TRUE","","","","","FALSE","2026-02-26 00:18:08","2026-04-09 17:45:33","","","No","No","No","","",""
"35982156","","2026-02-26 00:00:00","","Reggie","","","Smith","","","","","","","linley64@gmail.com","","+14233030966","","","","","","","","","","","","","","","$0.00","$0.00","","$0.00","TRUE","TRUE","TRUE","","","","","FALSE","2026-02-26 00:18:07","2026-04-09 17:45:33","","","No","No","No","","",""
"35982152","","2026-02-26 00:00:00","","Reggie","","","Smith","","","","","","","reggiesmith598@gmail.com","","+14236413566","","2610 LeadMine Valley Rd SW","","Cleveland","TN","37311","USA","","","","","","","","$0.00","$250.00","","$0.00","TRUE","TRUE","TRUE","","","","","FALSE","2026-02-26 00:18:04","2026-02-26 00:18:04","","","No","No","No","","",""
"35959025","","2026-02-25 00:00:00","","Alice","","","Etkin","","","","","","","c.maccallum@gmail.com","","+19057170512","","","","","","","","","","","","","","","$0.00","$0.00","","$0.00","FALSE","FALSE","TRUE","","","","","FALSE","2026-02-25 19:27:25","2026-02-25 19:27:25","","","No","No","No","","",""
"35959023","","2026-02-25 00:00:00","","Ryan","","","Etkin","","","","","","","c.maccallum@gmail.com","","+19057170512","","","","","","","","","","","","","","","$0.00","$0.00","","$0.00","FALSE","FALSE","TRUE","","","","","FALSE","2026-02-25 19:27:23","2026-02-25 19:27:23","","","No","No","No","","",""
"35959022","","2026-02-25 00:00:00","","Jon","","","Etkin","","","","","","","jonetkin@gmail.com","","+14167210571","","94 Lauchlin Crescent","","Halton Hills","ON","L7G 5R5","CAN","","","","","","","","$0.00","$250.00","","$0.00","TRUE","TRUE","TRUE","","","","","FALSE","2026-02-25 19:27:23","2026-03-22 21:36:45","","","No","No","No","","",""
"35916408","","2026-02-24 00:00:00","","Kevin","","","Bai","","","","","Serve Robotics","","kevin.bai@serverobotics.com","","","","730 Broadway","","Redwood City","CA","94063","USA","","","","","","","","$0.00","$2,500.00","$2,500.00","$0.00","TRUE","FALSE","TRUE","","","","","FALSE","2026-02-24 21:38:30","2026-02-24 21:38:37","","","No","No","No","","",""
"35913285","","2026-02-24 00:00:00","","Lillian","","","Westbrook","","","","","","","leorawestbrook@gmail.com","","+17409011866","","218 Creekside Lane","","Coppell","TX","75019","USA","","","","","","","","$0.00","$0.00","","$0.00","TRUE","TRUE","TRUE","","","","","FALSE","2026-02-24 20:02:39","2026-03-21 21:23:53","","","No","No","No","","",""
"35910331","","2026-02-24 00:00:00","","Helen","","","Jackson","","","","","","","helenjacko981604@gmail.com","","","","34 College Close","","Horncastle","Lincolnshire","LN9 6BY","GBR","","","","","","","","$0.00","$10.00","$10.00","$0.00","TRUE","FALSE","TRUE","","","","","FALSE","2026-02-24 18:06:29","2026-02-24 18:06:35","","","No","No","No","","",""
"35866995","","2026-02-23 00:00:00","","Philip","","","Proctor","","","","","Phil-Pro Plumbing Co","","pproctor1@gmail.com","","+16786820550","","4645 Southport Xing","","PEACHTREE CORNERS","GA","30092-1122","USA","","","","","","","","$0.00","$100.00","$100.00","$0.00","TRUE","TRUE","TRUE","","","","","FALSE","2026-02-23 21:16:26","2026-02-23 21:16:32","","","No","No","No","","",""
"35855303","","2026-02-23 00:00:00","","Carolyn","","","Morlidge","","","","","","","voysey1996@hotmail.com","","+14039694997","","","","","","","","","","","","","","","$0.00","$0.00","","$0.00","FALSE","FALSE","TRUE","","","","","FALSE","2026-02-23 15:33:01","2026-02-23 15:33:01","","","No","No","No","","",""
"35853929","","2026-02-23 00:00:00","","Katherine","","","Kenworthy","","","","","","","katherineannkenworthy@gmail.com","katiekbug10@gmail.com","+14047915034","","4605 Southport Xing","","Norcross","GA","30092","USA","","","","","","","","$0.00","$35.00","","$0.00","TRUE","TRUE","TRUE","","","","","FALSE","2026-02-23 13:39:40","2026-02-23 13:39:45","","","No","No","No","","",""
"35853179","","2026-02-23 00:00:00","","RJ","","","M","","","","","","","rj@givebutter.com","","","","2810 N Church St","PMB 53748","Wilmington","DE","19802","USA","","","","","","","","$0.00","$5.00","$5.00","$0.00","TRUE","FALSE","TRUE","","","","","FALSE","2026-02-23 10:01:39","2026-02-23 10:01:45","","","No","No","No","","",""
"35844841","","2026-02-22 00:00:00","","Monica","","","Edwards","","","","","","","monicagallego1585@gmail.com","","+13347404194","","","","","","","","","","","","","","","$0.00","$0.00","","$0.00","FALSE","FALSE","TRUE","","","","","FALSE","2026-02-22 22:21:56","2026-02-22 22:21:56","","","No","No","No","","",""
"35844839","","2026-02-22 00:00:00","","Maria Monica","","","Gallego","","","","","","","nikea_18@yahoo.com","","","","3345 Spring Dr","","Atlanta","GA","30360-2442","USA","","","","","","","","$0.00","$140.00","","$0.00","TRUE","FALSE","TRUE","","","","","FALSE","2026-02-22 22:21:52","2026-02-22 22:21:52","","","No","No","No","","",""
"35827234","","2026-02-21 00:00:00","","Carol","","","Gaffey","","","","","","","thebunch@bellsouth.net","","+14047024322","","4554 Cape Kure Ct","","Norcross","GA","30092","USA","","","","","","","","$0.00","$100.00","$100.00","$0.00","TRUE","TRUE","TRUE","","","","","FALSE","2026-02-21 20:04:33","2026-02-21 20:04:40","","","No","No","No","","",""
"35825080","","2026-02-21 00:00:00","","SONIA","","","Anson","","","","","","","sofieduar@gmail.com","","","","Maria Los tal 32, 2izquierda","Maria Los tal 32, 2izquierda","Zaragozw","Zaragoza","50008","ESP","","","","","","","","$0.00","$0.00","","$0.00","TRUE","FALSE","TRUE","Parent","","","","FALSE","2026-02-21 18:45:47","2026-02-21 18:45:47","Sonia","","No","No","No","","","513"
"35821434","","2026-02-21 00:00:00","","Andrew","","","Mullis","","","","","RTDT Music LLC","","rtdtfarms@gmail.com","","+17049853437","","20918 Ridgecrest Rd","","Locust","NC","28097","USA","","","","","","","","$0.00","$150.00","$150.00","$0.00","TRUE","TRUE","TRUE","","","","","FALSE","2026-02-21 16:57:11","2026-02-21 16:57:17","","","No","No","No","","",""
"35820923","","2026-02-21 00:00:00","","Kevin","","","Kruckow","","","","","","","kevin.kruckow@icloud.com","","+17156424828","","S8633 Dogwood Rd","","Eau Claire","WI","54701","USA","","","","","","","","$0.00","$200.00","$200.00","$0.00","TRUE","TRUE","TRUE","","","","","FALSE","2026-02-21 16:23:09","2026-02-21 16:23:16","","","No","No","No","","",""
"35800106","","2026-02-20 00:00:00","","Luis","","","Hernandez","","","","","Ryan's Place, LLC","","luis@ryansplaceclt.com","","+17048376440","","4345 Morris Park Dr","","Mint Hill","NC","28227","USA","","","","","","","","$0.00","$350.00","$350.00","$0.00","TRUE","TRUE","TRUE","","","","","FALSE","2026-02-20 22:29:59","2026-02-20 22:30:06","","","No","No","No","","",""
"35756309","","2026-02-20 00:00:00","","Jennifer","","","Hicks","","","","","More is Best Health, PLLC","","hicksj1981@gmail.com","","+17044384342","","710 Crestview Drive","","Albemarle","NC","28001","USA","","","","","","","","$0.00","$250.00","$250.00","$0.00","TRUE","TRUE","TRUE","","","","","FALSE","2026-02-20 00:35:07","2026-02-20 00:35:13","","","No","No","No","","",""
"35751195","","2026-02-19 00:00:00","","Sonia","","","Anson gimenez","","","","","","","sofieduar@gmail.com","","","","Maria Los tal 32, 2izquierda","Maria Los tal 32, 2izquierda","Zaragozw","Zaragoza","50008","ESP","","","","","","","","$0.00","$0.00","","$0.00","TRUE","FALSE","TRUE","Parent","","","","FALSE","2026-02-19 22:24:31","2026-02-19 22:24:32","Sonia","","No","No","No","","","513"
"35730736","","2026-02-19 00:00:00","","Suzanne","","","Lutz","","","","","","","suzannemlutz@aol.com","","","","","","","","","","","","","","","","","$0.00","$0.00","","$0.00","FALSE","FALSE","TRUE","","Applied and was 2nd pick for ED role","","","FALSE","2026-02-19 14:21:10","2026-04-08 11:00:57","","","No","No","No","","",""
"35730451","","2026-02-19 00:00:00","","Gracie","","","Heaney","","","","","","","gracieheaney25@gmail.com","","+15079230527","","1107 Courtney Dr","","Caledonia","MN","55921","USA","","","","","","","","$0.00","$35.00","","$0.00","TRUE","TRUE","TRUE","","","","","FALSE","2026-02-19 13:59:42","2026-02-19 13:59:42","","","No","No","No","","",""
"35709534","","2026-02-18 00:00:00","","Kevin","","","Kinney","","","","","","","kkinney818@gmail.com","","+16789254512","","4515 Goose Creek Way","","Peachtree Corners","GA","30092","USA","","","","","","","","$0.00","$104.00","$104.00","$0.00","TRUE","TRUE","TRUE","","","","","FALSE","2026-02-18 15:10:04","2026-02-18 15:10:11","","","No","No","No","","",""
"35708847","","2026-02-18 00:00:00","","Julie","","","Alvis","","","","","","","jasouthard@hotmail.com","","+14046945276","","5508 Folly Place","","Peachtree Corners","GA","30092-1120","USA","","","","","","","","$0.00","$35.00","","$0.00","TRUE","TRUE","TRUE","","","","","FALSE","2026-02-18 14:28:28","2026-02-18 14:28:29","","","No","No","No","","",""
"35708075","","2026-02-18 00:00:00","","Tammy","","","Surratt","","","","","","","tammysurratt4252@gmail.com","","+14044061288","","4252 Caleb Court","","Peachtree Corners","GA","30092","USA","","","","","","","","$0.00","$35.00","","$0.00","TRUE","TRUE","TRUE","","","","","FALSE","2026-02-18 13:08:08","2026-02-18 13:08:08","","","No","No","No","","",""
"35692469","","2026-02-17 00:00:00","","Leora","","","Westbrook","","","","","","","leora.westbrook@nr2f1.org","leorawestbrook@gmail.com","+17409011866","","218 Creekside Lane","","Coppell","TX","75019","USA","","","","","","","","$0.00","$0.00","","$0.00","TRUE","TRUE","TRUE","","","","","FALSE","2026-02-17 20:00:26","2026-02-23 18:10:37","","","No","No","No","","",""
"35688496","","2026-02-17 00:00:00","","Nina","","","van Oostrum","","","","","","","ninavanoostrum03@gmail.com","","","","","","","","","","","","","","","","","$0.00","$0.00","","$0.00","TRUE","FALSE","TRUE","BBSOAS Siblings","Sister to ward and made a documentary for school","","","FALSE","2026-02-17 18:30:41","2026-02-17 18:30:41","Ward","","No","No","No","","",""
"35681740","","2026-02-17 00:00:00","","Alex","","","Hong","","","","","","","skim.stanford@gmail.com","","","","00","","hh","ll","00000","DEU","","","","","","","","$0.00","$0.00","","$0.00","TRUE","FALSE","TRUE","Newsletter Signup - Top, BBSOAS Parent and/or Patient","","","","FALSE","2026-02-17 15:53:01","2026-02-17 15:53:01","Clara","","No","No","No","","","507"
"35673602","","2026-02-17 00:00:00","","Dianne Sites","","","Caprio","","","","","","","diannesitescaprio@gmail.com","","+18312776587","","536 Riverwood Drive Southeast","","Bolivia","NC","28422","USA","","","","","","","","$0.00","$300.00","$300.00","$0.00","TRUE","FALSE","TRUE","","","","","FALSE","2026-02-17 00:24:19","2026-03-03 02:49:19","","","No","No","No","","",""
"35660736","","2026-02-16 00:00:00","","Ben","","","Ben Cruz","","","","","","","ben.cruz@givebutter.com","","","","2810 N Church St","","Wilmington","DE","19802","USA","","","","","","","","$0.00","$50.00","$50.00","$0.00","TRUE","FALSE","TRUE","","","","","FALSE","2026-02-16 18:13:24","2026-02-16 18:13:31","","","No","No","No","","",""
"35659582","","2026-02-16 00:00:00","","Jillian","","","Lessing","","","","","","","jillian@phinforgood.com","","+16318917391","","PO Box 104","","Blue Point","NY","11715","USA","","","","","","","","$0.00","$66.00","$66.00","$0.00","TRUE","TRUE","TRUE","","","","","FALSE","2026-02-16 17:04:47","2026-02-16 17:04:53","","","No","No","No","","",""
"35658327","","2026-02-16 00:00:00","","Mattie","","","Roddey","","","","","","","mattieroddey@gmail.com","","","","00","","ff","SC","00000","USA","","","","","","","","$0.00","$0.00","","$0.00","TRUE","FALSE","TRUE","Newsletter Signup - Top, BBSOAS Parent and/or Patient, Parent","","","","FALSE","2026-02-16 15:55:12","2026-02-16 15:55:13","Jordan Roddey","","No","No","No","1/19/2020","","508"
"35657853","","2026-02-16 00:00:00","","Adriana","","","Paredes","","","","","","","adripa@javerianacali.edu.co","","+573117335741","","","","","","","","","","","","","","","$0.00","$0.00","","$0.00","FALSE","FALSE","TRUE","","","","","FALSE","2026-02-16 15:31:00","2026-02-16 15:31:00","","","No","No","No","","",""
"35657849","","2026-02-16 00:00:00","","Isaac","","","Aguia","","","","","","","iaguiaduque@yahoo.com","","+573158502777","","Calle 13 # 108 - 100","101-1","Cali","Valle del Cauca","760001","COL","","","","","","","","$0.00","$165.00","$165.00","$0.00","TRUE","TRUE","TRUE","","","","","FALSE","2026-02-16 15:30:57","2026-02-16 15:31:04","","","No","No","No","","",""
"35656424","","2026-02-15 00:00:00","","Stephanie","","","Martin","","","","","","","mueller.stephanie.l@gmail.com","","","","00","","nn","dd","0000","AUS","","","","","","","","$0.00","$0.00","","$0.00","TRUE","FALSE","TRUE","Parent, Newsletter Signup - Top, BBSOAS Parent and/or Patient","","","","FALSE","2026-02-16 12:47:40","2026-02-16 15:52:25","Arlo","","No","No","No","","","509"
"35611867","","2026-02-14 00:00:00","","Rose","","","Hammerton","","","","","","","rhammerton4@gmail.com","","","","","","","","","","","","","","","","","$0.00","$0.00","","$0.00","TRUE","FALSE","TRUE","Parent","","","","FALSE","2026-02-14 07:53:16","2026-02-14 07:53:16","Maeve","","No","No","No","","","510"
"35501429","","2026-02-12 00:00:00","","James","","","Hartsell","","","","","","","jhartsell95@gmail.com","","+17045501833","","7349 Jungle Rd","","Stanfield","NC","28163","USA","","","","","","","","$0.00","$200.00","$200.00","$0.00","TRUE","TRUE","TRUE","","","","","FALSE","2026-02-12 02:05:15","2026-02-12 02:05:22","","","No","No","No","","",""
"35483223","","2026-02-11 00:00:00","","Tomi","","","Rose","","","","","","","tomirose2017@gmail.com","","+19402560186","","209 S Cedar St","","Seymour","TX","76380","USA","","","","","","","","$0.00","$110.00","","$0.00","TRUE","TRUE","TRUE","Parent","","","","FALSE","2026-02-11 20:10:05","2026-04-08 15:35:09","Emerson","","No","No","No","","","506"
"35398719","","2026-02-10 00:00:00","","Linda","","","Rose","","","","","","","linda.rose@windstream.net","","+19406311338","","801 N Donald St","","Seymour","TX","76380","USA","","","","","","","","$0.00","$210.00","$155.00","$0.00","TRUE","TRUE","TRUE","","","","","FALSE","2026-02-10 09:41:41","2026-04-09 00:48:52","","","No","No","No","","",""
"35392814","","2026-02-09 00:00:00","","John","","","Rose","","","","","","","john.rose@windstream.net","","","","801 North Donald Street","801 North Donald Street","Seymour","TX","76380","USA","801 N Donald St, 801 N Donald St, Seymour, TX 76380, USA","","","","","","","$0.00","$0.00","","$0.00","TRUE","FALSE","TRUE","Parent","","","","FALSE","2026-02-09 23:29:26","2026-02-09 23:29:26","Emerson","","No","No","No","","","506"
"35362717","","2026-02-09 00:00:00","","James","","","Sites","","","","","","","jamesesites@bellsouth.net","","+18647108568","","800 Grey Oaks Dr","","Seneca","SC","29678","USA","","","","","","","","$0.00","$500.00","$500.00","$0.00","TRUE","TRUE","TRUE","","","","","FALSE","2026-02-09 15:15:05","2026-02-09 15:15:12","","","No","No","No","","",""
"35361280","","2026-02-09 00:00:00","","Luise","","","Vandreicke","","","","","","","andreas750nickel@gmail.com","","+4915736164903","","","","","","","","","","","","","","","$0.00","$0.00","","$0.00","FALSE","FALSE","TRUE","Parent","","","","FALSE","2026-02-09 11:33:04","2026-02-09 11:33:04","Lukas","","No","No","No","","","533"
"35361278","","2026-02-09 00:00:00","","Andreas","","","Nickel","","","","","","","andreas5nickel@web.de","","+491771652459","","17 Dorflage","","Kretzschau","SA","06712","DEU","","","","","","","","$0.00","$55.00","","$0.00","TRUE","TRUE","TRUE","","","","","FALSE","2026-02-09 11:32:59","2026-02-09 11:32:59","","","No","No","No","","",""
"35334721","","2026-02-08 00:00:00","","Sandra","","","Blasco","","","","","","","sandra_blasco_1@hotmail.com","","","","","","","","","","","","","","","","","$0.00","$0.00","","$0.00","TRUE","FALSE","TRUE","Parent","","","","FALSE","2026-02-08 12:03:40","2026-02-08 12:03:40","Eric martin","","No","No","No","","","505"
"35303123","","2026-02-07 00:00:00","","Addison","","","Turner","","","","","","","marthabarwick@msn.com","","+14106880965","","","","","","","","","","","","","","","$0.00","$0.00","","$0.00","FALSE","FALSE","TRUE","","","","","FALSE","2026-02-07 14:43:25","2026-02-07 14:43:25","","","No","No","No","","",""
"35302910","","2026-02-07 00:00:00","","Matt","","","Simmons","","","","","","","sonyasnyder1@yahoo.com","","+13302845456","","","","","","","","","","","","","","","$0.00","$0.00","","$0.00","TRUE","TRUE","TRUE","","","","","FALSE","2026-02-07 14:22:25","2026-04-10 17:34:29","","","No","No","No","","",""
"35238249","","2026-02-06 00:00:00","","Heather","","","Murphy","","","","","","","hml.001@att.net","","+18458008895","+14046607649","710 Meadowsong Circle","","Lawrenceville ","GA","30043","USA","","","","","","","","$0.00","$60.00","$60.00","$0.00","TRUE","TRUE","TRUE","","","","","FALSE","2026-02-06 02:24:29","2026-02-06 02:24:36","","","No","No","No","","",""
"35139016","","2026-02-04 00:00:00","","Danielle","","","Butler","","","","","","","danihudson073@gmail.com","","+14077243747","","315 Springview Dr","","Sanford ","FL","32773","USA","","","","","","","","$0.00","$100.00","$100.00","$0.00","TRUE","TRUE","TRUE","","","","","FALSE","2026-02-04 03:10:43","2026-02-04 03:10:48","","","No","No","No","","",""
"35051064","","2026-02-03 00:00:00","","Dylan","","","Morrison","","","","","City Wide Exterminating","","dylanmorrison@live.com","","+17046228399","","907 West Main Street","","Locust","NC","28097","USA","","","","","","","","$0.00","$500.00","$500.00","$0.00","TRUE","TRUE","TRUE","","","","","FALSE","2026-02-03 16:01:50","2026-02-03 16:01:57","","","No","No","No","","",""
"35040333","","2026-02-03 00:00:00","","Florie","","","Sambuis","","","","","","","florie.sambuis@gmail.com","","+14698883174","","530 Vine St","Apt B6","Elizabeth","NJ","07202","USA","","","","","","","","$0.00","$0.00","","$0.00","TRUE","TRUE","TRUE","","","","","FALSE","2026-02-03 01:17:39","2026-02-03 01:17:40","","","No","No","No","","",""
"34979340","","2026-01-31 00:00:00","","Isaac","","","Jordan","","","","","","","knkdlvr2@aol.com","","+12096293329","","","","","","","","","","","","","","","$0.00","$0.00","","$0.00","TRUE","TRUE","TRUE","","","","","FALSE","2026-01-31 21:35:48","2026-06-18 21:52:46","","","No","No","No","","",""
"34979339","","2026-01-31 00:00:00","","Jessica","","","Jordan","","","","","","","knkdlvr2@aol.com","","+12096293329","","","","","","","","","","","","","","","$0.00","$0.00","","$0.00","TRUE","TRUE","TRUE","","","","","FALSE","2026-01-31 21:35:47","2026-06-18 21:52:46","","","No","No","No","","",""
"34970215","","2026-01-31 00:00:00","","Sandi","","","Smyth","","","","","","","sandeye31@gmail.com","","+17573345334","","117 Holloway Dr","","Smithfield","VA","23430","USA","","","","","","","","$0.00","$50.00","$50.00","$0.00","TRUE","TRUE","TRUE","","","","","FALSE","2026-01-31 15:25:54","2026-01-31 15:26:01","","","No","No","No","","",""
"34970195","","2026-01-31 00:00:00","","Tami","","","Finley","","","","","","","colorofwater4ever@yahoo.com","","+19549975643","","469 Bent Oak Loop","","Davenport","FL","33837","USA","","","","","","","","$0.00","$100.00","$100.00","$0.00","TRUE","TRUE","TRUE","","","","","FALSE","2026-01-31 15:24:13","2026-01-31 15:24:21","","","No","No","No","","",""
"34968987","","2026-01-31 00:00:00","","Lisa","","","Carrasco","","","","","","","lisacarrasco007@icloud.com","","+19546488525","","4001 NW 108 Drive ","","Coral Springs ","FL","33065","USA","","","","","","","","$0.00","$20.00","$20.00","$0.00","TRUE","TRUE","TRUE","","","","","FALSE","2026-01-31 13:26:01","2026-01-31 13:26:08","","","No","No","No","","",""
"34968886","","2026-01-31 00:00:00","","Jude","","","Bergin","","","","","","","karikruckow@kw.com","","+14043045072","","","","","","","","","","","","","","","$0.00","$0.00","","$0.00","FALSE","FALSE","TRUE","","","","","FALSE","2026-01-31 13:08:04","2026-01-31 13:08:04","","","No","No","No","","",""
"34968885","","2026-01-31 00:00:00","","Vincent","","","Bergin","","","","","","","karikruckow@kw.com","","+14043045072","","","","","","","","","","","","","","","$0.00","$0.00","","$0.00","FALSE","FALSE","TRUE","","","","","FALSE","2026-01-31 13:08:04","2026-01-31 13:08:04","","","No","No","No","","",""
"34968884","","2026-01-31 00:00:00","","Beya","","","Bergin","","","","","","","karikruckow@kw.com","","+14043045072","","","","","","","","","","","","","","","$0.00","$0.00","","$0.00","FALSE","FALSE","TRUE","","","","","FALSE","2026-01-31 13:08:03","2026-01-31 13:08:03","","","No","No","No","","",""
"34968883","","2026-01-31 00:00:00","","Conor","","","Bergin","","","","","","","karikruckow@kw.com","","+14043045072","","","","","","","","","","","","","","","$0.00","$0.00","","$0.00","FALSE","FALSE","TRUE","","","","","FALSE","2026-01-31 13:08:03","2026-01-31 13:08:03","","","No","No","No","","",""
"34963305","","2026-01-31 00:00:00","","Corinne","","","Bonafino","","","","","","","cbonafino@outlook.com","","","","38 Hill Avenue","Apt 1","Johnson City","NY","13790","USA","","","","","","","","$0.00","$50.00","$50.00","$0.00","TRUE","FALSE","TRUE","","","","","FALSE","2026-01-31 00:15:48","2026-01-31 00:15:54","","","No","No","No","","",""
"34963072","","2026-01-31 00:00:00","","Martha","","","Christy","","","","","","","marthachristy1@gmail.com","","+14078104376","","536 McFarlane Dr","","CHESTER","SC","29706","USA","","","","","","","","$0.00","$25.00","$25.00","$0.00","TRUE","TRUE","TRUE","","","","","FALSE","2026-01-31 00:01:25","2026-01-31 00:01:32","","","No","No","No","","",""
"34945225","","2026-01-30 00:00:00","","Alexandra","","","Flores","","","","","","","aleexgreiner@yahoo.com","","+14074968516","","1570 Grand Rue Dr","","Casselberry","FL","32707","USA","","","","","","","","$0.00","$50.00","$50.00","$0.00","TRUE","TRUE","TRUE","","","","","FALSE","2026-01-30 16:20:26","2026-01-30 16:20:33","","","No","No","No","","",""
"34941696","","2026-01-30 00:00:00","","DeLisa","","","Nelson","","","","","","","delili877@gmail.com","","+14072275234","","702 Old Creek Court","","Sandord","FL","32773","USA","","","","","","","","$0.00","$25.00","$25.00","$0.00","TRUE","TRUE","TRUE","","","","","FALSE","2026-01-30 14:37:04","2026-01-30 14:37:09","","","No","No","No","","",""
"34925735","","2026-01-29 00:00:00","","Jada","","","Middlebrooks","","","","","","","jadatrenyce@gmail.com","","+14074486840","","1187 Degraw Dr","","Apopka","FL","32712","USA","","","","","","","","$0.00","$20.00","$20.00","$0.00","TRUE","TRUE","TRUE","","","","","FALSE","2026-01-29 18:45:15","2026-01-29 18:45:20","","","No","No","No","","",""
"34887552","","2026-01-28 00:00:00","","Natalia","","","Garcia","","","","","","","nataliagzp@yahoo.es","","+447780816843","","00","","London","London","SW12 8LF","GBR","","","","","","","","$0.00","$0.00","","$0.00","FALSE","FALSE","TRUE","Parent","","","","FALSE","2026-01-28 21:38:32","2026-04-10 14:29:27","Sofia","","No","No","No","5 in 20216","","534"
"34887550","","2026-01-28 00:00:00","","Daniel","","","Sullivan","","","","","","","daniel.sullivan74@hotmail.co.uk","","+447985056911","","16 Queensdale Credcent","","London","London","W11 4XW","GBR","","","","","","","","$0.00","$55.00","","$0.00","TRUE","TRUE","TRUE","","","","","FALSE","2026-01-28 21:38:29","2026-04-10 14:28:18","Sofia","","No","No","No","5 in 2026","",""
"34873683","","2026-01-28 00:00:00","","George","","","Hurja","","","","","","","george.hurja@yahoo.com","","","","","","","","","","","","","","","","","$0.00","$0.00","","$0.00","TRUE","FALSE","TRUE","Parent","","","","FALSE","2026-01-28 19:14:35","2026-01-28 19:14:35","Alma","","No","No","No","","","501"
"34837092","","2026-01-27 00:00:00","","Simone","","","Wonneberger","","","","","","","simone_wonneberger@web.de","","","","Mittlere Ebenhalde 15","Mittlere Ebenhalde 15","Wasserburg (Bodensee)","Bayern","88142","DEU","","","","","","","","$0.00","$0.00","","$0.00","TRUE","FALSE","TRUE","Parent, Newsletter Signup - Top, BBSOAS Parent and/or Patient","","","","FALSE","2026-01-27 22:19:00","2026-01-27 22:19:00","Stella","","No","No","No","","","504"
"34835711","","2026-01-27 00:00:00","","Juan","","","Sotomayor","","","","","","","jsoomayor@hotmail.com","","","","6240 Portsmouth Lane","6240 Portsmouth Lane","Davie","FL","33331","USA","","","","","","","","$0.00","$0.00","","$0.00","TRUE","FALSE","TRUE","Parent","","","","FALSE","2026-01-27 21:10:28","2026-01-27 21:10:29","Saul","","No","No","No","","","503"
"34783319","","2026-01-26 00:00:00","","Isabel","","","Gouders","","","","","","","missisa1990@hotmail.com","","","","00","","aa","aa","12124","DEU","","","","","","","","$0.00","$0.00","","$0.00","TRUE","FALSE","TRUE","Newsletter Signup - Top, BBSOAS Parent and/or Patient, Parent","","","","FALSE","2026-01-26 16:04:44","2026-01-26 16:04:44","Marley","","No","No","No","","","502"
"34782427","","2026-01-26 00:00:00","","Alma","","","Hurja","","","","","","","paulavb08@gmail.com","","","","","","","","","","","","","","","","","$0.00","$0.00","","$0.00","TRUE","FALSE","TRUE","Parent, Newsletter Signup - Top, BBSOAS Parent and/or Patient","","","","FALSE","2026-01-26 14:56:46","2026-01-26 14:56:46","Alma","","No","No","No","","","501"
"34781161","","2026-01-26 00:00:00","","Crystallee","","","Crain","","","","","","","consulting@preventionagenda.org","","","","","","","","","","","","","","","","","$0.00","$0.00","","$0.00","TRUE","FALSE","TRUE","","","","","FALSE","2026-01-26 10:20:31","2026-01-26 10:20:31","","","No","No","No","","",""
"34727053","","2026-01-24 00:00:00","","Dan","","","Bergin","","","","","","","faithbergin@gmail.com","","+15077245529","","","","","","","","","","","","","","","$0.00","$0.00","","$0.00","FALSE","FALSE","TRUE","","","","","FALSE","2026-01-24 17:32:05","2026-01-24 17:32:05","","","No","No","No","","",""
"34696827","","2026-01-23 00:00:00","","Norhan","","","El-Esawy","","","","","","","norhanadly885@gmail.com","","","","00","","aa","Egypt","12411","EGY","","","","","","","","$0.00","$0.00","","$0.00","TRUE","FALSE","TRUE","Newsletter Signup - Top, BBSOAS Parent and/or Patient","","","","FALSE","2026-01-23 19:32:08","2026-01-23 19:32:09","Maria","","No","No","No","","","500"
"34657052","","2026-01-22 00:00:00","","Jackson","","","Jimenez","","","","","","","jessmiller205@gmail.com","","+14044884878","","","","","","","","","","","","","","","$0.00","$0.00","","$0.00","FALSE","FALSE","TRUE","","","","","FALSE","2026-01-22 23:49:42","2026-01-22 23:49:42","","","No","No","No","","",""
"34657051","","2026-01-22 00:00:00","","Ryan","","","Jimenez","","","","","","","jessmiller205@gmail.com","","+14044884878","","","","","","","","","","","","","","","$0.00","$0.00","","$0.00","FALSE","FALSE","TRUE","","","","","FALSE","2026-01-22 23:49:42","2026-01-22 23:49:42","","","No","No","No","","",""
"34657050","","2026-01-22 00:00:00","","Jessee","","","Jimenez","","","","","","","jessmiller205@gmail.com","","+14044884878","","","","","","","","","","","","","","","$0.00","$0.00","","$0.00","FALSE","FALSE","TRUE","","","","","FALSE","2026-01-22 23:49:41","2026-01-22 23:49:42","","","No","No","No","","",""
"34644816","","2026-01-22 00:00:00","","Trang","","","Pham","","","","","","","trangaan91@gmail.com","","","","00","","aa","sweden","433 70","SWE","","","","","","","","$0.00","$0.00","","$0.00","TRUE","FALSE","TRUE","Newsletter Signup - Top, BBSOAS Parent and/or Patient","","","","FALSE","2026-01-22 16:34:11","2026-01-22 16:34:11","Benjamin Soon","","No","No","No","","","499"
"34632770","","2026-01-22 00:00:00","","Michael C","","","Johnson","","","","","","","mcjohn01@gmail.com","","+15026394329","","8803 Denington Drive","","Louisville","KY","40222","USA","","","","","","","","$0.00","$250.00","","$0.00","TRUE","TRUE","TRUE","","","","","FALSE","2026-01-22 03:09:10","2026-01-22 03:09:10","","","No","No","No","","",""
"34614260","","2026-01-21 00:00:00","","Teri","","","Ehrlich","","","","","","","teri.ehrlich@gmail.com","","+16789079827","","","","","","","","","","","","","","","$0.00","$0.00","","$0.00","FALSE","FALSE","TRUE","","","","","FALSE","2026-01-21 22:33:17","2026-01-21 22:33:17","","","No","No","No","","",""
"34596068","","2026-01-21 00:00:00","","Navi","","","Herb","","","","","","","jenniferjo711@gmail.com","","+13344757855","","","","","","","","","","","","","","","$0.00","$0.00","","$0.00","FALSE","FALSE","TRUE","","","","","FALSE","2026-01-21 20:27:08","2026-01-21 20:27:08","","","No","No","No","","",""
"34583104","","2026-01-21 00:00:00","","Marcela","","","Hendley","","","","","","","marcelahendley@gmail.com","","+16787806695","","sunnyside drive","440","lawrenceville","GA","30044","USA","","","","","","","","$0.00","$35.00","","$0.00","TRUE","FALSE","TRUE","","","","","FALSE","2026-01-21 19:05:19","2026-01-21 19:05:22","","","No","No","No","","",""
"34569185","","2026-01-21 00:00:00","","Leah","","","Dunn","","","","","","","leahdunn8@yahoo.com","","+16024976564","","","","","","","","","","","","","","","$0.00","$0.00","","$0.00","FALSE","FALSE","TRUE","","","","","FALSE","2026-01-21 14:58:58","2026-01-21 14:58:58","","","No","No","No","","",""
"34542312","","2026-01-20 00:00:00","","Ryan","","","Scorsune","","","","","","","kellyscorsune@gmail.com","","+19737140954","","","","","","","","","","","","","","","$0.00","$0.00","","$0.00","TRUE","TRUE","TRUE","","","","","FALSE","2026-01-20 19:58:15","2026-04-08 17:59:12","","","No","No","No","","",""
"34542308","","2026-01-20 00:00:00","","Matthew","","","Scorsune","","","","","","","kellyscorsune@gmail.com","","+19737140954","","","","","","","","","","","","","","","$0.00","$0.00","","$0.00","TRUE","TRUE","TRUE","","","","","FALSE","2026-01-20 19:58:14","2026-04-08 17:59:12","","","No","No","No","","",""
"34454350","","2026-01-19 00:00:00","","Dorota","","","Zienkiewicz","","","","","","","doris.dunska@gmail.com","","","","11","","00","0","00-000","POL","","","","","","","","$0.00","$0.00","","$0.00","TRUE","FALSE","TRUE","Newsletter Signup - Top, BBSOAS Parent and/or Patient","","","","FALSE","2026-01-19 16:09:53","2026-01-19 16:09:53","Miki","","No","No","No","","","497"
"34454324","","2026-01-19 00:00:00","","Lizzy","","","Bovill","","","","","","","lizzybovill@hotmail.com","","","","11","","Surrey","0","gu2 7ju","GBR","","","","","","","","$0.00","$0.00","","$0.00","TRUE","FALSE","TRUE","Newsletter Signup - Top, BBSOAS Parent and/or Patient","","","","FALSE","2026-01-19 16:07:34","2026-01-19 16:07:34","Alexander Taplin","","No","No","No","","","498"
"34318708","","2026-01-16 00:00:00","","Erin","","","Johnson","","","","","Givebutter","","erin.johnson@givebutter.com","","+17372315631","","135 Galapago St","","Denver","CO","80223","USA","","","","","","","","$0.00","$1,000.00","$1,000.00","$0.00","TRUE","TRUE","TRUE","","","","","FALSE","2026-01-16 22:45:16","2026-01-16 22:45:23","","","No","No","No","","",""
"34311812","","2026-01-16 00:00:00","","Tom","","","Spindle","","","","","","","tom@givebutter.com","","+12566907058","","2810 N CHURCH ST PMB 53748","","WILMINGTON","DE","19802","USA","","","","","","","","$0.00","$50.00","$50.00","$0.00","FALSE","FALSE","TRUE","","","","","FALSE","2026-01-16 18:49:29","2026-01-16 18:49:34","","","No","No","No","","",""
"34308701","","2026-01-16 00:00:00","","Faustina","","","Mulnik","","","","","","","faustina@givebutter.com","","+16182195125","","2810 N Church St","","Wilmington","DE","19802","USA","","","","","","","","$0.00","$53.00","$53.00","$0.00","FALSE","FALSE","TRUE","","","","","FALSE","2026-01-16 17:30:28","2026-01-16 17:30:33","","","No","No","No","","",""
"34271005","","2026-01-15 00:00:00","","Angela","","","Murrell","","","","","","","angela@givebutter.com","","+16193357916","","2810 N Church St","Pmb 53748","Wilmington","DE","19802","USA","","","","","","","","$0.00","$20.00","$20.00","$0.00","TRUE","TRUE","TRUE","","","","","FALSE","2026-01-15 17:19:26","2026-01-15 17:19:33","","","No","No","No","","",""
"34270696","","2026-01-15 00:00:00","","Turi","","","Juul-Lassen","","","","","","","turijuullassen@hotmail.dk","","","","00","","ss","Denmark","8660","DNK","","","","","","","","$0.00","$0.00","","$0.00","TRUE","FALSE","TRUE","Newsletter, Grandparent","","","","FALSE","2026-01-15 17:02:21","2026-01-15 17:02:21","Gaius Juul-Lassen","","No","No","No","","",""
"34270649","","2026-01-15 00:00:00","","Regitze","","","Juul-Lassen","","","","","","","ravnen0105@live.dk","","","","00","","aa","demark","8660","DNK","","","","","","","","$0.00","$0.00","","$0.00","TRUE","FALSE","TRUE","Newsletter Signup - Top, BBSOAS Parent and/or Patient","","","","FALSE","2026-01-15 16:59:32","2026-01-15 16:59:59","Gaius Juul-Lassen","","No","No","No","","","496"
"34269316","","2026-01-15 00:00:00","","Carol","","","Alexander","","","","","","","car266@aol.com","","","","11","","Miami","FL","00000","USA","","","","","","","","$0.00","$0.00","","$0.00","TRUE","FALSE","TRUE","Parent, Newsletter","","","","FALSE","2026-01-15 15:53:08","2026-01-15 15:53:08","xandria","","No","No","No","","","495"
"34210721","","2026-01-13 00:00:00","","Lyndon","","","Abercrombie","","","","","","","voysey1996@hotmail.com","","+14039694997","","","","","","","","","","","","","","","$0.00","$0.00","","$0.00","TRUE","TRUE","TRUE","","","","","FALSE","2026-01-13 23:14:11","2026-02-23 15:32:58","","","No","No","No","","",""
"34210720","","2026-01-13 00:00:00","","Cathi","","","Voysey","","","","","","","voysey1996@hotmail.com","","+14039694997","","","","","","","","","","","","","","","$0.00","$0.00","","$0.00","TRUE","TRUE","TRUE","","","","","FALSE","2026-01-13 23:14:11","2026-02-23 15:32:58","","","No","No","No","","",""
"34210719","","2026-01-13 00:00:00","","Lori","","","Stark","","","","","","","voysey1996@hotmail.com","","+14039694997","","","","","","","","","","","","","","","$0.00","$0.00","","$0.00","TRUE","TRUE","TRUE","","","","","FALSE","2026-01-13 23:14:10","2026-02-23 15:32:58","","","No","No","No","","",""
"34204427","","2026-01-13 00:00:00","","Lisa","","","Yeskin","","","","","","","layeskin@gmail.com","","+16024217832","","","","","","","","","","","","","","","$0.00","$59.00","","$0.00","TRUE","TRUE","TRUE","","","","","FALSE","2026-01-13 21:22:40","2026-04-09 17:52:15","","","No","No","No","","",""
"34204425","","2026-01-13 00:00:00","","Ashlee","","","Stierstorfer","","","","","","","alstierstorfer@gmail.com","","+16028210070","","2444 W Hearn Rd","","Phoenix","AZ","85023","USA","","","","","","","","$0.00","$190.00","$25.00","$0.00","TRUE","TRUE","TRUE","","","","","FALSE","2026-01-13 21:22:36","2026-02-20 21:37:33","","","No","No","No","","",""
"34196389","","2026-01-13 00:00:00","","Jael","","","Rowe","","","","","","","jaelrowe@gmail.com","","","","537 Nara Visa Ln","537 Nara Visa Ln","Fritch","TX","79036","USA","","","","","","","","$0.00","$0.00","","$0.00","TRUE","FALSE","TRUE","Parent","","","","FALSE","2026-01-13 16:42:32","2026-01-13 16:42:33","Levi","","No","No","No","","","494"
"34138133","","2026-01-12 00:00:00","","Adelynn","","","Beaver","","","","","","","lawrence_alicia2010@yahoo.com","","+13307273503","","","","","","","","","","","","","","","$0.00","$0.00","","$0.00","FALSE","FALSE","TRUE","","","","","FALSE","2026-01-12 14:57:02","2026-01-17 01:41:26","","","No","No","No","","",""
"34138132","","2026-01-12 00:00:00","","Josh","","","Beaver","","","","","","","beaver_josh@yahoo.com","","+13307273945","","","","","","","","","","","","","","","$0.00","$0.00","","$0.00","FALSE","FALSE","TRUE","","","","","FALSE","2026-01-12 14:57:02","2026-01-17 01:41:26","","","No","No","No","","",""
"34115386","","2026-01-10 00:00:00","","Laura","","","Linson","","","","","","","terre.longe08@gmail.com","","","","11668 Palm Desert Pl","11668 Palm Desert Pl","Waldorf","MD","20602","USA","","","","","","","","$0.00","$0.00","","$0.00","TRUE","FALSE","TRUE","Parent","","","","FALSE","2026-01-10 23:16:15","2026-01-17 01:41:26","Isabelle Dell","","No","No","No","","","493"
"34099396","","2026-01-10 00:00:00","","Paula","","","Anderson","","","","","","","anderspjd89@gmail.com","","","","","","","","","","","","","","","","","$0.00","$0.00","","$0.00","TRUE","FALSE","TRUE","","","","","FALSE","2026-01-10 13:18:23","2026-01-17 01:41:26","","","No","No","No","","",""
"34063005","","2026-01-09 00:00:00","","Szabolcs","","","Velin","","","","","","","velinszasza@gmail.com","","","","","","","","","","","","","","","","","$0.00","$0.00","","$0.00","TRUE","FALSE","TRUE","Parent","","","","FALSE","2026-01-09 08:14:59","2026-01-17 01:41:26","Botond","","No","No","No","","","492"
"34023408","","2026-01-08 00:00:00","","Susan","","","Blankenship","","","","","","","icle@icloud.com","","+12564264828","","","","","","","","","","","","","","","$0.00","$0.00","","$0.00","FALSE","FALSE","TRUE","","","","","FALSE","2026-01-08 01:53:50","2026-01-17 01:41:26","","","No","No","No","","",""
"33875957","","2026-01-05 00:00:00","","Raul","","","Caracheo","","","","","","","raul_c.drums@hotmail.com","","","","00","","Tamaulipas","0","83700","MEX","","","","","","","","$0.00","$0.00","","$0.00","TRUE","FALSE","TRUE","Newsletter Signup - Top, BBSOAS Parent and/or Patient","","","","FALSE","2026-01-05 18:02:09","2026-01-17 01:41:26","Ana Regina Caracheo","","No","No","No","","","491"
"33837538","","2026-01-04 00:00:00","","Maggie","","","Nicholl","","","","","","","jenhiggins117@hotmail.com","","+12159012859","","","","","","","","","","","","","","","$0.00","$0.00","","$0.00","TRUE","TRUE","TRUE","","","","","FALSE","2026-01-04 17:51:38","2026-04-09 15:37:52","","","No","No","No","","",""
"33837537","","2026-01-04 00:00:00","","Eric","","","Nicholl","","","","","","","jenhiggins117@hotmail.com","","+12159012859","","","","","","","","","","","","","","","$0.00","$18.00","","$0.00","TRUE","TRUE","TRUE","","","","","FALSE","2026-01-04 17:51:38","2026-04-09 15:37:52","","","No","No","No","","",""
"33837536","","2026-01-04 00:00:00","","Jennifer","","","Nicholl","","","","","","","jenhiggins117@hotmail.com","","+12159012859","","116 N Chancellor St","","Newtown","PA","18940","USA","","","","","","","","$0.00","$250.00","","$0.00","TRUE","TRUE","TRUE","","","","","FALSE","2026-01-04 17:51:34","2026-01-17 01:41:26","","","No","No","No","","",""
"33835905","","2026-01-04 00:00:00","","Gretchen","","","Lyden","","","","","","","jglyden4@gmail.com","","+15852594637","","1013 Trout Lane","","Carolina Beach","NC","28428","USA","","","","","","","","$0.00","$100.00","$100.00","$0.00","TRUE","TRUE","TRUE","","","","","FALSE","2026-01-04 14:13:00","2026-01-17 01:41:26","","","No","No","No","","",""
"33819222","","2026-01-02 00:00:00","","ALBERTO","","","GARCIA ROBLES","","","","","","","agrobles1975@gmail.com","","","","Forn de raig 27","Forn de raig 27","Castellar del valles","Barcelona","08211","ESP","","","","","","","","$0.00","$0.00","","$0.00","TRUE","FALSE","TRUE","Parent","","","","FALSE","2026-01-02 18:08:36","2026-01-17 01:41:26","MARC GARCIA CATEL","","No","No","No","","","490"
"33816755","","2026-01-02 00:00:00","","Angela","","","Froisland","","","","","","","","","","","1652 8 1/2 St SE","","Rochester","MN","55904","USA","","","","","","","","$0.00","$100.00","$100.00","$0.00","FALSE","FALSE","TRUE","","","","","FALSE","2026-01-02 16:33:28","2026-01-17 01:41:26","","","No","No","No","","",""
"33800866","","2026-01-02 00:00:00","","Irene","","","Zapata","","","","","","","irenezapataezza@gmail.com","","","","","","","","","","","","","","","","","$0.00","$0.00","","$0.00","TRUE","FALSE","TRUE","Parent","","","","FALSE","2026-01-02 01:24:44","2026-01-17 01:41:26","Alejandrina gomez","","No","No","No","","","489"
"33795206","","2026-01-01 00:00:00","","Diane","","","Thorne","","","","","","","tenschamps@verizon.net","","+17038888854","","3520 Legacy Park Drive W","","Southport","NC","28461","USA","","","","","","","","$0.00","$30.00","$30.00","$0.00","FALSE","FALSE","TRUE","","","","","FALSE","2026-01-01 16:49:40","2026-01-17 01:41:26","","","No","No","No","","",""
"33778619","","2025-12-31 00:00:00","","Nancy","","","Amos","","","","","","","amosnm@sbcglobal.net","","+14426668345","","80442 Inverness Ct","","Indio","CA","92201-8925","USA","","","","","","","","$0.00","$100.00","$100.00","$0.00","TRUE","TRUE","TRUE","","","","","FALSE","2025-12-31 19:53:56","2026-01-17 01:41:26","","","No","No","No","","",""
"33750755","","2025-12-30 00:00:00","","Adam","","","O'Neill","","","","","","","oneill.adamc@gmail.com","","+13013327472","","31 Acorn Dr","","Annapolis","MD","21401","USA","","","","","","","","$0.00","$250.00","$250.00","$0.00","TRUE","TRUE","TRUE","","","","","FALSE","2025-12-30 21:50:34","2026-01-17 01:41:26","","","No","No","No","","",""
"33734147","","2025-12-30 00:00:00","","Nicholas","","","Black","","","","","","","nick@goodunited.io","","+17036284027","","720 Muirhead Road","","Mt. Pleasant","SC","29464","USA","","","","","","","","$0.00","$200.00","$200.00","$0.00","TRUE","TRUE","TRUE","","","","","FALSE","2025-12-30 18:06:48","2026-01-17 01:41:26","","","No","No","No","","",""
"33730936","","2025-12-30 00:00:00","","Archie Mackay","","","James","","","","","","","archiemj@hotmail.co.uk","","+447492402400","","2 Sheephouse Drive","","Bruton","Somerset","BA10 0FE","GBR","","","","","","","","$0.00","$100.00","$100.00","$0.00","TRUE","TRUE","TRUE","","","","","FALSE","2025-12-30 16:25:47","2026-06-11 17:25:43","","","No","No","No","","",""
"33728757","","2025-12-30 00:00:00","","Luke","","","Ezell","","","","","","","ksulezell@gmail.com","","+19136091351","","20502 W 79th Ter","","Shawnee","KS","66218","USA","","","","","","","","$0.00","$50.00","$50.00","$0.00","FALSE","FALSE","TRUE","","","","","FALSE","2025-12-30 15:25:25","2026-01-17 01:41:26","","","No","No","No","","",""
"33723824","","2025-12-30 00:00:00","","Suzanne","","","Black","","","","","","","black72@msn.com","","","","10418 Deerfoot Drive","","Great Falls","VA","22066","USA","","","","","","","","$0.00","$1,000.00","$1,000.00","$0.00","TRUE","FALSE","TRUE","","","","","FALSE","2025-12-30 12:42:49","2026-01-17 01:41:26","","","No","No","No","","",""
"33721691","","2025-12-30 00:00:00","","Maureen","","","Lobb","","","","","","","mohlobb@yahoo.com","","+14049095488","","147 15th St NE","Apt 11A","Atlanta","GA","30309","USA","","","","","","","","$0.00","$250.00","$250.00","$0.00","FALSE","FALSE","TRUE","","","","","FALSE","2025-12-30 01:57:49","2026-01-17 01:41:26","","","No","No","No","","",""
"33721588","","2025-12-30 00:00:00","","James","","","Caprio","","","","","","","jamescapku@gmail.com","","+18318097231","","8617 Stearns Street","","Overland Park","KS","66214","USA","","","","","","","","$0.00","$225.00","$100.00","$0.00","TRUE","TRUE","TRUE","","","","","FALSE","2025-12-30 01:46:59","2026-02-07 03:40:08","","","No","No","No","","",""
"33498435","","2025-12-25 00:00:00","","Rory","","","Cook","","","","","","","rorycook849@yahoo.co.uk","","+447464273086","","Lodge Cottage","East Hill Lane","Norwich","England","NR14 7EQ","GBR","","","","","","","","$0.00","$150.00","$75.00","$0.00","TRUE","TRUE","TRUE","","","","","FALSE","2025-12-25 12:26:45","2026-06-17 18:04:39","","","No","No","No","","",""
"33424478","","2025-12-22 00:00:00","","Stephen","","","Roesler","","","","","","","roesler.stephen@gmail.com","","+13103100095","","113 e 35th street","","new york","NY","10016","USA","","","","","","","","$0.00","$250.00","$250.00","$0.00","TRUE","TRUE","TRUE","","","","","FALSE","2025-12-22 22:01:28","2026-01-17 01:41:26","","","No","No","No","","",""
"33407233","","2025-12-22 00:00:00","","Courtney","","","Caprio","","","","","","","diannesitescaprio@gmail.com","courtneyscaprio@gmail.com","+18312776587","","","","","","","","","","","","","","","$0.00","$0.00","","$0.00","TRUE","TRUE","TRUE","","","","","FALSE","2025-12-22 15:07:11","2026-01-17 01:41:26","","","No","No","No","","",""
"33407232","","2025-12-22 00:00:00","","Meagan","","","Dosher","","","","","","","mpd853@gmail.com","","+18312776587","","","","","","","","","","","","","","","$0.00","$0.00","","$0.00","FALSE","TRUE","TRUE","","","","","FALSE","2025-12-22 15:07:11","2026-01-17 01:41:26","","","No","No","No","","",""
"33319993","","2025-12-18 00:00:00","","Jonathan","","","Nirk","","","","","","","nirkjonathan01@gmail.com","","","","213 Aviation Way, 57","213 Aviation Way, 57","Caldwell","ID","83605","USA","","","","","","","","$0.00","$0.00","","$0.00","TRUE","FALSE","TRUE","Parent","","","","FALSE","2025-12-18 23:07:31","2026-01-17 01:41:26","Gabriel","","No","No","No","","","488"
"33316812","","2025-12-18 00:00:00","","Stefanie","","","Hoffmann-von Bonin","","","","","","","s.hovobo@gmail.com","","","","Forstweg 68","Forstweg 68","Berlin","Berlin","13465","DEU","","","","","","","","$0.00","$0.00","","$0.00","TRUE","FALSE","TRUE","Parent","","","","FALSE","2025-12-18 21:57:02","2026-01-17 01:41:26","Josefine","","No","No","No","","","487"
"33308575","","2025-12-18 00:00:00","","Ivan","","","La Torraca","","","","","University of Verona","","ivan.latorraca@aovr.veneto.it","","","","","","","","","","","","","","","","","$0.00","$0.00","","$0.00","TRUE","FALSE","TRUE","Researchers/Clinicians","","","","FALSE","2025-12-18 18:15:33","2026-01-17 01:41:26","","","No","No","No","","",""
"33242961","","2025-12-17 00:00:00","","Jean charles","","","Metayer","","","","","","","chefjean@hotmail.com","","","","Kritis 2","Kritis 2","Maroussi","Athenes","15122","GRC","","","","","","","","$0.00","$0.00","","$0.00","TRUE","FALSE","TRUE","Parent","","","","FALSE","2025-12-17 04:54:09","2026-01-17 01:41:26","Helena","","No","No","No","","","486"
"33188362","","2025-12-15 00:00:00","","William","","","Stormont","","","","","","","wstormont@hotmail.co.uk","","+447729547031","","Scone Palace","","Perth","Perth and Kinross","PH2 6BD","GBR","Scone Palace, Estate Office, Perth, Perth and Kinross, PH2 6BD, GBR","","","","","","","$0.00","$500.00","$250.00","$0.00","FALSE","TRUE","TRUE","","","","","FALSE","2025-12-15 21:50:06","2026-06-09 19:38:04","","","No","No","No","","",""
"33072720","","2025-12-11 00:00:00","","Oliver","","","Harris","","","","","","","ojharris@outlook.com","","+447504877239","","67 Shirley Dr","","Brighton and Hove","England","BN3 6UB","GBR","","","","","","","","$0.00","$10.00","$10.00","$0.00","FALSE","FALSE","TRUE","","","","","FALSE","2025-12-11 22:25:28","2026-01-17 01:41:26","","","No","No","No","","",""
"32938553","","2025-12-10 00:00:00","","Esme","","","Renwick","","","","","","","11esmerenwick115@gmail.com","","+447360212962","","Flat 14 Walcot House","","Bath","BANES","Ba1 6dd","GBR","","","","","","","","$0.00","$10.00","$10.00","$0.00","TRUE","TRUE","TRUE","","","","","FALSE","2025-12-10 18:49:20","2026-01-17 01:41:26","","","No","No","No","","",""
"32931801","","2025-12-10 00:00:00","","Kathryn","","","Kim","","","","","","","kimbrynmawr@gmail.com","","+16508471347","","755 Santa Ynez St.","","Stanford","CA","94305-8478","USA","","","","","","","","$0.00","$55.00","","$0.00","TRUE","TRUE","TRUE","","","","","FALSE","2025-12-10 15:47:17","2026-04-08 22:14:52","","","No","No","No","","",""
"32922836","","2025-12-10 00:00:00","","Kaitlyn","","","Toledo","","","","","","","jadedragon043@hotmail.com","","","","1360 Willis St","","Redding","CA","96001","USA","","","","","","","","$0.00","$25.00","$25.00","$0.00","FALSE","FALSE","TRUE","","","","","FALSE","2025-12-10 01:56:26","2026-01-17 01:41:26","","","No","No","No","","",""
"32869126","","2025-12-09 00:00:00","","Emily","","","Drummond-Southwick","","","","","","","emily.ds1@gmail.com","","+447973511539","","35 Bourneville Road","","Bristol","Bristol","BS5 9AL","GBR","","","","","","","","$0.00","$10.00","$10.00","$0.00","FALSE","FALSE","TRUE","","","","","FALSE","2025-12-09 07:56:47","2026-01-17 01:41:26","","","No","No","No","","",""
"32864443","","2025-12-09 00:00:00","","Haley","","","Thelen","","","","","","","mmmackey@yahoo.com","","+14159486279","","","","","","","","","","","","","","","$0.00","$0.00","","$0.00","FALSE","FALSE","TRUE","","","","","FALSE","2025-12-09 00:45:02","2026-01-17 01:41:26","","","No","No","No","","",""
"32858309","","2025-12-08 00:00:00","","Daviid","","","Chave","","","","","","","david_chave@hotmail.com","","+447701390424","","Devonshire Avenue","Flat 21 Devonshire House","Sutton","Greater London","SM2 5JJ","GBR","","","","","","","","$0.00","$20.00","$20.00","$0.00","TRUE","TRUE","TRUE","","","","","FALSE","2025-12-08 21:26:22","2026-01-17 01:41:26","","","No","No","No","","",""
"32857653","","2025-12-08 00:00:00","","Estelle","","","Adins","","","","","","","estel.gallet@gmail.com","","","","50 Rue du Faubourg","50 Rue du Faubourg","Sellières","Franche-Comté/ Jura","39230","FRA","","","","","","","","$0.00","$0.00","","$0.00","TRUE","FALSE","TRUE","Parent","","","","FALSE","2025-12-08 20:50:01","2026-01-17 01:41:26","Matteo","","No","No","No","","","485"
"32839169","","2025-12-08 00:00:00","","Nathan","","","Howard","","","","","","","grindcrust@live.co.uk","","","","10 Shepherds Mead","Dilton Marsh","Westbury","Wiltshire","BA13 4DX","GBR","","","","","","","","$0.00","$20.00","$20.00","$0.00","TRUE","FALSE","TRUE","","","","","FALSE","2025-12-08 14:38:00","2026-01-17 01:41:26","","","No","No","No","","",""
"32838693","","2025-12-08 00:00:00","","Kuba","","","Krzysciak","","","","","","","krzysciakkuba@gmail.com","","+447377724407","","Halsbury Road East","","London","Middlesex","UB5 4PY","GBR","","","","","","","","$0.00","$7.00","$7.00","$0.00","FALSE","FALSE","TRUE","","","","","FALSE","2025-12-08 13:53:12","2026-01-17 01:41:26","","","No","No","No","","",""
"32819898","","2025-12-07 00:00:00","","12b","","","Holroyd","","","","","","","annabelvlh@gmail.com","","+447793483066","","Handforth Road","","London","England","SW9 0lp","GBR","","","","","","","","$0.00","$50.00","$50.00","$0.00","FALSE","FALSE","TRUE","","","","","FALSE","2025-12-07 19:59:46","2026-01-17 01:41:26","","","No","No","No","","",""
"32816755","","2025-12-07 00:00:00","","Clifford","","","Weber","","","","","","","cliff.weber.etfs@gmail.com","","+18623083844","","206 Lorraine Ave","","Spring Lake","NJ","07762","USA","","","","","","","","$0.00","$250.00","$250.00","$0.00","FALSE","FALSE","TRUE","","","","","FALSE","2025-12-07 17:14:44","2026-01-17 01:41:26","","","No","No","No","","",""
"32814051","","2025-12-07 00:00:00","","敏","","","胡","","","","","","","hummin900114@gmail.com","","","","","","","","","","","","","","","","","$0.00","$0.00","","$0.00","TRUE","FALSE","TRUE","Parent","","","","FALSE","2025-12-07 11:56:50","2026-01-17 01:41:26","胡家钧","","No","No","No","","","484"
"32813961","","2025-12-07 00:00:00","","Richard","","","Holroyd","","","","","","","richholroyd@gmail.com","","+447742227787","","40 Brattle Wood","","Sevenoaks, Sevenoaks","England","TN13 1QU","GBR","","","","","","","","$0.00","$105.00","$55.00","$0.00","FALSE","FALSE","TRUE","","","","","FALSE","2025-12-07 10:47:20","2026-06-09 18:54:04","","","No","No","No","","",""
"32813874","","2025-12-07 00:00:00","","Laura","","","Chadouteau","","","","","","","chadouteaulaura1984@gmail.com","","","","144 rue l’outarde Canepetière","144 rue l’outarde Canepetière","Le Grau-du-Roi","occitanie","30240","FRA","","","","","","","","$0.00","$0.00","","$0.00","TRUE","FALSE","TRUE","Parent","","","","FALSE","2025-12-07 09:26:46","2026-01-17 01:41:26","Laura","","No","No","No","","","483"
"32799125","","2025-12-06 00:00:00","","Gemma","","","Donnelly","","","","","","","ghdon@hotmail.co.uk","","","","Hunters Moon","Marsh Lane","Maidenhead","BERKSHIRE","SL6 0DE","GBR","","","","","","","","$0.00","$50.00","$50.00","$0.00","TRUE","FALSE","TRUE","","","","","FALSE","2025-12-06 20:30:51","2026-01-17 01:41:26","","","No","No","No","","",""
"32799043","","2025-12-06 00:00:00","","Joseph","","","Kitchingham","","","","","","","jvkitchingham@gmail.com","","+447843688420","","5 Eardley Place","Grange Farm","Milton Keynes","Buckinghamshire ","MK8 0PN","GBR","","","","","","","","$0.00","$30.00","$30.00","$0.00","FALSE","FALSE","TRUE","","","","","FALSE","2025-12-06 20:26:24","2026-01-17 01:41:26","","","No","No","No","","",""
"32793482","","2025-12-06 00:00:00","","Pippa","","","Martin","","","","","","","pmhmartin@hotmail.co.uk","","","","Meadow Cottage","Oakhurst Lane","Loxwood","Loxwood","RH14 0QR","GBR","","","","","","","","$0.00","$100.00","$100.00","$0.00","TRUE","FALSE","TRUE","","","","","FALSE","2025-12-06 18:16:37","2026-01-17 01:41:26","","","No","No","No","","",""
"32793019","","2025-12-06 00:00:00","","Jessica","","","Batt","","","","","","","jessica_batt01@hotmail.co.uk","","+447722143267","","90 Bexwell Road","","Downham Market","England","PE38 9LH","GBR","","","","","","","","$0.00","$20.00","$20.00","$0.00","FALSE","FALSE","TRUE","","","","","FALSE","2025-12-06 17:53:12","2026-01-17 01:41:26","","","No","No","No","","",""
"32791116","","2025-12-06 00:00:00","","Lynette","","","Steel","","","","","","","rotherwickpumpkins@gmail.com","","","","6 Lampards Close","","Rotherwick","Rotherwick","RG27 9BW","GBR","","","","","","","","$0.00","$50.00","$50.00","$0.00","TRUE","FALSE","TRUE","","","","","FALSE","2025-12-06 17:32:31","2026-01-17 01:41:26","","","No","No","No","","",""
"32790570","","2025-12-06 00:00:00","","Mollica","","","Am","","","","","","","am.mollica01@gmail.com","","+19178081061","","3151 33rd Street","","Astoria","NY","11106","USA","","","","","","","","$0.00","$50.00","$50.00","$0.00","FALSE","FALSE","TRUE","","","","","FALSE","2025-12-06 17:06:43","2026-01-17 01:41:26","","","No","No","No","","",""
"32782431","","2025-12-06 00:00:00","","Mrs Melanie","","","Esslemont","","","","","","","flowerworkscav@hotmail.co.uk","","","","36 Grosvenor rd Caversham","","Caversham","BERKSHIRE","RG45EN","GBR","","","","","","","","$0.00","$250.00","$250.00","$0.00","TRUE","FALSE","TRUE","","","","","FALSE","2025-12-06 14:07:19","2026-01-17 01:41:26","","","No","No","No","","",""
"32781782","","2025-12-06 00:00:00","","Alex","","","Esslemont","","","","","","","esslemont01@hotmail.co.uk","","","","36 Grosvenor Rd","Caversham","Reading","Berkshire","RG4 5EN","GBR","","","","","","","","$0.00","$250.00","$250.00","$0.00","TRUE","FALSE","TRUE","","","","","FALSE","2025-12-06 12:42:26","2026-01-17 01:41:26","","","No","No","No","","",""
"32750371","","2025-12-05 00:00:00","","Ginny","","","Mayer","","","","","","","ginnymayer@comcast.net","","+14848811848","","8 Jasmine Ct","","Malvern","PA","19355","USA","","","","","","","","$0.00","$250.00","$250.00","$0.00","TRUE","TRUE","TRUE","","","","","FALSE","2025-12-05 22:23:59","2026-01-17 01:41:26","","","No","No","No","","",""
"32747753","","2025-12-05 00:00:00","","Alistair","","","Jefferson","","","","","","","asjefferson@hotmail.co.uk","","+447824700160","","1 Tokens Cotage","Oakhurst Lane","loxwood","","RH14 0QR","GBR","","","","","","","","$0.00","$450.00","$450.00","$0.00","FALSE","FALSE","TRUE","","","","","FALSE","2025-12-05 21:25:53","2026-01-17 01:41:26","","","No","No","No","","",""
"32747583","","2025-12-05 00:00:00","","Bianca","","","Gomez","","","","","","","luzbiancagomez@gmail.com","","+13238198735","","1928 North Berendo Street","","Los Angeles ","CA","90027","USA","","","","","","","","$0.00","$100.00","$100.00","$0.00","TRUE","TRUE","TRUE","","","","","FALSE","2025-12-05 21:18:28","2026-01-17 01:41:26","","","No","No","No","","",""
"32734085","","2025-12-05 00:00:00","","Jamie","","","Orpwood","","","","","","","jamieorpwood@hotmail.com","","+447917834964","","Olde Pottery","Burrows Hill","Ewelme","Oxfordshire ","OX10 6HR","GBR","","","","","","","","$0.00","$50.00","$50.00","$0.00","TRUE","TRUE","TRUE","","","","","FALSE","2025-12-05 20:02:51","2026-01-17 01:41:26","","","No","No","No","","",""
"32696365","","2025-12-05 00:00:00","","Mike","","","Gaughran","","","","","","","surfmg@yahoo.co.uk","","+447789071840","","44 Hill Road","","Folkestone","England","CT19 6JU","GBR","","","","","","","","$0.00","$50.00","$50.00","$0.00","FALSE","FALSE","TRUE","","","","","FALSE","2025-12-05 10:34:51","2026-01-17 01:41:26","","","No","No","No","","",""
"32693371","","2025-12-05 00:00:00","","Ryan","","","Boyle","","","","","","","ryanboyle44@gmail.com","","+16096519647","","15 heritage hills ct","","skillman","NJ","08558","USA","","","","","","","","$0.00","$100.00","$100.00","$0.00","TRUE","TRUE","TRUE","","","","","FALSE","2025-12-05 02:58:32","2026-01-17 01:41:26","","","No","No","No","","",""
"32674505","","2025-12-04 00:00:00","","Mary","","","Salamone","","","","","","","marys@gkgrisk.com","","+13156572321","","7642 WILD TURKEY","","Liverpool","NY","13090","USA","","","","","","","","$0.00","$125.00","$125.00","$0.00","FALSE","FALSE","TRUE","","","","","FALSE","2025-12-04 20:05:06","2026-01-17 01:41:26","","","No","No","No","","",""
"32665529","","2025-12-04 00:00:00","","Claire","","","Warren","","","","","","","claire.elizabeth.lester@gmail.com","","+12814330143","","14442 Gleaming Rose Dr","","Cypress","TX","77429","USA","","","","","","","","$0.00","$500.00","$500.00","$0.00","FALSE","FALSE","TRUE","","","","","FALSE","2025-12-04 17:20:57","2026-01-17 01:41:26","","","No","No","No","","",""
"32664075","","2025-12-04 00:00:00","","Cristine","","","Broccoli","","","","","","","cristineb@gkgrisk.com","","+13152694466","","16001 E Jefferson Ave","2","Grosse Pointe Park","MI","48230","USA","","","","","","","","$0.00","$50.00","$50.00","$0.00","TRUE","TRUE","TRUE","","","","","FALSE","2025-12-04 16:36:25","2026-01-17 01:41:26","","","No","No","No","","",""
"32663149","","2025-12-04 00:00:00","","Sally","","","Lawrence","","","","","","","sallyelawrence@yahoo.co.uk","","","","00","","Gloucester","00","gl4 6xe","GBR","","","","","","","","$0.00","$0.00","","$0.00","TRUE","FALSE","TRUE","Newsletter, Grandparent","","","","FALSE","2025-12-04 15:52:50","2026-01-17 01:41:26","Keatley","","No","No","No","2015","",""
"32654790","","2025-12-04 00:00:00","","Mandy","","","Smith","","","","","","","mandysmith.cwp@gmail.com","","","","5 Burton Walk","","East Leake","England","LE12 6LB","GBR","","","","","","","","$0.00","$50.00","$50.00","$0.00","FALSE","FALSE","TRUE","","","","","FALSE","2025-12-04 13:29:04","2026-01-17 01:41:26","","","No","No","No","","",""
"32644261","","2025-12-04 00:00:00","","Nicola","","","Spalding","","","","","","","greencarnicnoc@gmail.com","","+447917172458","","Heath Farm, Loddon Road","","Broome","Bungay","NR352RJ","GBR","","","","","","","","$0.00","$50.00","$50.00","$0.00","TRUE","TRUE","TRUE","","","","","FALSE","2025-12-04 08:10:24","2026-01-17 01:41:26","","","No","No","No","","",""
"32642949","","2025-12-04 00:00:00","","Kyle","","","Nicholls","","","","","","","kylenicholls1857@gmail.com","","+18133893327","","4912 Redgrass Cir","","Garner","NC","27529","USA","","","","","","","","$0.00","$50.00","$50.00","$0.00","TRUE","TRUE","TRUE","","","","","FALSE","2025-12-04 04:06:59","2026-01-17 01:41:26","","","No","No","No","","",""
"32642928","","2025-12-04 00:00:00","","Joseph","","","Setchell","","","","","","","josephsetchell@gmail.com","","","","14 Boston Rd","","Neptune City","NJ","07753","USA","","","","","","","","$0.00","$50.00","$50.00","$0.00","TRUE","FALSE","TRUE","","","","","FALSE","2025-12-04 04:04:46","2026-01-17 01:41:26","","","No","No","No","","",""
"32639110","","2025-12-04 00:00:00","","Beverly","","","Hill","","","","","","","beverlykhill@hotmail.com","","+447725640299","","66 Thirsk Road","","London","London","SW11 5SX","GBR","","","","","","","","$0.00","$50.00","$50.00","$0.00","TRUE","TRUE","TRUE","","","","","FALSE","2025-12-04 00:58:22","2026-01-17 01:41:26","","","No","No","No","","",""
"32636418","","2025-12-04 00:00:00","","Lisa","","","Marino","","","","","","","lisa.marino1@yahoo.com","","+18124065099","","2007 Utica Pike","","Jeffersonville","IN","47130","USA","","","","","","","","$0.00","$100.00","$100.00","$0.00","TRUE","TRUE","TRUE","","","","","FALSE","2025-12-04 00:03:50","2026-01-17 01:41:26","","","No","No","No","","",""
"32587629","","2025-12-03 00:00:00","","Kimberly","","","Meloy","","","","","","","francokimberly@gmail.com","","+18142074923","","304 Beaumont Dr","","Altoona","PA","16602","USA","","","","","","","","$0.00","$50.00","$50.00","$0.00","FALSE","TRUE","TRUE","","","","","FALSE","2025-12-03 21:46:14","2026-04-08 11:14:52","","","No","No","No","","",""
"32583333","","2025-12-03 00:00:00","","Matt","","","Heslin","","","","","","","matt@heslinholdings.com","","+17143364712","","30991 Steeplechase Dr","","San Juan Capistrano","CA","92675","USA","","","","","","","","$0.00","$1,000.00","$1,000.00","$0.00","TRUE","TRUE","TRUE","","","","","FALSE","2025-12-03 19:17:40","2026-01-17 01:41:26","","","No","No","No","","",""
"32583232","","2025-12-03 00:00:00","","Sarah","","","Jones","","","","","","","sarahlread@hotmail.co.uk","","+447816487860","","Apple Tree Cottage, Oakshade Road","","Oxshott","Surrey","KT22 0LF","GBR","","","","","","","","$0.00","$25.00","$25.00","$0.00","TRUE","TRUE","TRUE","","","","","FALSE","2025-12-03 19:14:06","2026-01-17 01:41:26","","","No","No","No","","",""
"32580476","","2025-12-03 00:00:00","","Zofia","","","Jasnikowska-Wood","","","","","","","zofiajasnikowska@hotmail.co.uk","","+447845531697","","384 Walpole Rd","","Slough","England","SL1 6PP","GBR","","","","","","","","$0.00","$25.00","$25.00","$0.00","FALSE","FALSE","TRUE","","","","","FALSE","2025-12-03 17:54:48","2026-01-17 01:41:26","","","No","No","No","","",""
"32577490","","2025-12-03 00:00:00","","Christine","","","Berdine","","","","","","","cberdine@cbacoounting.com","","+19493063609","","28842 Greenacres","","Mission Viejo","CA","92692","USA","","","","","","","","$0.00","$500.00","$500.00","$0.00","FALSE","FALSE","TRUE","","","","","FALSE","2025-12-03 16:32:06","2026-01-17 01:41:26","","","No","No","No","","",""
"32572275","","2025-12-03 00:00:00","","Polly","","","Brompton","","","","","","","pollybrompton@yahoo.co.uk","","+447973656403","","The Corner House","Mill Road","Alpington","Norfolk","NR14 7PQ","GBR","","","","","","","","$0.00","$105.00","$55.00","$0.00","TRUE","TRUE","TRUE","","","","","FALSE","2025-12-03 16:08:29","2026-06-01 07:48:21","","","No","No","No","","",""
"32571677","","2025-12-03 00:00:00","","Mark","","","Pellegrino","","","","","","","markpellegrino@gmail.com","","+13155691009","","141 Wooleys Drive","","Southampton","NY","11968","USA","","","","","","","","$0.00","$100.00","$100.00","$0.00","TRUE","TRUE","TRUE","","","","","FALSE","2025-12-03 16:07:21","2026-01-17 01:41:26","","","No","No","No","","",""
"32569968","","2025-12-03 00:00:00","","Lauren","","","Benzie","","","","","","","lauren_w_90@hotmail.co.uk","","+447930667611","","31 Stompits Road","","Bray, Windsor and Maidenhead","England","SL6 2LD","GBR","","","","","","","","$0.00","$50.00","$50.00","$0.00","TRUE","TRUE","TRUE","","","","","FALSE","2025-12-03 16:03:55","2026-01-17 01:41:26","","","No","No","No","","",""
"32566793","","2025-12-03 00:00:00","","Hamish","","","Martin","","","","","","","martin.martin27@gmail.com","","+13104633050","","390 Somerset Circle","","Thousand oaks","CA","91360","USA","","","","","","","","$0.00","$100.00","$100.00","$0.00","FALSE","FALSE","TRUE","","","","","FALSE","2025-12-03 15:57:19","2026-01-17 01:41:26","","","No","No","No","","",""
"32552663","","2025-12-03 00:00:00","","Mandy","","","Pedecine","","","","","","","ajpedecine@gmail.com","","+18504452142","","12 Brentwood Court","","Basking Ridge","NJ","07920","USA","","","","","","","","$0.00","$250.00","$250.00","$0.00","FALSE","FALSE","TRUE","","","","","FALSE","2025-12-03 12:13:17","2026-01-17 01:41:26","","","No","No","No","","",""
"32552524","","2025-12-03 00:00:00","","Laura","","","Hodgkinson","","","","","","","hodgi_1@hotmail.com","","","","6 hilton close","","manningtree","Essex","co11 1de","GBR","","","","","","","","$0.00","$40.00","$40.00","$0.00","FALSE","FALSE","TRUE","","","","","FALSE","2025-12-03 12:01:11","2026-01-17 01:41:26","","","No","No","No","","",""
"32552353","","2025-12-03 00:00:00","","Rita","","","Morgado da Silva","","","","","","","aritasilvast@gmail.com","","+447479955849","","26 Windmill View","","Brighton and Hove","England","BN1 8TU","GBR","","","","","","","","$0.00","$50.00","$50.00","$0.00","FALSE","TRUE","TRUE","","","","","FALSE","2025-12-03 11:39:29","2026-05-19 20:16:29","","","No","No","No","","",""
"32551695","","2025-12-03 00:00:00","","Joelle","","","Pettitt","","","","","","","joellepettitt@gmail.com","","","","85 altwood road","","Maidenhead","Berkshire","Sl6 4ps","GBR","","","","","","","","$0.00","$50.00","$50.00","$0.00","TRUE","FALSE","TRUE","","","","","FALSE","2025-12-03 08:23:20","2026-01-17 01:41:26","","","No","No","No","","",""
"32551583","","2025-12-03 00:00:00","","Ashley","","","Filby","","","","","","","filbyashley97@gmail.com","","+447736941125","","62 Muriel Road","","Norwich","England","NR23NZ","GBR","62 Muriel Rd, Norwich, England, NR2 3NZ, GBR","","","","","","","$0.00","$385.00","$250.00","$0.00","TRUE","TRUE","TRUE","","","","","FALSE","2025-12-03 07:57:08","2026-06-19 08:32:14","","","No","No","No","","",""
"32551525","","2025-12-03 00:00:00","","Kayleigh","","","Kew","","","","","","","kayleigh.m.kew@gmail.com","","+447877638470","","25 Harrow Road","","London","London","E11 3PS","GBR","","","","","","","","$0.00","$75.00","$75.00","$0.00","TRUE","TRUE","TRUE","","","","","FALSE","2025-12-03 07:42:28","2026-01-17 01:41:26","","","No","No","No","","",""
"32551506","","2025-12-03 00:00:00","","Jen","","","Child","","","","","","","jbkuhn@hotmail.co.uk","","+447595583473","","73 Palmerston Road","Wimbledon ","London","","SW19 1PG","GBR","","","","","","","","$0.00","$50.00","$50.00","$0.00","TRUE","TRUE","TRUE","","","","","FALSE","2025-12-03 07:38:08","2026-01-17 01:41:26","","","No","No","No","","",""
"32550171","","2025-12-03 00:00:00","","Keyla","","","Marquez","","","","","","","hi@keylamarquez.com","","+13238681843","","741 E 20th St","","Los Angeles","CA","90011","USA","","","","","","","","$0.00","$100.00","$100.00","$0.00","TRUE","TRUE","TRUE","","","","","FALSE","2025-12-03 05:40:33","2026-01-17 01:41:26","","","No","No","No","","",""
"32548735","","2025-12-03 00:00:00","","Cynthia","","","Bartra","","","","","","","cynthia.chaidez@gmail.com","","+14088289714","","3775 Latrobe Street","","Los Angeles","CA","90031","USA","","","","","","","","$0.00","$100.00","$100.00","$0.00","FALSE","FALSE","TRUE","","","","","FALSE","2025-12-03 04:37:58","2026-01-17 01:41:26","","","No","No","No","","",""
"32548171","","2025-12-03 00:00:00","","John C","","","Pina","","","","","","","wilier-reforms3a@icloud.com","","+12134475646","","1964 N Kenmore Ave","","Los Angeles","CA","90027","USA","","","","","","","","$0.00","$250.00","$250.00","$0.00","TRUE","TRUE","TRUE","","","","","FALSE","2025-12-03 04:20:52","2026-01-17 01:41:26","","","No","No","No","","",""
"32547964","","2025-12-03 00:00:00","","Andria","","","Ferree","","","","","","","andrialf@gmail.com","","","","1003 ohanlon ct","","Oviedo","FL","32765","USA","","","","","","","","$0.00","$30.00","$30.00","$0.00","TRUE","FALSE","TRUE","","","","","FALSE","2025-12-03 04:14:29","2026-01-17 01:41:26","","","No","No","No","","",""
"32542761","","2025-12-03 00:00:00","","David","","","Kirpan","","","","","","","david.kirpan@gmail.com","","","","16 Alpine Trail","","Tinton Falls","NJ","07712","USA","","","","","","","","$0.00","$25.00","$25.00","$0.00","FALSE","FALSE","TRUE","","","","","FALSE","2025-12-03 03:48:13","2026-01-17 01:41:26","","","No","No","No","","",""
"32539239","","2025-12-03 00:00:00","","Tiffanie","","","Vo","","","","","","","coanhv@gmail.com","","+19492380646","","","","","","","","","","","","","","","$0.00","$1,000.00","$500.00","$0.00","TRUE","TRUE","TRUE","","","","","FALSE","2025-12-03 03:41:40","2026-01-17 01:41:26","","","No","No","No","","",""
"32537541","","2025-12-03 00:00:00","","April","","","Hiltabidle","","","","","","","mommybidle@aim.com","","+18564256924","","723 Lincoln Dr.","","Mount Laurel","NJ","08054","USA","","","","","","","","$0.00","$25.00","$25.00","$0.00","TRUE","TRUE","TRUE","","","","","FALSE","2025-12-03 03:38:20","2026-01-17 01:41:26","","","No","No","No","","",""
"32536210","","2025-12-03 00:00:00","","Hannah","","","Soar","","","","","","","hannah_soar@icloud.com","","+13476335198","","19 Widgeon lane","","Sag harbor","NY","11963","USA","","","","","","","","$0.00","$100.00","$100.00","$0.00","TRUE","TRUE","TRUE","","","","","FALSE","2025-12-03 03:35:42","2026-01-17 01:41:26","","","No","No","No","","",""
"32533885","","2025-12-03 00:00:00","","James","","","Wong","","","","","","","pjw1510@yahoo.com","","+16302691206","","1510 61st Street","","Downers Grove","IL","60516","USA","","","","","","","","$0.00","$250.00","$250.00","$0.00","TRUE","TRUE","TRUE","","","","","FALSE","2025-12-03 03:31:17","2026-01-17 01:41:26","","","No","No","No","","",""
"32527579","","2025-12-03 00:00:00","","Karen","","","Rowe","","","","","","","krowe949@aol.com","","+16313798078","","2189 Danwood Place","","The Villages","FL","32162","USA","","","","","","","","$0.00","$100.00","$100.00","$0.00","TRUE","TRUE","TRUE","","","","","FALSE","2025-12-03 03:19:10","2026-01-17 01:41:26","","","No","No","No","","",""
"32526571","","2025-12-03 00:00:00","","Sherri","","","Evers","","","","","","","shirevers@gmail.com","","","","6814 E Warwick Lake Ln","","Spring","TX","77389-1540","USA","","","","","","","","$0.00","$500.00","$500.00","$0.00","TRUE","FALSE","TRUE","","","","","FALSE","2025-12-03 03:17:14","2026-01-17 01:41:26","","","No","No","No","","",""
"32509779","","2025-12-03 00:00:00","","Robert","","","Read","","","","","","","bob.read117@gmail.com","","+14127807630","","127 Cool Springs Ln","","Harrison City","PA","15636","USA","","","","","","","","$0.00","$200.00","$200.00","$0.00","FALSE","FALSE","TRUE","","","","","FALSE","2025-12-03 02:44:51","2026-01-17 01:41:26","","","No","No","No","","",""
"32502087","","2025-12-03 00:00:00","","Leah","","","Dunn","","","","","","","fenway8@hotmail.com","","+15083953798","","1221 E Tuckey Ln","","Phoenix","AZ","85014","USA","","","","","","","","$0.00","$100.00","$100.00","$0.00","FALSE","FALSE","TRUE","","","","","FALSE","2025-12-03 02:30:09","2026-01-17 01:41:26","","","No","No","No","","",""
"32500812","","2025-12-03 00:00:00","","Dawn","","","Myers","","","","","","","idiotabroadusa@gmail.com","","+18323315611","","7211 Panther ridge Drive","","Spring","TX","77389","USA","","","","","","","","$0.00","$50.00","$50.00","$0.00","TRUE","TRUE","TRUE","","","","","FALSE","2025-12-03 02:26:34","2026-01-17 01:41:26","","","No","No","No","","",""
"32500234","","2025-12-03 00:00:00","","Jean","","","Dinges","","","","","","","jeandinges@gmail.com","","+18143293398","","125 Allegheny Drive","","Hollidaysburg","PA","16648","USA","","","","","","","","$0.00","$50.00","$50.00","$0.00","FALSE","FALSE","TRUE","","","","","FALSE","2025-12-03 02:17:04","2026-01-17 01:41:26","","","No","No","No","","",""
"32498667","","2025-12-03 00:00:00","","Maria","","","McNeely","","","","","","","mariaclaremcneely@gmail.com","","+14436046036","","2353 Cambridge Walk","","Baltimore","MD","21224","USA","","","","","","","","$0.00","$250.00","$250.00","$0.00","TRUE","TRUE","TRUE","","","","","FALSE","2025-12-03 01:55:10","2026-01-17 01:41:26","","","No","No","No","","",""
"32496089","","2025-12-03 00:00:00","","Cynthia","","","Storm","","","","","","","psp5cs@atlanticbb.net","","+18143294771","","244 Bonnie Ln","","Hollidaysburg","PA","16648","USA","","","","","","","","$0.00","$50.00","$50.00","$0.00","FALSE","FALSE","TRUE","","","","","FALSE","2025-12-03 01:31:53","2026-01-17 01:41:26","","","No","No","No","","",""
"32494005","","2025-12-03 00:00:00","","Robert","","","Smith","","","","","","","timsmith31452@gmail.com","","+15025929388","","1748 Utica Pike","","Jeffersonville ","IN","47130","USA","","","","","","","","$0.00","$250.00","$250.00","$0.00","TRUE","TRUE","TRUE","","","","","FALSE","2025-12-03 01:13:48","2026-01-17 01:41:26","","","No","No","No","","",""
"32493602","","2025-12-03 00:00:00","","Joao","","","DeLima","","","","","","","mariamichelle1111@gmail.com","","+14123357891","","225 South Atlantic Avenue","","Pittsburgh","PA","15217","USA","","","","","","","","$0.00","$50.00","$50.00","$0.00","TRUE","TRUE","TRUE","","","","","FALSE","2025-12-03 01:07:46","2026-01-17 01:41:26","","","No","No","No","","",""
"32493465","","2025-12-03 00:00:00","","Sara","","","Merrill","","","","","","","saralengler@yahoo.com","","+17178779066","","219 Red Fox Dr","","Duncansville","PA","16635","USA","","","","","","","","$0.00","$150.00","$150.00","$0.00","FALSE","FALSE","TRUE","","","","","FALSE","2025-12-03 01:05:47","2026-01-17 01:41:26","","","No","No","No","","",""
"32492305","","2025-12-03 00:00:00","","Steven","","","Oliveira","","","","","","","steven.oliveira@gmail.com","","+15087891929","","64 Lowery Lane","","Mendham","NJ","07945","USA","","","","","","","","$0.00","$500.00","$500.00","$0.00","FALSE","FALSE","TRUE","","","","","FALSE","2025-12-03 00:48:40","2026-01-17 01:41:26","","","No","No","No","","",""
"32490959","","2025-12-03 00:00:00","","Shannon","","","Rowe","","","","","","","smr158@aol.com","","+17187579099","","6 Gale Ln","","Brookhaven","NY","11772","USA","","","","","","","","$0.00","$50.00","$50.00","$0.00","TRUE","TRUE","TRUE","","","","","FALSE","2025-12-03 00:32:09","2026-01-17 01:41:26","","","No","No","No","","",""
"32488280","","2025-12-03 00:00:00","","Erin","","","Vandermer","","","","","","","envandermer@gmail.com","","+14129131456","","136 Prosser Dr","","Monongahela","PA","15063","USA","","","","","","","","$0.00","$100.00","$100.00","$0.00","TRUE","TRUE","TRUE","","","","","FALSE","2025-12-03 00:02:03","2026-01-17 01:41:26","","","No","No","No","","",""
"32487699","","2025-12-02 00:00:00","","Nicole","","","Fleck","","","","","","","nicolefleck14@gmail.com","","","","126 Mallard Lane","","Duncansville","PA","16635","USA","","","","","","","","$0.00","$100.00","$100.00","$0.00","FALSE","FALSE","TRUE","","","","","FALSE","2025-12-02 23:57:34","2026-01-17 01:41:26","","","No","No","No","","",""
"32486489","","2025-12-02 00:00:00","","Bradley","","","Houseknecht","","","","","","","bradhouseknecht@gmail.com","","","","225 barneys way","","Duncansville","PA","16635","USA","","","","","","","","$0.00","$100.00","$100.00","$0.00","TRUE","FALSE","TRUE","","","","","FALSE","2025-12-02 23:47:45","2026-01-17 01:41:26","","","No","No","No","","",""
"32486044","","2025-12-02 00:00:00","","Shannon","","","Kelly","","","","","","","shannonkelly113@icloud.com","","+16463143682","","5734 Faraday Avenue","","Bronx","NY","10471","USA","","","","","","","","$0.00","$100.00","$100.00","$0.00","TRUE","TRUE","TRUE","","","","","FALSE","2025-12-02 23:44:03","2026-01-17 01:41:26","","","No","No","No","","",""
"32485299","","2025-12-02 00:00:00","","Kristina","","","McNeely","","","","","","","kristinashaw@hotmail.com","","+17724756785","","107 Buttercup Terrace","","Milford","PA","18337","USA","","","","","","","","$0.00","$100.00","$100.00","$0.00","TRUE","TRUE","TRUE","","","","","FALSE","2025-12-02 23:35:55","2026-01-17 01:41:26","","","No","No","No","","",""
"32484751","","2025-12-02 00:00:00","","Dan","","","Sabo","","","","","","","dsabo@gmail.com","","+18458202196","","100 Garret Ct","","Milford","PA","18337","USA","","","","","","","","$0.00","$50.00","$50.00","$0.00","FALSE","FALSE","TRUE","","","","","FALSE","2025-12-02 23:27:04","2026-01-17 01:41:26","","","No","No","No","","",""
"32484528","","2025-12-02 00:00:00","","Alison","","","Sawyer","","","","","","","asawyer2424@yahoo.com","","+18148806547","","25 Bedford st","","Hollidaysburg ","PA","16648","USA","","","","","","","","$0.00","$20.00","$20.00","$0.00","FALSE","TRUE","TRUE","","","","","FALSE","2025-12-02 23:23:03","2026-01-17 01:41:26","","","No","No","No","","",""
"32484047","","2025-12-02 00:00:00","","Anna","","","Squilla","","","","","","","annasquilla@gmail.com","","+14122927074","","700 Bellaire Avenue","","Pittsburgh","PA","15226","USA","","","","","","","","$0.00","$10.00","$10.00","$0.00","FALSE","FALSE","TRUE","","","","","FALSE","2025-12-02 23:15:26","2026-01-17 01:41:26","","","No","No","No","","",""
"32483261","","2025-12-02 00:00:00","","Kimberly","","","Lorusso","","","","","","","kimberlyloru@aol.com","","+16313798079","","1885 Browning St","","Baldwin","NY","11510","USA","","","","","","","","$0.00","$100.00","$100.00","$0.00","TRUE","TRUE","TRUE","","","","","FALSE","2025-12-02 23:07:06","2026-01-17 01:41:26","","","No","No","No","","",""
"32483146","","2025-12-02 00:00:00","","Toni","","","Hartman","","","","","","","tonihartman@yahoo.com","","+14129538161","","135 Lincoln Drive","","Fayette City","PA","15438","USA","","","","","","","","$0.00","$100.00","$100.00","$0.00","TRUE","TRUE","TRUE","","","","","FALSE","2025-12-02 23:05:13","2026-01-17 01:41:26","","","No","No","No","","",""
"32482970","","2025-12-02 00:00:00","","Coleen","","","Mazzella","","","","","","","coleenthornley@gmail.com","","+13025280457","","496 Harvest View Dr","","Venetia","PA","15367","USA","","","","","","","","$0.00","$20.00","$20.00","$0.00","TRUE","TRUE","TRUE","","","","","FALSE","2025-12-02 23:02:19","2026-01-17 01:41:26","","","No","No","No","","",""
"32482601","","2025-12-02 00:00:00","","Nathan","","","Webster","","","","","","","nathanwebster@gmail.com","","+447706287532","","29 Halifax Close","Worplesdon","Guildford","Surrey","GU3 3FN","GBR","","","","","","","","$0.00","$100.00","$100.00","$0.00","FALSE","FALSE","TRUE","","","","","FALSE","2025-12-02 22:58:09","2026-01-17 01:41:26","","","No","No","No","","",""
"32482373","","2025-12-02 00:00:00","","Clare","","","Hill","","","","","","","claresawers@hotmail.co.uk","","+447971447616","","Coates Farm","Stanton Long","Much Wenlock","Shropshire","TF136LQ","GBR","Coates Farm, Stanton Long, Much Wenlock, Shropshire, TF13 6LQ, GBR","","","","","","","$0.00","$335.00","$250.00","$0.00","FALSE","FALSE","TRUE","","","","","FALSE","2025-12-02 22:54:29","2026-05-22 23:05:06","","","No","No","No","","",""
"32480448","","2025-12-02 00:00:00","","Muriel","","","PÉREZ BOLADO","","","","","","","murielperezbolado@hotmail.com","","+34608866707","","Calle General Ceballos 17, 3º C","","Torrelavega","Cantabria","39300","ESP","","","","","","","","$0.00","$50.00","$50.00","$0.00","TRUE","TRUE","TRUE","","","","","FALSE","2025-12-02 22:46:22","2026-01-17 01:41:26","","","No","No","No","","",""
"32475739","","2025-12-02 00:00:00","","Miss","","","Esslemont","","","","","","","yoo_hoo_its_only_me@hotmail.co.uk","","","","40 Green lanes","Wylde Green","Sutton Coldfield","WestMidlands","B73 5JW","GBR","","","","","","","","$0.00","$50.00","$50.00","$0.00","FALSE","FALSE","TRUE","","","","","FALSE","2025-12-02 21:50:54","2026-01-17 01:41:26","","","No","No","No","","",""
"32475136","","2025-12-02 00:00:00","","Clare","","","Allen","","","","","","","clareallen0109@gmail.com","","+447878594015","","74 Napier Road","","London","Greater London","E11 3JZ","GBR","","","","","","","","$0.00","$150.00","$150.00","$0.00","FALSE","FALSE","TRUE","","","","","FALSE","2025-12-02 21:41:32","2026-01-17 01:41:26","","","No","No","No","","",""
"32473205","","2025-12-02 00:00:00","","Alicia","","","Drew","","","","","","","aliciadrew4@gmail.com","","+447946871353","","6 Richmond Cl","","Honingham","England","NR9 5BP","GBR","","","","","","","","$0.00","$20.00","$20.00","$0.00","TRUE","TRUE","TRUE","","","","","FALSE","2025-12-02 21:25:57","2026-01-17 01:41:26","","","No","No","No","","",""
"32469180","","2025-12-02 00:00:00","","Kelynn","","","B","","","","","","","kelynnsmith@gmail.com","","+15025449375","","","","","","","","","","","","","","","$0.00","$0.00","","$0.00","TRUE","TRUE","TRUE","","","","","FALSE","2025-12-02 20:55:11","2026-01-17 01:41:26","","","No","No","No","","",""
"32464680","","2025-12-02 00:00:00","","Jonathan","","","Maley","","","","","","","jonathan@jonathanmaley.com","","+15709565436","","1968 Foothill Wy","","Layton","UT","84040","USA","","","","","","","","$0.00","$250.00","$250.00","$0.00","FALSE","TRUE","TRUE","","","","","FALSE","2025-12-02 20:46:34","2026-04-08 12:38:17","","","No","No","No","","",""
"32462479","","2025-12-02 00:00:00","","Sam","","","Loomes","","","","","","","slbuildingservices9@gmail.com","","+447876141107","","148 Sutton Road ","Terrington St Clement ","Kings Lynn ","England","PE34 4EU","GBR","","","","","","","","$0.00","$100.00","$100.00","$0.00","TRUE","TRUE","TRUE","","","","","FALSE","2025-12-02 20:40:17","2026-01-17 01:41:26","","","No","No","No","","",""
"32461835","","2025-12-02 00:00:00","","Minaal","","","Khan","","","","","","","minaalk@hotmail.com","","","","30 copper beech house","","Woking","United kingdom","Gu227bb","GBR","","","","","","","","$0.00","$50.00","$50.00","$0.00","FALSE","FALSE","TRUE","","","","","FALSE","2025-12-02 20:37:22","2026-01-17 01:41:26","","","No","No","No","","",""
"32461200","","2025-12-02 00:00:00","","Peter","","","Gornall","","","","","","","petegornall@hotmail.com","","+447791792880","","Vabråten 107","","Vettre","","1392","NOR","","","","","","","","$0.00","$50.00","$50.00","$0.00","TRUE","TRUE","TRUE","","","","","FALSE","2025-12-02 20:35:19","2026-01-17 01:41:26","","","No","No","No","","",""
"32449873","","2025-12-02 00:00:00","","Flora","","","Farquharson","","","","","","","florafarq@yahoo.co.uk","","+447813035295","","Chapel Cottage","4 high street","Headcorn","Kent","Tn27 9ne","GBR","4 High St, Headcorn, England, TN27 9NE, GBR","","","","","","","$0.00","$121.00","$55.00","$0.00","TRUE","TRUE","TRUE","","","","","FALSE","2025-12-02 19:45:34","2026-06-12 13:49:34","","","No","No","No","","",""
"32449480","","2025-12-02 00:00:00","","Enid","","","Hurtado-Stremming","","","","","","","enidstremming@gmail.com","","+18582290838","","11300 Cassidy Ln","","Louisville","KY","40229","USA","","","","","","","","$0.00","$50.00","$50.00","$0.00","TRUE","TRUE","TRUE","","","","","FALSE","2025-12-02 19:44:43","2026-01-17 01:41:26","","","No","No","No","","",""
"32447971","","2025-12-02 00:00:00","","Thomas","","","Mackay-James","","","","","","","tommackayjames@gmail.com","","+447811948698","","28 Dolben court","Regency Street","London","Greater London","SW1P 4BB","GBR","28 Dolben Court, Regency Street, Montaigne Close, Greater London, SW1P 4BB, GBR","","","","","","","$0.00","$175.00","$75.00","$0.00","FALSE","FALSE","TRUE","","","","","FALSE","2025-12-02 19:39:37","2026-06-20 07:11:26","","","No","No","No","","",""
"32447003","","2025-12-02 00:00:00","","James","","","Lindsay","","","","","","","fionatmaher@gmail.com","","+353858516288","","Lelagh","","Rathcabbin","Tipperar","R42 N596","IRL","","","","","","","","$0.00","$20.00","$20.00","$0.00","TRUE","TRUE","TRUE","","","","","FALSE","2025-12-02 19:33:32","2026-01-17 01:41:26","","","No","No","No","","",""
"32446207","","2025-12-02 00:00:00","","David","","","Reavley","","","","","","","djreavley@gmail.com","","+447568513695","","37 Aster Way","","Cambridge","","CB4 2XR","GBR","","","","","","","","$0.00","$50.00","$50.00","$0.00","TRUE","TRUE","TRUE","","","","","FALSE","2025-12-02 19:29:17","2026-01-17 01:41:26","","","No","No","No","","",""
"32445121","","2025-12-02 00:00:00","","David","","","Gaughran","","","","","","","davidgaughran@hotmail.com","","+447515112532","","4 poppy close,","","Clenchwarton","Norfolk","PE34 4FL","GBR","","","","","","","","$0.00","$250.00","$250.00","$0.00","FALSE","FALSE","TRUE","","","","","FALSE","2025-12-02 19:25:08","2026-01-17 01:41:26","","","No","No","No","","",""
"32444200","","2025-12-02 00:00:00","","Ryan","","","Moss","","","","","","","rjmoss5@gmail.com","","+17038504880","","1641 Wellshire Lane","","Atlanta","GA","30338","USA","","","","","","","","$0.00","$100.00","$100.00","$0.00","TRUE","TRUE","TRUE","","","","","FALSE","2025-12-02 19:19:42","2026-01-17 01:41:26","","","No","No","No","","",""
"32444192","","2025-12-02 00:00:00","","Jenna","","","Goldstein","","","","","","","jennabgoldstein@gmail.com","","+19542928749","","3213 Huntington","","Weston","FL","33332","USA","","","","","","","","$0.00","$25.00","$25.00","$0.00","FALSE","TRUE","TRUE","","","","","FALSE","2025-12-02 19:19:40","2026-01-17 01:41:26","","","No","No","No","","",""
"32443786","","2025-12-02 00:00:00","","Deborah","","","Gaughran","","","","","","","deborahgaugh@gmail.com","","+447845194755","","4 poppy Close","4 poppy close","Clenchwarton, King's Lynn and West Norfolk","England","PE34 4FL","GBR","","","","","","","","$0.00","$100.00","$100.00","$0.00","TRUE","TRUE","TRUE","","","","","FALSE","2025-12-02 19:16:18","2026-01-17 01:41:26","","","No","No","No","","",""
"32442919","","2025-12-02 00:00:00","","Sam","","","Gaughran","","","","","","","sam.klcf@gmail.com","","+447931095176","","92 Saxonbury Way","","Peterborough","England","PE2 9FB","GBR","","","","","","","","$0.00","$25.00","$25.00","$0.00","TRUE","TRUE","TRUE","","","","","FALSE","2025-12-02 19:10:24","2026-01-17 01:41:26","","","No","No","No","","",""
"32440222","","2025-12-02 00:00:00","","Beth","","","Hampson","","","","","","","bdhampson@gmail.com","","+447824700056","","15 Sheephouse Road ","","Maidenhead","England ","Sl6 8es","GBR","","","","","","","","$0.00","$10.00","$10.00","$0.00","TRUE","TRUE","TRUE","","","","","FALSE","2025-12-02 18:59:29","2026-01-17 01:41:26","","","No","No","No","","",""
"32434384","","2025-12-02 00:00:00","","Theresa","","","Valach","","","","","","","tvalach11@yahoo.com","","+16308026311","","480 Columbine Ln","","Bolingbrook","IL","60440","USA","","","","","","","","$0.00","$50.00","$50.00","$0.00","FALSE","FALSE","TRUE","","","","","FALSE","2025-12-02 18:38:05","2026-01-17 01:41:26","","","No","No","No","","",""
"32421927","","2025-12-02 00:00:00","","Adam","","","Gaughran","","","","","","","adamgaughran@gmail.com","","+447850621380","","24 swinney Lane","","Belper","Derbyshire ","DE56 1Ef","GBR","","","","","","","","$0.00","$50.00","$50.00","$0.00","FALSE","FALSE","TRUE","","","","","FALSE","2025-12-02 17:16:07","2026-01-17 01:41:26","","","No","No","No","","",""
"32420941","","2025-12-02 00:00:00","","Eloise","","","Carrow","","","","","","","eloisecarrow@hotmail.com","","+447512663849","","5 Stanhope Place","","London","","W2 2HB","GBR","","","","","","","","$0.00","$100.00","$100.00","$0.00","TRUE","TRUE","TRUE","","","","","FALSE","2025-12-02 17:03:02","2026-01-17 01:41:26","","","No","No","No","","",""
"32420724","","2025-12-02 00:00:00","","Ellen","","","Popov","","","","","","","popov.ellen@gmail.com","","+17703171911","","5131 W Jones Bridge Rd","","Peachtree Corners","GA","30092","USA","","","","","","","","$0.00","$50.00","$50.00","$0.00","TRUE","TRUE","TRUE","","","","","FALSE","2025-12-02 17:00:06","2026-01-17 01:41:26","","","No","No","No","","",""
"32415905","","2025-12-02 00:00:00","","Lucy","","","Berwick","","","","","","","lucy62@live.co.uk","","+447519619802","","109 The St","","Costessey","England","NR8 5DF","GBR","","","","","","","","$0.00","$50.00","$50.00","$0.00","FALSE","FALSE","TRUE","","","","","FALSE","2025-12-02 16:44:00","2026-01-17 01:41:26","","","No","No","No","","",""
"32412525","","2025-12-02 00:00:00","","Richard","","","Carrow","","","","","","","r.j.carrow@btinternet.com","","+447806335527","","Adbury","Laundry House","Newbury","Hampshire","RG20 4HD","GBR","Laundry House, Adbury, Newbury, Berkshire, RG20 4HD, GBR","","","","","","","$0.00","$500.00","$250.00","$0.00","TRUE","TRUE","TRUE","","","","","FALSE","2025-12-02 16:36:09","2026-01-18 12:51:12","","","No","No","No","","",""
"32399334","","2025-12-02 00:00:00","","Liisa","","","LynchMcCarthy","","","","","","","liisa_lynch@hotmail.com","","+13462340514","","10 Larchfield Court","","Tomball","TX","77375","USA","","","","","","","","$0.00","$100.00","$100.00","$0.00","TRUE","TRUE","TRUE","","","","","FALSE","2025-12-02 15:48:05","2026-01-17 01:41:26","","","No","No","No","","",""
"32390221","","2025-12-02 00:00:00","","MICHAEL","","","GERBER","","","","","","","mikegerber1173@gmail.com","","+12604027902","","4010 Horman Rd","","Fort Wayne","IN","46816","USA","","","","","","","","$0.00","$100.00","$100.00","$0.00","FALSE","TRUE","TRUE","","","","","FALSE","2025-12-02 15:12:12","2026-01-17 01:41:26","","","No","No","No","","",""
"32389954","","2025-12-02 00:00:00","","Lauren","","","Brindle","","","","","","","lauren.p.mcmillan@me.com","","+17012690584","","1219 N 1st St","","Bismarck","ND","58501","USA","","","","","","","","$0.00","$50.00","$50.00","$0.00","FALSE","FALSE","TRUE","","","","","FALSE","2025-12-02 15:07:54","2026-01-17 01:41:26","","","No","No","No","","",""
"32389340","","2025-12-02 00:00:00","","Kiri","","","Brown","","","","","","","kiri.macfarlane@gmail.com","","+447541911019","","1 Rowan Walk, Knight Street","","Sawbridgeworth","Herts","CM21 9EF","GBR","","","","","","","","$0.00","$50.00","$50.00","$0.00","FALSE","FALSE","TRUE","","","","","FALSE","2025-12-02 14:56:17","2026-01-17 01:41:26","","","No","No","No","","",""
"32389259","","2025-12-02 00:00:00","","Rosie","","","Carrow","","","","","","","rosie.carrow@gmail.com","","+447584627383","","1 Harvard Apartments","14 Wyndham Road","London","","SE5 0BS","GBR","","","","","","","","$0.00","$155.00","$55.00","$0.00","TRUE","TRUE","TRUE","","","","","FALSE","2025-12-02 14:54:54","2026-05-27 21:29:44","","","No","No","No","","",""
"32389060","","2025-12-02 00:00:00","","Krzysztof","","","Kulpa","","","","","","","k11lpa@yahoo.com","","","","19","Church Lane","London","Surrey","KT9 2DJ","GBR","","","","","","","","$0.00","$1,000.00","$1,000.00","$0.00","FALSE","FALSE","TRUE","","","","","FALSE","2025-12-02 14:51:05","2026-01-17 01:41:26","","","No","No","No","","",""
"32386003","","2025-12-02 00:00:00","","Anne","","","Kelly","","","","","","","akelly1@hvc.rr.com","","+18455276268","","113 Fries Ln","","Walden","NY","12586","USA","","","","","","","","$0.00","$100.00","$100.00","$0.00","TRUE","TRUE","TRUE","","","","","FALSE","2025-12-02 13:54:34","2026-01-17 01:41:26","","","No","No","No","","",""
"32383136","","2025-12-02 00:00:00","","Mrs","","","Shipley","","","","","","","angelaships@hotmail.co.uk","","+447788994893","","9 Kingswood Close","","Norwich","Brooke","NR151HU","GBR","","","","","","","","$0.00","$50.00","$50.00","$0.00","FALSE","FALSE","TRUE","","","","","FALSE","2025-12-02 13:28:59","2026-01-17 01:41:26","","","No","No","No","","",""
"32381236","","2025-12-02 00:00:00","","Elizabeth","","","Gordon","","","","","","","lizziegordon@outlook.com","","+447517224442","","74 Hindmans Road","74","London","London","SE22 9NG","GBR","","","","","","","","$0.00","$1,000.00","$1,000.00","$0.00","TRUE","TRUE","TRUE","","","","","FALSE","2025-12-02 11:37:26","2026-01-17 01:41:26","","","No","No","No","","",""
"32379314","","2025-12-02 00:00:00","","Hugh","","","Hemsley","","","","","","","hfmhemsley@googlemail.com","","+447717761585","","Starve Lark Farm","Nordrach Lane","Compton Martin","Somerset","BS40 6LJ","GBR","","","","","","","","$0.00","$100.00","$100.00","$0.00","FALSE","FALSE","TRUE","","","","","FALSE","2025-12-02 10:21:28","2026-01-17 01:41:26","","","No","No","No","","",""
"32374269","","2025-12-02 00:00:00","","Virginia","","","Williams","","","","","","","virginia.williams664@gmail.com","","+447887967318","","79 Mycenae Road","","London","London","Se37se","GBR","","","","","","","","$0.00","$50.00","$50.00","$0.00","FALSE","FALSE","TRUE","","","","","FALSE","2025-12-02 08:38:59","2026-01-17 01:41:26","","","No","No","No","","",""
"32374247","","2025-12-02 00:00:00","","Mrs Sarah L","","","Hodgson","","","","","","","slh7483@gmail.com","","+447585660571","","16 Read Way","Coningsby","Lincoln","","LN4 4JX","GBR","","","","","","","","$0.00","$15.00","$15.00","$0.00","TRUE","TRUE","TRUE","","","","","FALSE","2025-12-02 08:24:42","2026-01-17 01:41:26","","","No","No","No","","",""
"32316486","","2025-12-01 00:00:00","","Dom","","","Waters","","","","","","","domwaters2012@live.com","","+447506135271","","Flat 4, 32 Frognal","","London","Greater London","NW3 6AG","GBR","","","","","","","","$0.00","$100.00","$100.00","$0.00","FALSE","FALSE","TRUE","","","","","FALSE","2025-12-01 22:07:10","2026-01-17 01:41:26","","","No","No","No","","",""
"32273559","","2025-12-01 00:00:00","","Gina","","","Hughes","","","","","","","ginahughes95@gmail.com","","+16303300429","","1250 Lily Cache Ln","Apt 215","Bolingbrook ","IL","60490","USA","","","","","","","","$0.00","$50.00","$50.00","$0.00","TRUE","TRUE","TRUE","","","","","FALSE","2025-12-01 20:34:23","2026-01-17 01:41:26","","","No","No","No","","",""
"32256121","","2025-12-01 00:00:00","","Samuel","","","Kirby","","","","","","","samjkirby14@gmail.com","","","","172 The Rowans","Milton","Cambridge","CAMBRIDGESHIRE","CB24 6YX","GBR","","","","","","","","$0.00","$50.00","$50.00","$0.00","FALSE","FALSE","TRUE","","","","","FALSE","2025-12-01 18:40:14","2026-01-17 01:41:26","","","No","No","No","","",""
"32202619","","2025-12-01 00:00:00","","Mary","","","Wong","","","","","","","mwong@duch.com","","","","2233 Keim Rd","","Naperville","IL","60565","USA","","","","","","","","$0.00","$250.00","$250.00","$0.00","TRUE","FALSE","TRUE","","","","","FALSE","2025-12-01 02:50:17","2026-01-17 01:41:26","","","No","No","No","","",""
"32196307","","2025-11-30 00:00:00","","Maxime","","","Gousse","","","","","","","maximegousse@gmail.com","","+15146917247","","9 Rue Brook","","Knowlton","QC","J0E 1V0","CAN","","","","","","","","$0.00","$100.00","$100.00","$0.00","FALSE","TRUE","TRUE","","","","","FALSE","2025-11-30 22:28:29","2026-03-01 16:22:19","","","No","No","No","","",""
"32195192","","2025-11-30 00:00:00","","Nora","","","Fleck","","","","","","","froggy734@aol.com","","+17022985299","","2819 China Cove St","","Laughlin","NV","89029","USA","","","","","","","","$0.00","$500.00","$500.00","$0.00","FALSE","TRUE","TRUE","","","","","FALSE","2025-11-30 21:09:33","2026-01-17 01:41:26","","","No","No","No","","",""
"32195149","","2025-11-30 00:00:00","","Philip","","","Tweedie","","","","","","","orilliaphil@gmail.com","","+17059559050","","111 Julia Crescent","","Orillia","ON","L3V 7X3","CAN","","","","","","","","$0.00","$250.00","$250.00","$0.00","TRUE","TRUE","TRUE","","","","","FALSE","2025-11-30 21:06:22","2026-01-17 01:41:26","","","No","No","No","","",""
"32185423","","2025-11-30 00:00:00","","Robert","","","Lamont","","","","","","","bob@foundrycottage.co.uk","","+447729835790","","31 North Street","","Burnham Market","England","PE31 8HG","GBR","","","","","","","","$0.00","$290.00","$250.00","$0.00","FALSE","TRUE","TRUE","","","","","FALSE","2025-11-30 16:52:53","2026-06-13 14:36:17","","","No","No","No","","",""
"32183416","","2025-11-30 00:00:00","","Alison","","","Lamont","","","","","","","ali.lamont@btinternet.com","","+447976264469","","Lodge Cottage, East Hill Lane Bramerton","","Norwich","Norfolk","NR14 7EQ","GBR","East Hill Lane, Lodge Cottage, Bramerton Norwich, Norfolk, NR14 7EQ, GBR; East Hill Lane, Lodge Cottage, Norwich, Norfolk, NR14 7EQ, GBR","","","","","","","$0.00","$1,188.00","$86.00","$0.00","TRUE","TRUE","TRUE","","","","","FALSE","2025-11-30 13:22:19","2026-07-01 09:26:10","","","No","No","No","","",""
"32182704","","2025-11-30 00:00:00","","Jazmine","","","Bullen","","","","","","","jazmine@butchergroup.co.uk","","+447850507624","","8","Levens close","Poulton","Lancashire","FY6 8NJ","GBR","","","","","","","","$0.00","$100.00","$100.00","$0.00","FALSE","FALSE","TRUE","","","","","FALSE","2025-11-30 08:37:06","2026-01-17 01:41:26","","","No","No","No","","",""
"32174940","","2025-11-30 00:00:00","","Stella","","","Rodrigues","","","","","","","bad.heavy@gmail.com","","+5535998323344","","","","","","","","","","","","","","","$0.00","$0.00","","$0.00","TRUE","TRUE","TRUE","","","","","FALSE","2025-11-30 01:15:17","2026-01-17 01:41:26","","","No","No","No","","",""
"32167106","","2025-11-29 00:00:00","","Tom","","","Gornall","","","","","","","tjgornall@gmail.com","","+447557738470","","27 Marten Road","","London","London","E174NL","GBR","","","","","","","","$0.00","$50.00","$50.00","$0.00","FALSE","FALSE","TRUE","","","","","FALSE","2025-11-29 18:29:25","2026-01-17 01:41:26","","","No","No","No","","",""
"32164874","","2025-11-29 00:00:00","","Dorothea","","","Pease","","","","","","","dorothea.pease@gmail.com","","","","58 Prothero Road","","London","London","SW6 7LZ","GBR","","","","","","","","$15.00","$200.00","$15.00","$0.00","TRUE","FALSE","TRUE","","","","","FALSE","2025-11-29 16:37:48","2026-08-29 21:35:17","","","No","No","No","","",""
"32164720","","2025-11-29 00:00:00","","Nicholas","","","Waters","","","","","","","watnic03@icloud.com","","+447952183823","","5 almond close","","London","England","Se15 4uh","GBR","","","","","","","","$0.00","$50.00","$50.00","$0.00","FALSE","TRUE","TRUE","","","","","FALSE","2025-11-29 16:22:23","2026-04-27 17:16:56","","","No","No","No","","",""
"32163923","","2025-11-29 00:00:00","","Richard","","","Cook","","","","","","","richardcook62@icloud.com","","+447377992644","","Lodge Cottage, Easthill Lane","","Bramerton","Norfolk","NR14 7EQ","GBR","Lodge Cottage, Easthill Lane, Bramerton, South Norfolk, Norfolk, NR14 7EQ, GBR","","","","","","","$0.00","$204.59","$100.00","$0.00","TRUE","TRUE","TRUE","","","","","FALSE","2025-11-29 16:16:27","2026-06-01 11:41:00","","","No","No","No","","",""
"32162984","","2025-11-29 00:00:00","","Anthony","","","Carrow","","","","","","","aecarrow@icloud.com","aecarrow@me.com, thecarrows@proton.me","+447564984125","","1 Valentine Cottages","Petworth Road","Witley","Surrey","GU8 5LS","GBR","","","","","","","","$0.00","$1,262.25","$647.25","$0.00","TRUE","FALSE","TRUE","","","","","FALSE","2025-11-29 15:37:54","2026-04-08 21:24:21","","","No","No","No","","",""
"32162983","","2025-11-29 00:00:00","","Georgina","","","Cook","","","","","","","georginacook07@yahoo.co.uk","","+447748572720","","Easthill Lane ","Bramerton ","Norwich ","Norfolk ","NR147EQ","GBR","","","","","","","","$0.00","$50.00","$50.00","$0.00","TRUE","TRUE","TRUE","","","","","FALSE","2025-11-29 15:37:38","2026-01-17 01:41:26","","","No","No","No","","",""
"32097986","","2025-11-28 00:00:00","","Kinley","","","Clark","","","","","","","thefreeoutdoors@yahoo.ca","","+16137626232","","","","","","","","","","","","","","","$0.00","$0.00","","$0.00","FALSE","FALSE","TRUE","","","","","FALSE","2025-11-28 13:44:01","2026-01-17 01:41:26","","","No","No","No","","",""
"32097985","","2025-11-28 00:00:00","","Andrew","","","Clark","","","","","","","clarkbeatz@hotmail.com","","+16138681181","","00","","00","Ontario","m5v 3l9","CAN","","","","","","","","$0.00","$0.00","","$0.00","FALSE","FALSE","TRUE","Newsletter Signup - Top, BBSOAS Parent and/or Patient","","","","FALSE","2025-11-28 13:44:00","2026-01-17 01:41:26","Kinley Clark","","No","No","No","","","535"
"32086731","","2025-11-27 00:00:00","","Liz, Ash and Theo","","","Shaw-Reeves","","","","","","","lizzzy.s@hotmail.co.uk","","+447984060551","","","","","","","","","","","","","","","$0.00","$0.00","","$0.00","TRUE","TRUE","TRUE","","","","","FALSE","2025-11-27 10:22:34","2026-01-17 01:41:26","","","No","No","No","","",""
"32042955","","2025-11-26 00:00:00","","Kathleen","","","Hawkins","","","","","","","khawkins99@atmc.net","","","","2515 PARK RIDGE DR","","Southport","NC","28461","USA","","","","","","","","$0.00","$100.00","$100.00","$0.00","TRUE","FALSE","TRUE","BBSOAS family","sister of Dianne Caprio","","","FALSE","2025-11-26 14:37:39","2026-01-17 01:41:26","","","No","No","No","","",""
"31987999","","2025-11-25 00:00:00","","Lawrence","","","Gilroy III","","","","","Gilroy Kernan and Gilroy","","accounting@gkgrisk.com","","+13157688888","","210 Clinton Rd","","New Hartford","NY","13413","USA","","","","","","","","$0.00","$457.78","$125.00","$0.00","TRUE","TRUE","TRUE","","","","","FALSE","2025-11-25 21:09:30","2026-01-17 01:41:26","","","No","No","No","","",""
"31985957","","2025-11-25 00:00:00","","Amy","","","VanApeldoorn","","","","","","","amyv@gkgrisk.com","","+13159394201","","1035 Helderberg Avenue","","Schenectady","NY","12306","USA","","","","","","","","$0.00","$20.00","$20.00","$0.00","TRUE","TRUE","TRUE","","","","","FALSE","2025-11-25 21:02:33","2026-01-17 01:41:26","","","No","No","No","","",""
"31985812","","2025-11-25 00:00:00","","Peter","","","Miller","","","","","","","peter.luis.miller@gmail.com","","","","4912 Long Acre Dr","","Syracuse","NY","13215","USA","","","","","","","","$0.00","$100.00","$100.00","$0.00","FALSE","FALSE","TRUE","","","","","FALSE","2025-11-25 21:02:04","2026-01-17 01:41:26","","","No","No","No","","",""
"31983362","","2025-11-25 00:00:00","","Patrick","","","McNeely","","","","","","","patrickjmcneely12@gmail.com","","+19739036961","","4549 S Onondaga Rd","","Nedrow","NY","13120","USA","","","","","","","","$0.00","$250.00","$250.00","$0.00","TRUE","TRUE","TRUE","","","","","FALSE","2025-11-25 20:38:59","2026-01-17 01:41:26","","","No","No","No","","",""
"31914045","","2025-11-24 00:00:00","","Bea, Moll and Ant","","","Carrow","","","","","","","thecarrows@proton.me","","+447546520346","","","","","","","","","","","","","","","$0.00","$0.00","","$0.00","TRUE","TRUE","TRUE","","","","","FALSE","2025-11-24 17:24:57","2026-01-17 01:41:26","","","No","No","No","","",""
"31878805","","2025-11-23 00:00:00","","Martha","","","Barwick Turner","","","","","","","marthabarwick@msn.com","","+14106880965","","","","","","","","","","","","","","","$0.00","$0.00","","$0.00","TRUE","TRUE","TRUE","","","","","FALSE","2025-11-23 22:28:07","2026-01-17 01:41:26","","","No","No","No","","",""
"31753484","","2025-11-20 00:00:00","","Jordanna","","","Podesta","","","","","","","jrpodesta8@gmail.com","","","","00","","aa","FL","00000","USA","","","","","","","","$0.00","$0.00","","$0.00","TRUE","FALSE","TRUE","Parent, Newsletter","","","","FALSE","2025-11-20 16:19:00","2026-01-17 01:41:26","Gabriel","","No","No","No","","","481"
"31643047","","2025-11-19 00:00:00","","Natalia","","","Ossa","","","","","","","nataliaossa89@hotmail.com","","","","Carrera 45 # 16 Sur 149, 801","Carrera 45 # 16 Sur 149, 801","Medellín","Antioquia","050022","COL","","","","","","","","$0.00","$0.00","","$0.00","TRUE","FALSE","TRUE","Parent","","","","FALSE","2025-11-19 14:03:12","2026-01-17 01:41:26","Milagros cuartas Ossa","","No","No","No","2022","","482"
"31635876","","2025-11-19 00:00:00","","Adriana","","","Ramírez","","","","","","","ariadna1202sar@gmail.com","","","","","","","","","","","","","","","","","$0.00","$0.00","","$0.00","TRUE","FALSE","TRUE","Parent","","","","FALSE","2025-11-19 13:22:19","2026-01-17 01:41:26","Milagros Cuartas Ossa","","No","No","No","","","482"
"31549167","","2025-11-18 00:00:00","","Morgan","","","Gray","","","","","","","morganagray123@icloud.com","","","","","","","","","","","","","","","","","$0.00","$0.00","","$0.00","TRUE","FALSE","TRUE","BBSOAS family","Aunt to Margaret Stromberg","","","FALSE","2025-11-18 14:31:02","2026-01-17 01:41:26","","","No","No","No","","",""
"31459851","","2025-11-17 00:00:00","","Paula","","","Anderson","","","","","","","pjdande@ec.rr.com","","","","","","","","","","","","","","","","","$0.00","$0.00","","$0.00","TRUE","FALSE","TRUE","","","","","FALSE","2025-11-17 13:18:32","2026-01-17 01:41:26","","","No","No","No","","",""
"31419384","","2025-11-16 00:00:00","","Dianne","","","Caprio","","","","","","","diannesitescaprio@gmail.com","capriod14@ecu.edu","+18312776587","+18322776587, +17039752480","536 Riverwood Dr SE","536 Riverwood Dr SE","Bolivia","NC","28422-7994","USA","536 Riverwood Dr SE, Bolivia, NC 28422, USA; 536 Riverwood Drive Southeast, Bolivia, NC 28422, USA","","","","","","","$300.00","$6,600.00","$300.00","$0.00","TRUE","TRUE","TRUE","Parent","","","","FALSE","2025-11-16 19:39:04","2026-08-19 21:35:45","Courtney","","No","No","No","","","472"
"31062186","","2025-11-11 00:00:00","","Katharina","","","Nikolaj","","","","","","","katha_nikolaj@hotmail.com","","","","","","","","","","","","","","","","","$0.00","$0.00","","$0.00","TRUE","FALSE","TRUE","Parent","","","","FALSE","2025-11-11 08:23:50","2026-01-17 01:41:26","Tarol","","No","No","No","","","473"
"30845709","","2025-11-07 00:00:00","","Sophie","","","Veronica","","","","","","","sophiewilson1991@hotmail.com","","","","00","","Lancaster","00","la1 1aa","GBR","","","","","","","","$0.00","$0.00","","$0.00","TRUE","FALSE","TRUE","Parent, Newsletter","","","","FALSE","2025-11-07 19:52:11","2026-01-17 01:41:26","Elsie","","No","No","No","","","474"
"30805922","","2025-11-07 00:00:00","","Alix","","","Mimouni Oestereich","","","","","","","alix.oestereich@gmail.com","","+33623476658","","11 Av. Germaine Dulac","Appt 5","Rennes","Bretagne","35000","FRA","","","","","","","","$0.00","$65.00","$65.00","$0.00","TRUE","TRUE","TRUE","","","","","FALSE","2025-11-07 12:15:31","2026-01-17 01:41:26","","","No","No","No","","",""
"30790457","","2025-11-07 00:00:00","","Dan yu","","","Chio","","","","","","","biti022496@gmail.com","","","","","","","","","","","","","","","","","$0.00","$0.00","","$0.00","TRUE","FALSE","TRUE","Parent","","","","FALSE","2025-11-07 00:44:47","2026-01-17 01:41:26","Su Zixuan","","No","No","No","","","475"
"30769451","","2025-11-06 00:00:00","","趙丹丹","","","趙丹丹","","","","","","","biti022496@gmail.com","","","","00","","0","100","00000","TWN","","","","","","","","$0.00","$0.00","","$0.00","TRUE","FALSE","TRUE","Parent, Newsletter","","","","FALSE","2025-11-06 17:07:52","2026-01-17 01:41:26","Zi Suan Su","","No","No","No","","","476"
"30707280","","2025-11-05 00:00:00","","Valentina","","","D'Addio","","","","","","","va.lentinadaddio@libero.it","","","","Giulio Cesare, 10","Giulio Cesare, 10","Scarlino","GR","58020","ITA","","","","","","","","$0.00","$0.00","","$0.00","FALSE","FALSE","TRUE","Parent","","","","FALSE","2025-11-05 21:04:59","2026-01-17 01:41:26","Luca Matassi","","No","No","No","","","477"
"30486043","","2025-11-04 00:00:00","","Beatriz","","","Rodríguez","","","","","","","rodriguezmoyabeatriz@gmail.com","","","","Calle 19 Ote.","Calle 19 Ote.","Tecamachalco","Pue.","75483","MEX","","","","","","","","$0.00","$0.00","","$0.00","TRUE","FALSE","TRUE","Parent, Newsletter Signup - Top, BBSOAS Parent and/or Patient","","","","FALSE","2025-11-04 03:15:49","2026-01-17 01:41:26","Matías Alonzo Flores Rodríguez","","No","No","No","","","478"
"30336787","","2025-10-31 00:00:00","","Monica","","","Ballarini","","","","","","","m.ballarini@gmail.com","","","","","","","","","","","","","","","","","$0.00","$0.00","","$0.00","TRUE","FALSE","TRUE","Parent","","","","FALSE","2025-10-31 14:16:21","2026-01-17 01:41:26","Simone","","No","No","No","","","479"
"29944091","","2025-10-23 00:00:00","","Monika","","","Sramekova","","","","","","","monika.sramekova@seznam.cz","","","","00","","0","00","110 00","CZE","","","","","","","","$0.00","$0.00","","$0.00","TRUE","FALSE","TRUE","Parent, Newsletter","","","","FALSE","2025-10-23 14:38:16","2026-01-17 01:41:26","Samuel Gavoille","","No","No","No","","","466"
"29944017","","2025-10-23 00:00:00","","Travis","","","Crone","","","","","","","tecrecmc1@gmail.com","","","","00","","00","TX","00000","USA","","","","","","","","$0.00","$0.00","","$0.00","FALSE","FALSE","TRUE","Parent, Newsletter","","","","FALSE","2025-10-23 14:35:11","2026-01-17 01:41:26","Carol Rose","","No","No","No","","","467"
"29717529","","2025-10-16 00:00:00","","Danielle","","","Holland","","","","","","","danielle.holland2013@gmail.com","","","","708 kelli","708 kelli","Whitehouse","TX","75791","USA","","","","","","","","$0.00","$0.00","","$0.00","TRUE","FALSE","TRUE","Parent, Newsletter","","","","FALSE","2025-10-16 23:18:44","2026-01-17 01:41:26","Carol","","No","No","No","","","468"
"29682317","","2025-10-16 00:00:00","","Harriet","","","Carrow","","","","","","","hacarrow@gmail.com","","+447970959893","","Laundry House ","Adbury ","Newbury ","","RG20 4HD","GBR","","","","","","","","$0.00","$1,780.00","$60.00","$0.00","TRUE","TRUE","TRUE","Parent","","","","FALSE","2025-10-16 10:02:27","2026-06-24 11:23:50","Bea","","No","No","No","","","469"
"29677979","","2025-10-16 00:00:00","","Kirise","","","Kramer Manzanares","","","","","","","kkramer1014@gmail.com","","+12672803025","","6449 Maple Hill Ln","","Coopersburg","PA","18036","USA","","","","","","","","$0.00","$550.00","$550.00","$0.00","TRUE","TRUE","TRUE","","","","","FALSE","2025-10-16 01:39:37","2026-01-17 01:41:26","","","No","No","No","","",""
"29628093","","2025-10-14 00:00:00","","David","","","Morgan","","","","","Metropolitan Companies","","osm@mmgapts.com","","+16102887700","","2005 State Hill Rd","Suite 205","Wyomissing","PA","19610","USA","","","","","","","","$0.00","$1,000.00","$1,000.00","$0.00","TRUE","TRUE","TRUE","","","","","FALSE","2025-10-14 20:53:32","2026-01-17 01:41:26","","","No","No","No","","",""
"29538298","","2025-10-13 00:00:00","","Andrew","","","Drummond","","","","","","","andyjdrum@btinternet.com","","+447838587151","","2 Harvey Kent Gardens","","Bardney, Lincoln","","LN3 5XJ","GBR","","","","","","","","$0.00","$5.00","$5.00","$0.00","TRUE","TRUE","TRUE","","","","","FALSE","2025-10-13 13:04:04","2026-01-17 01:41:26","","","No","No","No","","",""
"29512711","","2025-10-12 00:00:00","","Test","","","Test","","","","","","","test@example.com","","","","","","","","","","","","","","","","","$0.00","$0.00","","$0.00","TRUE","FALSE","TRUE","","","","","FALSE","2025-10-12 12:30:02","2026-01-17 01:41:26","Pedro","","No","No","No","","",""
"29462261","","2025-10-10 00:00:00","","Molly & Anthony","","","Carrow","","","","","","","thecarrows@proton.me","","","","00","","Norfolk","0","SW1W 0NY","GBR","","","","","","","","$0.00","$0.00","","$0.00","TRUE","FALSE","TRUE","Newsletter, Parent","","","","FALSE","2025-10-10 13:44:24","2026-01-17 01:41:26","Beatrice","","No","No","No","Nov 2024","","455"
"29416961","","2025-10-09 00:00:00","","Katarzyna","","","Kmiecik","","","","","","","ktomkowicz@gmail.com","","","","0","","00","00","00-001","POL","","","","","","","","$0.00","$0.00","","$0.00","TRUE","FALSE","TRUE","Parent","","","","FALSE","2025-10-09 13:30:42","2026-01-17 01:41:26","Artur","","No","No","No","08/07/2014","","456"
"29414115","","2025-10-09 00:00:00","","Natacha","","","Blanchard","","","","","","","nblanchard001@gmail.com","","","","","","","","","","","","","","","","","$0.00","$0.00","","$0.00","TRUE","FALSE","TRUE","","","","","FALSE","2025-10-09 04:35:40","2026-01-17 01:41:26","Olivia","","No","No","No","","","457"
"29239625","","2025-10-06 00:00:00","","Tiffany","","","Mostaid","","","","","","","tiffany.valentin@gmail.com","","","","","","","","","","","","","","","","","$0.00","$0.00","","$0.00","TRUE","FALSE","TRUE","Parent","","","","FALSE","2025-10-06 14:43:14","2026-01-17 01:41:26","Jibril","","No","No","No","","","458"
"29191354","","2025-10-03 00:00:00","","Danielle","","","Wittig","","","","","","","daniellemwittig@gmail.com","","+12158691574","","133 Hidden Valley Lane","","Newtown","PA","18940","USA","","","","","","","","$0.00","$50.00","$50.00","$0.00","TRUE","TRUE","TRUE","","","","","FALSE","2025-10-03 23:31:17","2026-01-17 01:41:26","","","No","No","No","","",""
"29186791","","2025-10-03 00:00:00","","Stacey","","","McLaughlin","","","","","","","stacey.sandersmclaughlin@gmail.com","","+12156309449","","17 Belamour Drive","","Washington Crossing","PA","18977","USA","","","","","","","","$0.00","$250.00","$250.00","$0.00","FALSE","FALSE","TRUE","","","","","FALSE","2025-10-03 20:37:01","2026-01-17 01:41:26","","","No","No","No","","",""
"29030665","","2025-10-01 00:00:00","","Kimberly","","","Ferruzzi","","","","","","","kimberlyferruzzi@me.com","","+14703644362","","14515 Eighteenth Fairway","","Milton","GA","30004","USA","","","","","","","","$0.00","$325.00","$100.00","$0.00","TRUE","TRUE","TRUE","","","","","FALSE","2025-10-01 10:44:56","2026-03-11 15:21:27","","","No","No","No","","",""
"28979758","","2025-09-30 00:00:00","","Manon","","","Biancheri","","","","","","","manon.jeanjean01@gmail.com","","","","0","","Aude","0","12345","FRA","","","","","","","","$0.00","$0.00","","$0.00","TRUE","FALSE","TRUE","Parent","","","","FALSE","2025-09-30 14:15:11","2026-01-17 01:41:26","Andrea","","No","No","No","","","459"
"28977202","","2025-09-30 00:00:00","","Dean","","","Tomlinson","","","","","","","dean.tomlinson@vamllp.com","","","","21 Dombey Close","","Chelmsford","ESSEX","CM1 4YF","GBR","","","","","","","","$0.00","$50.00","$50.00","$0.00","TRUE","FALSE","TRUE","","","","","FALSE","2025-09-30 06:43:30","2026-01-17 01:41:26","","","No","No","No","","",""
"28873541","","2025-09-27 00:00:00","","Gianina","","","Meli","","","","","","","gmeli@sbcglobal.net","","+13133787746","","8058 ","Church Rd.","Grosse Ile","MI","48138","USA","","","","","","","","$0.00","$30.00","$30.00","$0.00","FALSE","FALSE","TRUE","","","","","FALSE","2025-09-27 22:26:58","2026-01-17 01:41:26","","","No","No","No","","",""
"28851450","","2025-09-27 00:00:00","","Eric","","","Wood","","","","","","","lickel.wood@csi.coop","","+15867539002","","670 West Cambourne Street","","Ferndale","MI","48220","USA","","","","","","","","$0.00","$250.00","$250.00","$0.00","FALSE","FALSE","TRUE","","","","","FALSE","2025-09-27 16:12:20","2026-01-17 01:41:26","","","No","No","No","","",""
"28847937","","2025-09-27 00:00:00","","Kirk R.","","","Freeman","","","","","R&K Commodities Transport LLC","","k.freeman6@me.com","","+12483204161","","417 East Kenilworth Ave.","","Royal Oak","MI","48067","USA","","","","","","","","$35.00","$420.00","$35.00","$0.00","TRUE","TRUE","TRUE","","","","","FALSE","2025-09-27 12:44:07","2026-08-27 21:34:42","","","No","No","No","","",""
"28784604","","2025-09-25 00:00:00","","Rebecca","","","Freeman","","","","","","","kfreeman6340@gmail.com","","+12483106340","","417 ","E. Kenilworth","Royal Oak","MI","48067","USA","","","","","","","","$0.00","$100.00","$100.00","$0.00","TRUE","TRUE","TRUE","","","","","FALSE","2025-09-25 16:46:26","2026-01-17 01:41:26","","","No","No","No","","",""
"28775117","","2025-09-25 00:00:00","","Jocelyn","","","Donaldson","","","","","","","jocelynkinny@live.com","","","","00","","gold coast","Qld","0000","AUS","U4/11 Vine Court, U4/11 Vine Court, Oxenford, QLD, 4210, AUS","","","","","","","$0.00","$0.00","","$0.00","TRUE","FALSE","TRUE","Parent, Newsletter","","","","FALSE","2025-09-25 14:49:24","2026-01-17 01:41:26","Hayden Donaldson","","No","No","No","2019","","453"
"28736084","","2025-09-24 00:00:00","","Stephen","","","Meier","","","","","","","smeierqby@outlook.com","","+15187605273","","205 Margaritaville Ave","","Hardeeville","SC","29927","USA","","","","","","","","$0.00","$100.00","$100.00","$0.00","FALSE","FALSE","TRUE","","","","","FALSE","2025-09-24 14:41:53","2026-01-17 01:41:26","","","No","No","No","","",""
"28677534","","2025-09-22 00:00:00","","Janet","","","Long","","","","","","","janetlong815@gmail.com","","+14123270246","","201 Patriots Way","","Mars","PA","16046","USA","","","","","","","","$0.00","$50.00","$50.00","$0.00","FALSE","FALSE","TRUE","","","","","FALSE","2025-09-22 18:22:52","2026-01-17 01:41:26","","","No","No","No","","",""
"28674588","","2025-09-22 00:00:00","","Marte Monaco","","","Kenny","","","","","","","sspanial@aol.com","","","","dd","","Philadelphia","PA","00000","USA","","","","","","","","$0.00","$0.00","","$0.00","TRUE","FALSE","TRUE","Parent, Newsletter","","","","FALSE","2025-09-22 16:42:05","2026-01-17 01:41:26","Chase","","No","No","No","","","454"
"28655614","","2025-09-21 00:00:00","","James","","","Wood","","","","","","","jimthedrummer@gmail.com","","+13474185749","","2549 45th st.","","Astoria","NY","11103","USA","","","","","","","","$0.00","$40.00","$40.00","$0.00","FALSE","FALSE","TRUE","","","","","FALSE","2025-09-21 18:48:26","2026-01-17 01:41:26","","","No","No","No","","",""